Customer ID,Customer Region,Customer City
CUST000001,East,Kolkata
CUST000002,South,Bengaluru
CUST000003,South,Bengaluru
CUST000004,North,Delhi NCR
CUST000005,Central,Nagpur
CUST000006,Central,Nagpur
CUST000007,South,Bengaluru
CUST000008,Central,Nagpur
CUST000009,West,Mumbai
CUST000010,Central,Nagpur
CUST000011,Central,Nagpur
CUST000012,East,Kolkata
CUST000013,North,Delhi NCR
CUST000014,Central,Nagpur
CUST000015,West,Mumbai
CUST000016,Central,Nagpur
CUST000017,Central,Nagpur
CUST000018,North,Delhi NCR
CUST000019,East,Kolkata
CUST000020,North,Delhi NCR
CUST000021,North,Delhi NCR
CUST000022,Central,Nagpur
CUST000023,Central,Nagpur
CUST000024,Central,Nagpur
CUST000025,Central,Nagpur
CUST000026,West,Mumbai
CUST000027,East,Kolkata
CUST000028,Central,Nagpur
CUST000029,East,Kolkata
CUST000030,West,Mumbai
CUST000031,South,Bengaluru
CUST000032,West,Mumbai
CUST000033,Central,Nagpur
CUST000034,West,Mumbai
CUST000035,East,Kolkata
CUST000036,North,Delhi NCR
CUST000037,North,Delhi NCR
CUST000038,West,Mumbai
CUST000039,West,Mumbai
CUST000040,West,Mumbai
CUST000041,Central,Nagpur
CUST000042,East,Kolkata
CUST000043,Central,Nagpur
CUST000044,West,Mumbai
CUST000045,South,Bengaluru
CUST000046,Central,Nagpur
CUST000047,North,Delhi NCR
CUST000048,East,Kolkata
CUST000049,Central,Nagpur
CUST000050,West,Mumbai
CUST000051,Central,Nagpur
CUST000052,North,Delhi NCR
CUST000053,East,Kolkata
CUST000054,West,Mumbai
CUST000055,West,Mumbai
CUST000056,Central,Nagpur
CUST000057,East,Kolkata
CUST000058,West,Mumbai
CUST000059,East,Kolkata
CUST000060,Central,Nagpur
CUST000061,North,Delhi NCR
CUST000062,South,Bengaluru
CUST000063,North,Delhi NCR
CUST000064,West,Mumbai
CUST000065,South,Bengaluru
CUST000066,South,Bengaluru
CUST000067,Central,Nagpur
CUST000068,South,Bengaluru
CUST000069,North,Delhi NCR
CUST000070,North,Delhi NCR
CUST000071,South,Bengaluru
CUST000072,Central,Nagpur
CUST000073,East,Kolkata
CUST000074,Central,Nagpur
CUST000075,South,Bengaluru
CUST000076,South,Bengaluru
CUST000077,North,Delhi NCR
CUST000078,South,Bengaluru
CUST000079,East,Kolkata
CUST000080,Central,Nagpur
CUST000081,South,Bengaluru
CUST000082,West,Mumbai
CUST000083,West,Mumbai
CUST000084,South,Bengaluru
CUST000085,Central,Nagpur
CUST000086,East,Kolkata
CUST000087,North,Delhi NCR
CUST000088,Central,Nagpur
CUST000089,Central,Nagpur
CUST000090,North,Delhi NCR
CUST000091,Central,Nagpur
CUST000092,Central,Nagpur
CUST000093,Central,Nagpur
CUST000094,South,Bengaluru
CUST000095,West,Mumbai
CUST000096,East,Kolkata
CUST000097,West,Mumbai
CUST000098,West,Mumbai
CUST000099,West,Mumbai
CUST000100,East,Kolkata
CUST000101,West,Mumbai
CUST000102,East,Kolkata
CUST000103,North,Delhi NCR
CUST000104,North,Delhi NCR
CUST000105,Central,Nagpur
CUST000106,Central,Nagpur
CUST000107,East,Kolkata
CUST000108,North,Delhi NCR
CUST000109,West,Mumbai
CUST000110,North,Delhi NCR
CUST000111,South,Bengaluru
CUST000112,South,Bengaluru
CUST000113,North,Delhi NCR
CUST000114,Central,Nagpur
CUST000115,East,Kolkata
CUST000116,South,Bengaluru
CUST000117,East,Kolkata
CUST000118,North,Delhi NCR
CUST000119,East,Kolkata
CUST000120,East,Kolkata
CUST000121,South,Bengaluru
CUST000122,Central,Nagpur
CUST000123,South,Bengaluru
CUST000124,North,Delhi NCR
CUST000125,East,Kolkata
CUST000126,Central,Nagpur
CUST000127,South,Bengaluru
CUST000128,North,Delhi NCR
CUST000129,Central,Nagpur
CUST000130,East,Kolkata
CUST000131,North,Delhi NCR
CUST000132,West,Mumbai
CUST000133,South,Bengaluru
CUST000134,Central,Nagpur
CUST000135,South,Bengaluru
CUST000136,East,Kolkata
CUST000137,East,Kolkata
CUST000138,South,Bengaluru
CUST000139,East,Kolkata
CUST000140,North,Delhi NCR
CUST000141,West,Mumbai
CUST000142,West,Mumbai
CUST000143,Central,Nagpur
CUST000144,South,Bengaluru
CUST000145,South,Bengaluru
CUST000146,East,Kolkata
CUST000147,West,Mumbai
CUST000148,Central,Nagpur
CUST000149,North,Delhi NCR
CUST000150,South,Bengaluru
CUST000151,South,Bengaluru
CUST000152,South,Bengaluru
CUST000153,East,Kolkata
CUST000154,Central,Nagpur
CUST000155,North,Delhi NCR
CUST000156,Central,Nagpur
CUST000157,West,Mumbai
CUST000158,West,Mumbai
CUST000159,West,Mumbai
CUST000160,North,Delhi NCR
CUST000161,West,Mumbai
CUST000162,South,Bengaluru
CUST000163,East,Kolkata
CUST000164,West,Mumbai
CUST000165,West,Mumbai
CUST000166,South,Bengaluru
CUST000167,South,Bengaluru
CUST000168,East,Kolkata
CUST000169,North,Delhi NCR
CUST000170,West,Mumbai
CUST000171,North,Delhi NCR
CUST000172,East,Kolkata
CUST000173,West,Mumbai
CUST000174,North,Delhi NCR
CUST000175,Central,Nagpur
CUST000176,South,Bengaluru
CUST000177,North,Delhi NCR
CUST000178,West,Mumbai
CUST000179,East,Kolkata
CUST000180,West,Mumbai
CUST000181,West,Mumbai
CUST000182,East,Kolkata
CUST000183,Central,Nagpur
CUST000184,South,Bengaluru
CUST000185,East,Kolkata
CUST000186,North,Delhi NCR
CUST000187,West,Mumbai
CUST000188,South,Bengaluru
CUST000189,West,Mumbai
CUST000190,Central,Nagpur
CUST000191,Central,Nagpur
CUST000192,Central,Nagpur
CUST000193,North,Delhi NCR
CUST000194,North,Delhi NCR
CUST000195,Central,Nagpur
CUST000196,South,Bengaluru
CUST000197,North,Delhi NCR
CUST000198,South,Bengaluru
CUST000199,Central,Nagpur
CUST000200,South,Bengaluru
CUST000201,North,Delhi NCR
CUST000202,West,Mumbai
CUST000203,North,Delhi NCR
CUST000204,South,Bengaluru
CUST000205,North,Delhi NCR
CUST000206,West,Mumbai
CUST000207,East,Kolkata
CUST000208,Central,Nagpur
CUST000209,South,Bengaluru
CUST000210,South,Bengaluru
CUST000211,North,Delhi NCR
CUST000212,South,Bengaluru
CUST000213,East,Kolkata
CUST000214,North,Delhi NCR
CUST000215,East,Kolkata
CUST000216,Central,Nagpur
CUST000217,West,Mumbai
CUST000218,West,Mumbai
CUST000219,Central,Nagpur
CUST000220,West,Mumbai
CUST000221,West,Mumbai
CUST000222,Central,Nagpur
CUST000223,North,Delhi NCR
CUST000224,Central,Nagpur
CUST000225,South,Bengaluru
CUST000226,West,Mumbai
CUST000227,Central,Nagpur
CUST000228,East,Kolkata
CUST000229,North,Delhi NCR
CUST000230,South,Bengaluru
CUST000231,East,Kolkata
CUST000232,Central,Nagpur
CUST000233,Central,Nagpur
CUST000234,East,Kolkata
CUST000235,Central,Nagpur
CUST000236,East,Kolkata
CUST000237,East,Kolkata
CUST000238,Central,Nagpur
CUST000239,West,Mumbai
CUST000240,East,Kolkata
CUST000241,East,Kolkata
CUST000242,West,Mumbai
CUST000243,West,Mumbai
CUST000244,East,Kolkata
CUST000245,North,Delhi NCR
CUST000246,North,Delhi NCR
CUST000247,North,Delhi NCR
CUST000248,East,Kolkata
CUST000249,West,Mumbai
CUST000250,Central,Nagpur
CUST000251,South,Bengaluru
CUST000252,West,Mumbai
CUST000253,West,Mumbai
CUST000254,North,Delhi NCR
CUST000255,South,Bengaluru
CUST000256,South,Bengaluru
CUST000257,Central,Nagpur
CUST000258,Central,Nagpur
CUST000259,Central,Nagpur
CUST000260,East,Kolkata
CUST000261,East,Kolkata
CUST000262,South,Bengaluru
CUST000263,West,Mumbai
CUST000264,North,Delhi NCR
CUST000265,South,Bengaluru
CUST000266,North,Delhi NCR
CUST000267,East,Kolkata
CUST000268,South,Bengaluru
CUST000269,North,Delhi NCR
CUST000270,South,Bengaluru
CUST000271,Central,Nagpur
CUST000272,East,Kolkata
CUST000273,Central,Nagpur
CUST000274,Central,Nagpur
CUST000275,Central,Nagpur
CUST000276,South,Bengaluru
CUST000277,Central,Nagpur
CUST000278,Central,Nagpur
CUST000279,Central,Nagpur
CUST000280,South,Bengaluru
CUST000281,South,Bengaluru
CUST000282,East,Kolkata
CUST000283,Central,Nagpur
CUST000284,Central,Nagpur
CUST000285,East,Kolkata
CUST000286,North,Delhi NCR
CUST000287,East,Kolkata
CUST000288,West,Mumbai
CUST000289,East,Kolkata
CUST000290,South,Bengaluru
CUST000291,South,Bengaluru
CUST000292,North,Delhi NCR
CUST000293,South,Bengaluru
CUST000294,West,Mumbai
CUST000295,South,Bengaluru
CUST000296,Central,Nagpur
CUST000297,North,Delhi NCR
CUST000298,East,Kolkata
CUST000299,East,Kolkata
CUST000300,Central,Nagpur
CUST000301,Central,Nagpur
CUST000302,East,Kolkata
CUST000303,West,Mumbai
CUST000304,West,Mumbai
CUST000305,East,Kolkata
CUST000306,North,Delhi NCR
CUST000307,East,Kolkata
CUST000308,South,Bengaluru
CUST000309,East,Kolkata
CUST000310,West,Mumbai
CUST000311,South,Bengaluru
CUST000312,South,Bengaluru
CUST000313,Central,Nagpur
CUST000314,South,Bengaluru
CUST000315,North,Delhi NCR
CUST000316,West,Mumbai
CUST000317,West,Mumbai
CUST000318,Central,Nagpur
CUST000319,West,Mumbai
CUST000320,Central,Nagpur
CUST000321,East,Kolkata
CUST000322,South,Bengaluru
CUST000323,Central,Nagpur
CUST000324,South,Bengaluru
CUST000325,South,Bengaluru
CUST000326,Central,Nagpur
CUST000327,Central,Nagpur
CUST000328,South,Bengaluru
CUST000329,West,Mumbai
CUST000330,Central,Nagpur
CUST000331,West,Mumbai
CUST000332,North,Delhi NCR
CUST000333,West,Mumbai
CUST000334,North,Delhi NCR
CUST000335,Central,Nagpur
CUST000336,North,Delhi NCR
CUST000337,Central,Nagpur
CUST000338,North,Delhi NCR
CUST000339,East,Kolkata
CUST000340,South,Bengaluru
CUST000341,Central,Nagpur
CUST000342,South,Bengaluru
CUST000343,West,Mumbai
CUST000344,North,Delhi NCR
CUST000345,East,Kolkata
CUST000346,Central,Nagpur
CUST000347,Central,Nagpur
CUST000348,South,Bengaluru
CUST000349,South,Bengaluru
CUST000350,East,Kolkata
CUST000351,East,Kolkata
CUST000352,East,Kolkata
CUST000353,North,Delhi NCR
CUST000354,West,Mumbai
CUST000355,South,Bengaluru
CUST000356,South,Bengaluru
CUST000357,Central,Nagpur
CUST000358,West,Mumbai
CUST000359,South,Bengaluru
CUST000360,Central,Nagpur
CUST000361,South,Bengaluru
CUST000362,East,Kolkata
CUST000363,South,Bengaluru
CUST000364,North,Delhi NCR
CUST000365,East,Kolkata
CUST000366,East,Kolkata
CUST000367,Central,Nagpur
CUST000368,South,Bengaluru
CUST000369,Central,Nagpur
CUST000370,West,Mumbai
CUST000371,North,Delhi NCR
CUST000372,West,Mumbai
CUST000373,East,Kolkata
CUST000374,South,Bengaluru
CUST000375,East,Kolkata
CUST000376,South,Bengaluru
CUST000377,West,Mumbai
CUST000378,East,Kolkata
CUST000379,East,Kolkata
CUST000380,South,Bengaluru
CUST000381,South,Bengaluru
CUST000382,East,Kolkata
CUST000383,East,Kolkata
CUST000384,South,Bengaluru
CUST000385,East,Kolkata
CUST000386,South,Bengaluru
CUST000387,East,Kolkata
CUST000388,North,Delhi NCR
CUST000389,East,Kolkata
CUST000390,West,Mumbai
CUST000391,Central,Nagpur
CUST000392,West,Mumbai
CUST000393,West,Mumbai
CUST000394,North,Delhi NCR
CUST000395,South,Bengaluru
CUST000396,West,Mumbai
CUST000397,Central,Nagpur
CUST000398,East,Kolkata
CUST000399,Central,Nagpur
CUST000400,South,Bengaluru
CUST000401,North,Delhi NCR
CUST000402,North,Delhi NCR
CUST000403,East,Kolkata
CUST000404,West,Mumbai
CUST000405,South,Bengaluru
CUST000406,West,Mumbai
CUST000407,West,Mumbai
CUST000408,South,Bengaluru
CUST000409,South,Bengaluru
CUST000410,West,Mumbai
CUST000411,West,Mumbai
CUST000412,North,Delhi NCR
CUST000413,South,Bengaluru
CUST000414,East,Kolkata
CUST000415,East,Kolkata
CUST000416,North,Delhi NCR
CUST000417,Central,Nagpur
CUST000418,South,Bengaluru
CUST000419,South,Bengaluru
CUST000420,North,Delhi NCR
CUST000421,Central,Nagpur
CUST000422,South,Bengaluru
CUST000423,Central,Nagpur
CUST000424,East,Kolkata
CUST000425,Central,Nagpur
CUST000426,North,Delhi NCR
CUST000427,North,Delhi NCR
CUST000428,Central,Nagpur
CUST000429,Central,Nagpur
CUST000430,East,Kolkata
CUST000431,North,Delhi NCR
CUST000432,Central,Nagpur
CUST000433,South,Bengaluru
CUST000434,Central,Nagpur
CUST000435,Central,Nagpur
CUST000436,Central,Nagpur
CUST000437,West,Mumbai
CUST000438,West,Mumbai
CUST000439,East,Kolkata
CUST000440,North,Delhi NCR
CUST000441,South,Bengaluru
CUST000442,West,Mumbai
CUST000443,Central,Nagpur
CUST000444,East,Kolkata
CUST000445,West,Mumbai
CUST000446,North,Delhi NCR
CUST000447,East,Kolkata
CUST000448,East,Kolkata
CUST000449,Central,Nagpur
CUST000450,South,Bengaluru
CUST000451,South,Bengaluru
CUST000452,South,Bengaluru
CUST000453,North,Delhi NCR
CUST000454,East,Kolkata
CUST000455,West,Mumbai
CUST000456,Central,Nagpur
CUST000457,Central,Nagpur
CUST000458,North,Delhi NCR
CUST000459,South,Bengaluru
CUST000460,South,Bengaluru
CUST000461,South,Bengaluru
CUST000462,Central,Nagpur
CUST000463,North,Delhi NCR
CUST000464,North,Delhi NCR
CUST000465,Central,Nagpur
CUST000466,Central,Nagpur
CUST000467,South,Bengaluru
CUST000468,South,Bengaluru
CUST000469,East,Kolkata
CUST000470,East,Kolkata
CUST000471,Central,Nagpur
CUST000472,East,Kolkata
CUST000473,North,Delhi NCR
CUST000474,East,Kolkata
CUST000475,East,Kolkata
CUST000476,East,Kolkata
CUST000477,East,Kolkata
CUST000478,Central,Nagpur
CUST000479,Central,Nagpur
CUST000480,South,Bengaluru
CUST000481,South,Bengaluru
CUST000482,West,Mumbai
CUST000483,East,Kolkata
CUST000484,East,Kolkata
CUST000485,North,Delhi NCR
CUST000486,South,Bengaluru
CUST000487,West,Mumbai
CUST000488,Central,Nagpur
CUST000489,West,Mumbai
CUST000490,South,Bengaluru
CUST000491,North,Delhi NCR
CUST000492,North,Delhi NCR
CUST000493,South,Bengaluru
CUST000494,East,Kolkata
CUST000495,Central,Nagpur
CUST000496,Central,Nagpur
CUST000497,North,Delhi NCR
CUST000498,West,Mumbai
CUST000499,South,Bengaluru
CUST000500,North,Delhi NCR
CUST000501,East,Kolkata
CUST000502,North,Delhi NCR
CUST000503,South,Bengaluru
CUST000504,East,Kolkata
CUST000505,South,Bengaluru
CUST000506,East,Kolkata
CUST000507,East,Kolkata
CUST000508,West,Mumbai
CUST000509,North,Delhi NCR
CUST000510,North,Delhi NCR
CUST000511,East,Kolkata
CUST000512,South,Bengaluru
CUST000513,West,Mumbai
CUST000514,North,Delhi NCR
CUST000515,East,Kolkata
CUST000516,Central,Nagpur
CUST000517,North,Delhi NCR
CUST000518,South,Bengaluru
CUST000519,Central,Nagpur
CUST000520,East,Kolkata
CUST000521,North,Delhi NCR
CUST000522,South,Bengaluru
CUST000523,West,Mumbai
CUST000524,Central,Nagpur
CUST000525,South,Bengaluru
CUST000526,East,Kolkata
CUST000527,West,Mumbai
CUST000528,North,Delhi NCR
CUST000529,South,Bengaluru
CUST000530,West,Mumbai
CUST000531,North,Delhi NCR
CUST000532,West,Mumbai
CUST000533,East,Kolkata
CUST000534,Central,Nagpur
CUST000535,North,Delhi NCR
CUST000536,Central,Nagpur
CUST000537,South,Bengaluru
CUST000538,North,Delhi NCR
CUST000539,West,Mumbai
CUST000540,East,Kolkata
CUST000541,Central,Nagpur
CUST000542,North,Delhi NCR
CUST000543,North,Delhi NCR
CUST000544,East,Kolkata
CUST000545,Central,Nagpur
CUST000546,East,Kolkata
CUST000547,West,Mumbai
CUST000548,Central,Nagpur
CUST000549,Central,Nagpur
CUST000550,East,Kolkata
CUST000551,West,Mumbai
CUST000552,East,Kolkata
CUST000553,West,Mumbai
CUST000554,East,Kolkata
CUST000555,East,Kolkata
CUST000556,East,Kolkata
CUST000557,West,Mumbai
CUST000558,West,Mumbai
CUST000559,Central,Nagpur
CUST000560,West,Mumbai
CUST000561,North,Delhi NCR
CUST000562,East,Kolkata
CUST000563,South,Bengaluru
CUST000564,North,Delhi NCR
CUST000565,North,Delhi NCR
CUST000566,East,Kolkata
CUST000567,Central,Nagpur
CUST000568,East,Kolkata
CUST000569,East,Kolkata
CUST000570,North,Delhi NCR
CUST000571,West,Mumbai
CUST000572,North,Delhi NCR
CUST000573,Central,Nagpur
CUST000574,Central,Nagpur
CUST000575,Central,Nagpur
CUST000576,South,Bengaluru
CUST000577,North,Delhi NCR
CUST000578,South,Bengaluru
CUST000579,West,Mumbai
CUST000580,South,Bengaluru
CUST000581,Central,Nagpur
CUST000582,North,Delhi NCR
CUST000583,North,Delhi NCR
CUST000584,South,Bengaluru
CUST000585,West,Mumbai
CUST000586,West,Mumbai
CUST000587,South,Bengaluru
CUST000588,West,Mumbai
CUST000589,West,Mumbai
CUST000590,East,Kolkata
CUST000591,East,Kolkata
CUST000592,North,Delhi NCR
CUST000593,South,Bengaluru
CUST000594,East,Kolkata
CUST000595,North,Delhi NCR
CUST000596,East,Kolkata
CUST000597,North,Delhi NCR
CUST000598,West,Mumbai
CUST000599,North,Delhi NCR
CUST000600,North,Delhi NCR
CUST000601,West,Mumbai
CUST000602,South,Bengaluru
CUST000603,South,Bengaluru
CUST000604,South,Bengaluru
CUST000605,South,Bengaluru
CUST000606,West,Mumbai
CUST000607,West,Mumbai
CUST000608,South,Bengaluru
CUST000609,West,Mumbai
CUST000610,West,Mumbai
CUST000611,East,Kolkata
CUST000612,East,Kolkata
CUST000613,Central,Nagpur
CUST000614,East,Kolkata
CUST000615,South,Bengaluru
CUST000616,East,Kolkata
CUST000617,Central,Nagpur
CUST000618,West,Mumbai
CUST000619,North,Delhi NCR
CUST000620,East,Kolkata
CUST000621,West,Mumbai
CUST000622,South,Bengaluru
CUST000623,Central,Nagpur
CUST000624,Central,Nagpur
CUST000625,Central,Nagpur
CUST000626,North,Delhi NCR
CUST000627,East,Kolkata
CUST000628,East,Kolkata
CUST000629,West,Mumbai
CUST000630,Central,Nagpur
CUST000631,South,Bengaluru
CUST000632,East,Kolkata
CUST000633,West,Mumbai
CUST000634,West,Mumbai
CUST000635,West,Mumbai
CUST000636,South,Bengaluru
CUST000637,Central,Nagpur
CUST000638,North,Delhi NCR
CUST000639,East,Kolkata
CUST000640,West,Mumbai
CUST000641,North,Delhi NCR
CUST000642,East,Kolkata
CUST000643,East,Kolkata
CUST000644,West,Mumbai
CUST000645,North,Delhi NCR
CUST000646,South,Bengaluru
CUST000647,South,Bengaluru
CUST000648,West,Mumbai
CUST000649,South,Bengaluru
CUST000650,East,Kolkata
CUST000651,West,Mumbai
CUST000652,West,Mumbai
CUST000653,North,Delhi NCR
CUST000654,Central,Nagpur
CUST000655,North,Delhi NCR
CUST000656,North,Delhi NCR
CUST000657,North,Delhi NCR
CUST000658,South,Bengaluru
CUST000659,Central,Nagpur
CUST000660,South,Bengaluru
CUST000661,West,Mumbai
CUST000662,East,Kolkata
CUST000663,North,Delhi NCR
CUST000664,East,Kolkata
CUST000665,North,Delhi NCR
CUST000666,East,Kolkata
CUST000667,East,Kolkata
CUST000668,East,Kolkata
CUST000669,South,Bengaluru
CUST000670,West,Mumbai
CUST000671,East,Kolkata
CUST000672,South,Bengaluru
CUST000673,East,Kolkata
CUST000674,North,Delhi NCR
CUST000675,Central,Nagpur
CUST000676,West,Mumbai
CUST000677,South,Bengaluru
CUST000678,West,Mumbai
CUST000679,West,Mumbai
CUST000680,West,Mumbai
CUST000681,North,Delhi NCR
CUST000682,Central,Nagpur
CUST000683,Central,Nagpur
CUST000684,Central,Nagpur
CUST000685,Central,Nagpur
CUST000686,Central,Nagpur
CUST000687,West,Mumbai
CUST000688,North,Delhi NCR
CUST000689,East,Kolkata
CUST000690,South,Bengaluru
CUST000691,South,Bengaluru
CUST000692,Central,Nagpur
CUST000693,Central,Nagpur
CUST000694,East,Kolkata
CUST000695,West,Mumbai
CUST000696,North,Delhi NCR
CUST000697,South,Bengaluru
CUST000698,Central,Nagpur
CUST000699,East,Kolkata
CUST000700,East,Kolkata
CUST000701,East,Kolkata
CUST000702,South,Bengaluru
CUST000703,Central,Nagpur
CUST000704,West,Mumbai
CUST000705,West,Mumbai
CUST000706,South,Bengaluru
CUST000707,West,Mumbai
CUST000708,Central,Nagpur
CUST000709,West,Mumbai
CUST000710,East,Kolkata
CUST000711,South,Bengaluru
CUST000712,East,Kolkata
CUST000713,South,Bengaluru
CUST000714,West,Mumbai
CUST000715,North,Delhi NCR
CUST000716,North,Delhi NCR
CUST000717,West,Mumbai
CUST000718,South,Bengaluru
CUST000719,East,Kolkata
CUST000720,East,Kolkata
CUST000721,East,Kolkata
CUST000722,West,Mumbai
CUST000723,South,Bengaluru
CUST000724,West,Mumbai
CUST000725,South,Bengaluru
CUST000726,South,Bengaluru
CUST000727,East,Kolkata
CUST000728,Central,Nagpur
CUST000729,South,Bengaluru
CUST000730,East,Kolkata
CUST000731,North,Delhi NCR
CUST000732,North,Delhi NCR
CUST000733,West,Mumbai
CUST000734,West,Mumbai
CUST000735,South,Bengaluru
CUST000736,West,Mumbai
CUST000737,South,Bengaluru
CUST000738,South,Bengaluru
CUST000739,East,Kolkata
CUST000740,South,Bengaluru
CUST000741,Central,Nagpur
CUST000742,East,Kolkata
CUST000743,South,Bengaluru
CUST000744,East,Kolkata
CUST000745,West,Mumbai
CUST000746,South,Bengaluru
CUST000747,Central,Nagpur
CUST000748,East,Kolkata
CUST000749,West,Mumbai
CUST000750,Central,Nagpur
CUST000751,East,Kolkata
CUST000752,North,Delhi NCR
CUST000753,West,Mumbai
CUST000754,North,Delhi NCR
CUST000755,East,Kolkata
CUST000756,Central,Nagpur
CUST000757,East,Kolkata
CUST000758,West,Mumbai
CUST000759,East,Kolkata
CUST000760,South,Bengaluru
CUST000761,South,Bengaluru
CUST000762,East,Kolkata
CUST000763,North,Delhi NCR
CUST000764,East,Kolkata
CUST000765,East,Kolkata
CUST000766,Central,Nagpur
CUST000767,North,Delhi NCR
CUST000768,Central,Nagpur
CUST000769,East,Kolkata
CUST000770,West,Mumbai
CUST000771,East,Kolkata
CUST000772,South,Bengaluru
CUST000773,Central,Nagpur
CUST000774,South,Bengaluru
CUST000775,North,Delhi NCR
CUST000776,West,Mumbai
CUST000777,West,Mumbai
CUST000778,Central,Nagpur
CUST000779,East,Kolkata
CUST000780,North,Delhi NCR
CUST000781,North,Delhi NCR
CUST000782,East,Kolkata
CUST000783,South,Bengaluru
CUST000784,Central,Nagpur
CUST000785,North,Delhi NCR
CUST000786,Central,Nagpur
CUST000787,South,Bengaluru
CUST000788,North,Delhi NCR
CUST000789,South,Bengaluru
CUST000790,North,Delhi NCR
CUST000791,East,Kolkata
CUST000792,South,Bengaluru
CUST000793,East,Kolkata
CUST000794,East,Kolkata
CUST000795,North,Delhi NCR
CUST000796,North,Delhi NCR
CUST000797,North,Delhi NCR
CUST000798,North,Delhi NCR
CUST000799,North,Delhi NCR
CUST000800,South,Bengaluru
CUST000801,East,Kolkata
CUST000802,South,Bengaluru
CUST000803,South,Bengaluru
CUST000804,East,Kolkata
CUST000805,East,Kolkata
CUST000806,South,Bengaluru
CUST000807,South,Bengaluru
CUST000808,East,Kolkata
CUST000809,North,Delhi NCR
CUST000810,East,Kolkata
CUST000811,Central,Nagpur
CUST000812,South,Bengaluru
CUST000813,North,Delhi NCR
CUST000814,West,Mumbai
CUST000815,North,Delhi NCR
CUST000816,North,Delhi NCR
CUST000817,North,Delhi NCR
CUST000818,Central,Nagpur
CUST000819,Central,Nagpur
CUST000820,East,Kolkata
CUST000821,West,Mumbai
CUST000822,West,Mumbai
CUST000823,West,Mumbai
CUST000824,East,Kolkata
CUST000825,Central,Nagpur
CUST000826,West,Mumbai
CUST000827,North,Delhi NCR
CUST000828,South,Bengaluru
CUST000829,Central,Nagpur
CUST000830,East,Kolkata
CUST000831,South,Bengaluru
CUST000832,Central,Nagpur
CUST000833,West,Mumbai
CUST000834,East,Kolkata
CUST000835,East,Kolkata
CUST000836,North,Delhi NCR
CUST000837,South,Bengaluru
CUST000838,East,Kolkata
CUST000839,Central,Nagpur
CUST000840,South,Bengaluru
CUST000841,North,Delhi NCR
CUST000842,East,Kolkata
CUST000843,Central,Nagpur
CUST000844,East,Kolkata
CUST000845,South,Bengaluru
CUST000846,West,Mumbai
CUST000847,West,Mumbai
CUST000848,South,Bengaluru
CUST000849,Central,Nagpur
CUST000850,East,Kolkata
CUST000851,North,Delhi NCR
CUST000852,East,Kolkata
CUST000853,Central,Nagpur
CUST000854,South,Bengaluru
CUST000855,East,Kolkata
CUST000856,West,Mumbai
CUST000857,West,Mumbai
CUST000858,Central,Nagpur
CUST000859,North,Delhi NCR
CUST000860,East,Kolkata
CUST000861,East,Kolkata
CUST000862,North,Delhi NCR
CUST000863,West,Mumbai
CUST000864,North,Delhi NCR
CUST000865,East,Kolkata
CUST000866,South,Bengaluru
CUST000867,North,Delhi NCR
CUST000868,Central,Nagpur
CUST000869,South,Bengaluru
CUST000870,South,Bengaluru
CUST000871,Central,Nagpur
CUST000872,Central,Nagpur
CUST000873,North,Delhi NCR
CUST000874,South,Bengaluru
CUST000875,West,Mumbai
CUST000876,West,Mumbai
CUST000877,Central,Nagpur
CUST000878,East,Kolkata
CUST000879,North,Delhi NCR
CUST000880,Central,Nagpur
CUST000881,North,Delhi NCR
CUST000882,North,Delhi NCR
CUST000883,West,Mumbai
CUST000884,West,Mumbai
CUST000885,North,Delhi NCR
CUST000886,North,Delhi NCR
CUST000887,East,Kolkata
CUST000888,South,Bengaluru
CUST000889,West,Mumbai
CUST000890,East,Kolkata
CUST000891,East,Kolkata
CUST000892,East,Kolkata
CUST000893,South,Bengaluru
CUST000894,South,Bengaluru
CUST000895,West,Mumbai
CUST000896,East,Kolkata
CUST000897,East,Kolkata
CUST000898,East,Kolkata
CUST000899,South,Bengaluru
CUST000900,Central,Nagpur
CUST000901,East,Kolkata
CUST000902,West,Mumbai
CUST000903,Central,Nagpur
CUST000904,Central,Nagpur
CUST000905,West,Mumbai
CUST000906,West,Mumbai
CUST000907,East,Kolkata
CUST000908,West,Mumbai
CUST000909,South,Bengaluru
CUST000910,West,Mumbai
CUST000911,North,Delhi NCR
CUST000912,Central,Nagpur
CUST000913,South,Bengaluru
CUST000914,West,Mumbai
CUST000915,North,Delhi NCR
CUST000916,North,Delhi NCR
CUST000917,Central,Nagpur
CUST000918,Central,Nagpur
CUST000919,South,Bengaluru
CUST000920,North,Delhi NCR
CUST000921,Central,Nagpur
CUST000922,Central,Nagpur
CUST000923,North,Delhi NCR
CUST000924,West,Mumbai
CUST000925,South,Bengaluru
CUST000926,West,Mumbai
CUST000927,East,Kolkata
CUST000928,North,Delhi NCR
CUST000929,South,Bengaluru
CUST000930,East,Kolkata
CUST000931,West,Mumbai
CUST000932,North,Delhi NCR
CUST000933,Central,Nagpur
CUST000934,West,Mumbai
CUST000935,Central,Nagpur
CUST000936,Central,Nagpur
CUST000937,North,Delhi NCR
CUST000938,North,Delhi NCR
CUST000939,West,Mumbai
CUST000940,North,Delhi NCR
CUST000941,North,Delhi NCR
CUST000942,East,Kolkata
CUST000943,Central,Nagpur
CUST000944,West,Mumbai
CUST000945,East,Kolkata
CUST000946,North,Delhi NCR
CUST000947,South,Bengaluru
CUST000948,West,Mumbai
CUST000949,North,Delhi NCR
CUST000950,East,Kolkata
CUST000951,North,Delhi NCR
CUST000952,South,Bengaluru
CUST000953,South,Bengaluru
CUST000954,West,Mumbai
CUST000955,Central,Nagpur
CUST000956,North,Delhi NCR
CUST000957,West,Mumbai
CUST000958,West,Mumbai
CUST000959,Central,Nagpur
CUST000960,Central,Nagpur
CUST000961,North,Delhi NCR
CUST000962,West,Mumbai
CUST000963,East,Kolkata
CUST000964,North,Delhi NCR
CUST000965,South,Bengaluru
CUST000966,Central,Nagpur
CUST000967,East,Kolkata
CUST000968,South,Bengaluru
CUST000969,South,Bengaluru
CUST000970,Central,Nagpur
CUST000971,South,Bengaluru
CUST000972,North,Delhi NCR
CUST000973,East,Kolkata
CUST000974,Central,Nagpur
CUST000975,North,Delhi NCR
CUST000976,South,Bengaluru
CUST000977,East,Kolkata
CUST000978,North,Delhi NCR
CUST000979,West,Mumbai
CUST000980,South,Bengaluru
CUST000981,North,Delhi NCR
CUST000982,South,Bengaluru
CUST000983,Central,Nagpur
CUST000984,Central,Nagpur
CUST000985,East,Kolkata
CUST000986,East,Kolkata
CUST000987,Central,Nagpur
CUST000988,North,Delhi NCR
CUST000989,West,Mumbai
CUST000990,West,Mumbai
CUST000991,West,Mumbai
CUST000992,South,Bengaluru
CUST000993,West,Mumbai
CUST000994,West,Mumbai
CUST000995,Central,Nagpur
CUST000996,North,Delhi NCR
CUST000997,West,Mumbai
CUST000998,Central,Nagpur
CUST000999,South,Bengaluru
CUST001000,West,Mumbai
CUST001001,North,Delhi NCR
CUST001002,West,Mumbai
CUST001003,West,Mumbai
CUST001004,North,Delhi NCR
CUST001005,North,Delhi NCR
CUST001006,West,Mumbai
CUST001007,South,Bengaluru
CUST001008,East,Kolkata
CUST001009,North,Delhi NCR
CUST001010,Central,Nagpur
CUST001011,East,Kolkata
CUST001012,Central,Nagpur
CUST001013,North,Delhi NCR
CUST001014,South,Bengaluru
CUST001015,West,Mumbai
CUST001016,West,Mumbai
CUST001017,West,Mumbai
CUST001018,Central,Nagpur
CUST001019,Central,Nagpur
CUST001020,North,Delhi NCR
CUST001021,South,Bengaluru
CUST001022,Central,Nagpur
CUST001023,East,Kolkata
CUST001024,Central,Nagpur
CUST001025,East,Kolkata
CUST001026,North,Delhi NCR
CUST001027,East,Kolkata
CUST001028,Central,Nagpur
CUST001029,West,Mumbai
CUST001030,North,Delhi NCR
CUST001031,South,Bengaluru
CUST001032,Central,Nagpur
CUST001033,Central,Nagpur
CUST001034,West,Mumbai
CUST001035,North,Delhi NCR
CUST001036,West,Mumbai
CUST001037,Central,Nagpur
CUST001038,West,Mumbai
CUST001039,East,Kolkata
CUST001040,East,Kolkata
CUST001041,South,Bengaluru
CUST001042,South,Bengaluru
CUST001043,West,Mumbai
CUST001044,North,Delhi NCR
CUST001045,North,Delhi NCR
CUST001046,South,Bengaluru
CUST001047,West,Mumbai
CUST001048,West,Mumbai
CUST001049,East,Kolkata
CUST001050,East,Kolkata
CUST001051,North,Delhi NCR
CUST001052,South,Bengaluru
CUST001053,North,Delhi NCR
CUST001054,West,Mumbai
CUST001055,West,Mumbai
CUST001056,South,Bengaluru
CUST001057,South,Bengaluru
CUST001058,South,Bengaluru
CUST001059,Central,Nagpur
CUST001060,East,Kolkata
CUST001061,West,Mumbai
CUST001062,East,Kolkata
CUST001063,West,Mumbai
CUST001064,East,Kolkata
CUST001065,South,Bengaluru
CUST001066,Central,Nagpur
CUST001067,West,Mumbai
CUST001068,West,Mumbai
CUST001069,Central,Nagpur
CUST001070,South,Bengaluru
CUST001071,North,Delhi NCR
CUST001072,East,Kolkata
CUST001073,South,Bengaluru
CUST001074,East,Kolkata
CUST001075,South,Bengaluru
CUST001076,South,Bengaluru
CUST001077,South,Bengaluru
CUST001078,South,Bengaluru
CUST001079,West,Mumbai
CUST001080,East,Kolkata
CUST001081,East,Kolkata
CUST001082,North,Delhi NCR
CUST001083,East,Kolkata
CUST001084,North,Delhi NCR
CUST001085,South,Bengaluru
CUST001086,East,Kolkata
CUST001087,North,Delhi NCR
CUST001088,South,Bengaluru
CUST001089,South,Bengaluru
CUST001090,Central,Nagpur
CUST001091,Central,Nagpur
CUST001092,North,Delhi NCR
CUST001093,West,Mumbai
CUST001094,West,Mumbai
CUST001095,South,Bengaluru
CUST001096,East,Kolkata
CUST001097,West,Mumbai
CUST001098,South,Bengaluru
CUST001099,North,Delhi NCR
CUST001100,South,Bengaluru
CUST001101,South,Bengaluru
CUST001102,South,Bengaluru
CUST001103,South,Bengaluru
CUST001104,North,Delhi NCR
CUST001105,Central,Nagpur
CUST001106,North,Delhi NCR
CUST001107,West,Mumbai
CUST001108,West,Mumbai
CUST001109,West,Mumbai
CUST001110,Central,Nagpur
CUST001111,North,Delhi NCR
CUST001112,South,Bengaluru
CUST001113,North,Delhi NCR
CUST001114,East,Kolkata
CUST001115,West,Mumbai
CUST001116,Central,Nagpur
CUST001117,South,Bengaluru
CUST001118,South,Bengaluru
CUST001119,Central,Nagpur
CUST001120,West,Mumbai
CUST001121,West,Mumbai
CUST001122,East,Kolkata
CUST001123,East,Kolkata
CUST001124,South,Bengaluru
CUST001125,West,Mumbai
CUST001126,South,Bengaluru
CUST001127,Central,Nagpur
CUST001128,North,Delhi NCR
CUST001129,East,Kolkata
CUST001130,South,Bengaluru
CUST001131,West,Mumbai
CUST001132,West,Mumbai
CUST001133,Central,Nagpur
CUST001134,West,Mumbai
CUST001135,South,Bengaluru
CUST001136,South,Bengaluru
CUST001137,Central,Nagpur
CUST001138,East,Kolkata
CUST001139,North,Delhi NCR
CUST001140,Central,Nagpur
CUST001141,West,Mumbai
CUST001142,North,Delhi NCR
CUST001143,West,Mumbai
CUST001144,West,Mumbai
CUST001145,West,Mumbai
CUST001146,Central,Nagpur
CUST001147,East,Kolkata
CUST001148,East,Kolkata
CUST001149,West,Mumbai
CUST001150,North,Delhi NCR
CUST001151,North,Delhi NCR
CUST001152,Central,Nagpur
CUST001153,South,Bengaluru
CUST001154,East,Kolkata
CUST001155,South,Bengaluru
CUST001156,South,Bengaluru
CUST001157,East,Kolkata
CUST001158,Central,Nagpur
CUST001159,East,Kolkata
CUST001160,North,Delhi NCR
CUST001161,South,Bengaluru
CUST001162,North,Delhi NCR
CUST001163,Central,Nagpur
CUST001164,South,Bengaluru
CUST001165,South,Bengaluru
CUST001166,North,Delhi NCR
CUST001167,East,Kolkata
CUST001168,Central,Nagpur
CUST001169,East,Kolkata
CUST001170,West,Mumbai
CUST001171,North,Delhi NCR
CUST001172,North,Delhi NCR
CUST001173,West,Mumbai
CUST001174,North,Delhi NCR
CUST001175,East,Kolkata
CUST001176,South,Bengaluru
CUST001177,North,Delhi NCR
CUST001178,East,Kolkata
CUST001179,Central,Nagpur
CUST001180,North,Delhi NCR
CUST001181,Central,Nagpur
CUST001182,East,Kolkata
CUST001183,West,Mumbai
CUST001184,North,Delhi NCR
CUST001185,Central,Nagpur
CUST001186,North,Delhi NCR
CUST001187,Central,Nagpur
CUST001188,West,Mumbai
CUST001189,South,Bengaluru
CUST001190,North,Delhi NCR
CUST001191,West,Mumbai
CUST001192,North,Delhi NCR
CUST001193,West,Mumbai
CUST001194,West,Mumbai
CUST001195,South,Bengaluru
CUST001196,South,Bengaluru
CUST001197,South,Bengaluru
CUST001198,South,Bengaluru
CUST001199,North,Delhi NCR
CUST001200,South,Bengaluru
CUST001201,West,Mumbai
CUST001202,South,Bengaluru
CUST001203,West,Mumbai
CUST001204,Central,Nagpur
CUST001205,West,Mumbai
CUST001206,East,Kolkata
CUST001207,South,Bengaluru
CUST001208,Central,Nagpur
CUST001209,South,Bengaluru
CUST001210,East,Kolkata
CUST001211,East,Kolkata
CUST001212,West,Mumbai
CUST001213,East,Kolkata
CUST001214,West,Mumbai
CUST001215,Central,Nagpur
CUST001216,South,Bengaluru
CUST001217,Central,Nagpur
CUST001218,North,Delhi NCR
CUST001219,Central,Nagpur
CUST001220,North,Delhi NCR
CUST001221,Central,Nagpur
CUST001222,South,Bengaluru
CUST001223,Central,Nagpur
CUST001224,North,Delhi NCR
CUST001225,East,Kolkata
CUST001226,Central,Nagpur
CUST001227,North,Delhi NCR
CUST001228,South,Bengaluru
CUST001229,North,Delhi NCR
CUST001230,South,Bengaluru
CUST001231,South,Bengaluru
CUST001232,West,Mumbai
CUST001233,South,Bengaluru
CUST001234,North,Delhi NCR
CUST001235,North,Delhi NCR
CUST001236,Central,Nagpur
CUST001237,Central,Nagpur
CUST001238,South,Bengaluru
CUST001239,North,Delhi NCR
CUST001240,North,Delhi NCR
CUST001241,Central,Nagpur
CUST001242,West,Mumbai
CUST001243,West,Mumbai
CUST001244,South,Bengaluru
CUST001245,West,Mumbai
CUST001246,North,Delhi NCR
CUST001247,West,Mumbai
CUST001248,East,Kolkata
CUST001249,South,Bengaluru
CUST001250,West,Mumbai
CUST001251,West,Mumbai
CUST001252,East,Kolkata
CUST001253,North,Delhi NCR
CUST001254,North,Delhi NCR
CUST001255,Central,Nagpur
CUST001256,South,Bengaluru
CUST001257,South,Bengaluru
CUST001258,West,Mumbai
CUST001259,South,Bengaluru
CUST001260,South,Bengaluru
CUST001261,West,Mumbai
CUST001262,East,Kolkata
CUST001263,West,Mumbai
CUST001264,North,Delhi NCR
CUST001265,East,Kolkata
CUST001266,East,Kolkata
CUST001267,West,Mumbai
CUST001268,North,Delhi NCR
CUST001269,North,Delhi NCR
CUST001270,West,Mumbai
CUST001271,West,Mumbai
CUST001272,Central,Nagpur
CUST001273,South,Bengaluru
CUST001274,Central,Nagpur
CUST001275,South,Bengaluru
CUST001276,West,Mumbai
CUST001277,North,Delhi NCR
CUST001278,Central,Nagpur
CUST001279,South,Bengaluru
CUST001280,Central,Nagpur
CUST001281,South,Bengaluru
CUST001282,West,Mumbai
CUST001283,East,Kolkata
CUST001284,North,Delhi NCR
CUST001285,North,Delhi NCR
CUST001286,West,Mumbai
CUST001287,North,Delhi NCR
CUST001288,South,Bengaluru
CUST001289,East,Kolkata
CUST001290,South,Bengaluru
CUST001291,North,Delhi NCR
CUST001292,West,Mumbai
CUST001293,West,Mumbai
CUST001294,West,Mumbai
CUST001295,Central,Nagpur
CUST001296,North,Delhi NCR
CUST001297,East,Kolkata
CUST001298,South,Bengaluru
CUST001299,Central,Nagpur
CUST001300,East,Kolkata
CUST001301,North,Delhi NCR
CUST001302,West,Mumbai
CUST001303,North,Delhi NCR
CUST001304,South,Bengaluru
CUST001305,West,Mumbai
CUST001306,East,Kolkata
CUST001307,West,Mumbai
CUST001308,East,Kolkata
CUST001309,Central,Nagpur
CUST001310,East,Kolkata
CUST001311,North,Delhi NCR
CUST001312,North,Delhi NCR
CUST001313,West,Mumbai
CUST001314,North,Delhi NCR
CUST001315,South,Bengaluru
CUST001316,North,Delhi NCR
CUST001317,South,Bengaluru
CUST001318,East,Kolkata
CUST001319,North,Delhi NCR
CUST001320,East,Kolkata
CUST001321,Central,Nagpur
CUST001322,North,Delhi NCR
CUST001323,North,Delhi NCR
CUST001324,South,Bengaluru
CUST001325,Central,Nagpur
CUST001326,East,Kolkata
CUST001327,West,Mumbai
CUST001328,North,Delhi NCR
CUST001329,West,Mumbai
CUST001330,North,Delhi NCR
CUST001331,West,Mumbai
CUST001332,North,Delhi NCR
CUST001333,Central,Nagpur
CUST001334,South,Bengaluru
CUST001335,North,Delhi NCR
CUST001336,South,Bengaluru
CUST001337,North,Delhi NCR
CUST001338,North,Delhi NCR
CUST001339,East,Kolkata
CUST001340,South,Bengaluru
CUST001341,South,Bengaluru
CUST001342,Central,Nagpur
CUST001343,North,Delhi NCR
CUST001344,South,Bengaluru
CUST001345,North,Delhi NCR
CUST001346,East,Kolkata
CUST001347,South,Bengaluru
CUST001348,North,Delhi NCR
CUST001349,North,Delhi NCR
CUST001350,Central,Nagpur
CUST001351,North,Delhi NCR
CUST001352,West,Mumbai
CUST001353,Central,Nagpur
CUST001354,East,Kolkata
CUST001355,South,Bengaluru
CUST001356,West,Mumbai
CUST001357,Central,Nagpur
CUST001358,North,Delhi NCR
CUST001359,Central,Nagpur
CUST001360,Central,Nagpur
CUST001361,North,Delhi NCR
CUST001362,North,Delhi NCR
CUST001363,West,Mumbai
CUST001364,North,Delhi NCR
CUST001365,West,Mumbai
CUST001366,North,Delhi NCR
CUST001367,West,Mumbai
CUST001368,South,Bengaluru
CUST001369,North,Delhi NCR
CUST001370,North,Delhi NCR
CUST001371,North,Delhi NCR
CUST001372,East,Kolkata
CUST001373,North,Delhi NCR
CUST001374,Central,Nagpur
CUST001375,West,Mumbai
CUST001376,South,Bengaluru
CUST001377,Central,Nagpur
CUST001378,West,Mumbai
CUST001379,West,Mumbai
CUST001380,North,Delhi NCR
CUST001381,West,Mumbai
CUST001382,East,Kolkata
CUST001383,Central,Nagpur
CUST001384,East,Kolkata
CUST001385,West,Mumbai
CUST001386,South,Bengaluru
CUST001387,North,Delhi NCR
CUST001388,North,Delhi NCR
CUST001389,Central,Nagpur
CUST001390,West,Mumbai
CUST001391,South,Bengaluru
CUST001392,West,Mumbai
CUST001393,North,Delhi NCR
CUST001394,North,Delhi NCR
CUST001395,East,Kolkata
CUST001396,West,Mumbai
CUST001397,Central,Nagpur
CUST001398,West,Mumbai
CUST001399,South,Bengaluru
CUST001400,Central,Nagpur
CUST001401,East,Kolkata
CUST001402,Central,Nagpur
CUST001403,North,Delhi NCR
CUST001404,North,Delhi NCR
CUST001405,North,Delhi NCR
CUST001406,Central,Nagpur
CUST001407,North,Delhi NCR
CUST001408,Central,Nagpur
CUST001409,West,Mumbai
CUST001410,North,Delhi NCR
CUST001411,Central,Nagpur
CUST001412,North,Delhi NCR
CUST001413,North,Delhi NCR
CUST001414,East,Kolkata
CUST001415,South,Bengaluru
CUST001416,South,Bengaluru
CUST001417,North,Delhi NCR
CUST001418,West,Mumbai
CUST001419,North,Delhi NCR
CUST001420,South,Bengaluru
CUST001421,East,Kolkata
CUST001422,East,Kolkata
CUST001423,West,Mumbai
CUST001424,South,Bengaluru
CUST001425,West,Mumbai
CUST001426,West,Mumbai
CUST001427,South,Bengaluru
CUST001428,South,Bengaluru
CUST001429,East,Kolkata
CUST001430,East,Kolkata
CUST001431,North,Delhi NCR
CUST001432,East,Kolkata
CUST001433,North,Delhi NCR
CUST001434,East,Kolkata
CUST001435,Central,Nagpur
CUST001436,East,Kolkata
CUST001437,West,Mumbai
CUST001438,South,Bengaluru
CUST001439,Central,Nagpur
CUST001440,Central,Nagpur
CUST001441,Central,Nagpur
CUST001442,West,Mumbai
CUST001443,West,Mumbai
CUST001444,East,Kolkata
CUST001445,Central,Nagpur
CUST001446,Central,Nagpur
CUST001447,East,Kolkata
CUST001448,North,Delhi NCR
CUST001449,North,Delhi NCR
CUST001450,South,Bengaluru
CUST001451,North,Delhi NCR
CUST001452,South,Bengaluru
CUST001453,North,Delhi NCR
CUST001454,Central,Nagpur
CUST001455,North,Delhi NCR
CUST001456,West,Mumbai
CUST001457,South,Bengaluru
CUST001458,North,Delhi NCR
CUST001459,West,Mumbai
CUST001460,Central,Nagpur
CUST001461,West,Mumbai
CUST001462,Central,Nagpur
CUST001463,East,Kolkata
CUST001464,West,Mumbai
CUST001465,North,Delhi NCR
CUST001466,Central,Nagpur
CUST001467,West,Mumbai
CUST001468,South,Bengaluru
CUST001469,South,Bengaluru
CUST001470,West,Mumbai
CUST001471,North,Delhi NCR
CUST001472,Central,Nagpur
CUST001473,South,Bengaluru
CUST001474,North,Delhi NCR
CUST001475,South,Bengaluru
CUST001476,Central,Nagpur
CUST001477,South,Bengaluru
CUST001478,East,Kolkata
CUST001479,Central,Nagpur
CUST001480,North,Delhi NCR
CUST001481,West,Mumbai
CUST001482,South,Bengaluru
CUST001483,West,Mumbai
CUST001484,North,Delhi NCR
CUST001485,North,Delhi NCR
CUST001486,West,Mumbai
CUST001487,Central,Nagpur
CUST001488,Central,Nagpur
CUST001489,West,Mumbai
CUST001490,East,Kolkata
CUST001491,North,Delhi NCR
CUST001492,South,Bengaluru
CUST001493,West,Mumbai
CUST001494,South,Bengaluru
CUST001495,East,Kolkata
CUST001496,North,Delhi NCR
CUST001497,East,Kolkata
CUST001498,South,Bengaluru
CUST001499,North,Delhi NCR
CUST001500,North,Delhi NCR
CUST001501,East,Kolkata
CUST001502,South,Bengaluru
CUST001503,North,Delhi NCR
CUST001504,East,Kolkata
CUST001505,North,Delhi NCR
CUST001506,North,Delhi NCR
CUST001507,North,Delhi NCR
CUST001508,East,Kolkata
CUST001509,Central,Nagpur
CUST001510,South,Bengaluru
CUST001511,South,Bengaluru
CUST001512,South,Bengaluru
CUST001513,South,Bengaluru
CUST001514,West,Mumbai
CUST001515,South,Bengaluru
CUST001516,West,Mumbai
CUST001517,Central,Nagpur
CUST001518,Central,Nagpur
CUST001519,East,Kolkata
CUST001520,West,Mumbai
CUST001521,Central,Nagpur
CUST001522,West,Mumbai
CUST001523,South,Bengaluru
CUST001524,North,Delhi NCR
CUST001525,North,Delhi NCR
CUST001526,Central,Nagpur
CUST001527,East,Kolkata
CUST001528,South,Bengaluru
CUST001529,South,Bengaluru
CUST001530,South,Bengaluru
CUST001531,Central,Nagpur
CUST001532,West,Mumbai
CUST001533,Central,Nagpur
CUST001534,South,Bengaluru
CUST001535,East,Kolkata
CUST001536,North,Delhi NCR
CUST001537,Central,Nagpur
CUST001538,East,Kolkata
CUST001539,East,Kolkata
CUST001540,East,Kolkata
CUST001541,South,Bengaluru
CUST001542,Central,Nagpur
CUST001543,East,Kolkata
CUST001544,West,Mumbai
CUST001545,North,Delhi NCR
CUST001546,South,Bengaluru
CUST001547,Central,Nagpur
CUST001548,North,Delhi NCR
CUST001549,North,Delhi NCR
CUST001550,Central,Nagpur
CUST001551,South,Bengaluru
CUST001552,South,Bengaluru
CUST001553,East,Kolkata
CUST001554,North,Delhi NCR
CUST001555,North,Delhi NCR
CUST001556,North,Delhi NCR
CUST001557,North,Delhi NCR
CUST001558,North,Delhi NCR
CUST001559,West,Mumbai
CUST001560,South,Bengaluru
CUST001561,North,Delhi NCR
CUST001562,North,Delhi NCR
CUST001563,East,Kolkata
CUST001564,Central,Nagpur
CUST001565,South,Bengaluru
CUST001566,North,Delhi NCR
CUST001567,South,Bengaluru
CUST001568,East,Kolkata
CUST001569,North,Delhi NCR
CUST001570,Central,Nagpur
CUST001571,West,Mumbai
CUST001572,South,Bengaluru
CUST001573,Central,Nagpur
CUST001574,South,Bengaluru
CUST001575,North,Delhi NCR
CUST001576,Central,Nagpur
CUST001577,Central,Nagpur
CUST001578,South,Bengaluru
CUST001579,East,Kolkata
CUST001580,North,Delhi NCR
CUST001581,West,Mumbai
CUST001582,West,Mumbai
CUST001583,West,Mumbai
CUST001584,East,Kolkata
CUST001585,West,Mumbai
CUST001586,East,Kolkata
CUST001587,Central,Nagpur
CUST001588,North,Delhi NCR
CUST001589,East,Kolkata
CUST001590,East,Kolkata
CUST001591,East,Kolkata
CUST001592,North,Delhi NCR
CUST001593,South,Bengaluru
CUST001594,Central,Nagpur
CUST001595,North,Delhi NCR
CUST001596,West,Mumbai
CUST001597,West,Mumbai
CUST001598,East,Kolkata
CUST001599,North,Delhi NCR
CUST001600,North,Delhi NCR
CUST001601,South,Bengaluru
CUST001602,North,Delhi NCR
CUST001603,North,Delhi NCR
CUST001604,North,Delhi NCR
CUST001605,North,Delhi NCR
CUST001606,Central,Nagpur
CUST001607,West,Mumbai
CUST001608,North,Delhi NCR
CUST001609,West,Mumbai
CUST001610,North,Delhi NCR
CUST001611,East,Kolkata
CUST001612,North,Delhi NCR
CUST001613,North,Delhi NCR
CUST001614,North,Delhi NCR
CUST001615,East,Kolkata
CUST001616,East,Kolkata
CUST001617,South,Bengaluru
CUST001618,West,Mumbai
CUST001619,West,Mumbai
CUST001620,West,Mumbai
CUST001621,East,Kolkata
CUST001622,East,Kolkata
CUST001623,East,Kolkata
CUST001624,South,Bengaluru
CUST001625,East,Kolkata
CUST001626,North,Delhi NCR
CUST001627,Central,Nagpur
CUST001628,South,Bengaluru
CUST001629,West,Mumbai
CUST001630,Central,Nagpur
CUST001631,East,Kolkata
CUST001632,Central,Nagpur
CUST001633,East,Kolkata
CUST001634,North,Delhi NCR
CUST001635,North,Delhi NCR
CUST001636,North,Delhi NCR
CUST001637,Central,Nagpur
CUST001638,East,Kolkata
CUST001639,South,Bengaluru
CUST001640,East,Kolkata
CUST001641,South,Bengaluru
CUST001642,Central,Nagpur
CUST001643,Central,Nagpur
CUST001644,North,Delhi NCR
CUST001645,West,Mumbai
CUST001646,South,Bengaluru
CUST001647,North,Delhi NCR
CUST001648,Central,Nagpur
CUST001649,North,Delhi NCR
CUST001650,South,Bengaluru
CUST001651,North,Delhi NCR
CUST001652,East,Kolkata
CUST001653,East,Kolkata
CUST001654,South,Bengaluru
CUST001655,North,Delhi NCR
CUST001656,North,Delhi NCR
CUST001657,Central,Nagpur
CUST001658,Central,Nagpur
CUST001659,Central,Nagpur
CUST001660,East,Kolkata
CUST001661,East,Kolkata
CUST001662,West,Mumbai
CUST001663,West,Mumbai
CUST001664,East,Kolkata
CUST001665,South,Bengaluru
CUST001666,East,Kolkata
CUST001667,North,Delhi NCR
CUST001668,North,Delhi NCR
CUST001669,West,Mumbai
CUST001670,Central,Nagpur
CUST001671,North,Delhi NCR
CUST001672,North,Delhi NCR
CUST001673,North,Delhi NCR
CUST001674,West,Mumbai
CUST001675,South,Bengaluru
CUST001676,South,Bengaluru
CUST001677,North,Delhi NCR
CUST001678,Central,Nagpur
CUST001679,East,Kolkata
CUST001680,West,Mumbai
CUST001681,West,Mumbai
CUST001682,North,Delhi NCR
CUST001683,Central,Nagpur
CUST001684,East,Kolkata
CUST001685,West,Mumbai
CUST001686,South,Bengaluru
CUST001687,Central,Nagpur
CUST001688,Central,Nagpur
CUST001689,East,Kolkata
CUST001690,North,Delhi NCR
CUST001691,Central,Nagpur
CUST001692,Central,Nagpur
CUST001693,East,Kolkata
CUST001694,East,Kolkata
CUST001695,South,Bengaluru
CUST001696,North,Delhi NCR
CUST001697,Central,Nagpur
CUST001698,East,Kolkata
CUST001699,South,Bengaluru
CUST001700,West,Mumbai
CUST001701,North,Delhi NCR
CUST001702,North,Delhi NCR
CUST001703,South,Bengaluru
CUST001704,East,Kolkata
CUST001705,South,Bengaluru
CUST001706,North,Delhi NCR
CUST001707,South,Bengaluru
CUST001708,South,Bengaluru
CUST001709,East,Kolkata
CUST001710,East,Kolkata
CUST001711,Central,Nagpur
CUST001712,Central,Nagpur
CUST001713,South,Bengaluru
CUST001714,Central,Nagpur
CUST001715,East,Kolkata
CUST001716,North,Delhi NCR
CUST001717,South,Bengaluru
CUST001718,West,Mumbai
CUST001719,Central,Nagpur
CUST001720,South,Bengaluru
CUST001721,North,Delhi NCR
CUST001722,North,Delhi NCR
CUST001723,North,Delhi NCR
CUST001724,West,Mumbai
CUST001725,East,Kolkata
CUST001726,East,Kolkata
CUST001727,West,Mumbai
CUST001728,Central,Nagpur
CUST001729,West,Mumbai
CUST001730,North,Delhi NCR
CUST001731,East,Kolkata
CUST001732,Central,Nagpur
CUST001733,West,Mumbai
CUST001734,South,Bengaluru
CUST001735,South,Bengaluru
CUST001736,Central,Nagpur
CUST001737,North,Delhi NCR
CUST001738,East,Kolkata
CUST001739,North,Delhi NCR
CUST001740,Central,Nagpur
CUST001741,North,Delhi NCR
CUST001742,North,Delhi NCR
CUST001743,South,Bengaluru
CUST001744,South,Bengaluru
CUST001745,East,Kolkata
CUST001746,South,Bengaluru
CUST001747,South,Bengaluru
CUST001748,East,Kolkata
CUST001749,East,Kolkata
CUST001750,Central,Nagpur
CUST001751,East,Kolkata
CUST001752,East,Kolkata
CUST001753,West,Mumbai
CUST001754,North,Delhi NCR
CUST001755,West,Mumbai
CUST001756,Central,Nagpur
CUST001757,South,Bengaluru
CUST001758,North,Delhi NCR
CUST001759,South,Bengaluru
CUST001760,South,Bengaluru
CUST001761,East,Kolkata
CUST001762,Central,Nagpur
CUST001763,East,Kolkata
CUST001764,North,Delhi NCR
CUST001765,South,Bengaluru
CUST001766,West,Mumbai
CUST001767,South,Bengaluru
CUST001768,East,Kolkata
CUST001769,West,Mumbai
CUST001770,South,Bengaluru
CUST001771,West,Mumbai
CUST001772,South,Bengaluru
CUST001773,North,Delhi NCR
CUST001774,South,Bengaluru
CUST001775,East,Kolkata
CUST001776,North,Delhi NCR
CUST001777,Central,Nagpur
CUST001778,East,Kolkata
CUST001779,North,Delhi NCR
CUST001780,Central,Nagpur
CUST001781,Central,Nagpur
CUST001782,North,Delhi NCR
CUST001783,North,Delhi NCR
CUST001784,South,Bengaluru
CUST001785,East,Kolkata
CUST001786,West,Mumbai
CUST001787,East,Kolkata
CUST001788,West,Mumbai
CUST001789,North,Delhi NCR
CUST001790,West,Mumbai
CUST001791,Central,Nagpur
CUST001792,East,Kolkata
CUST001793,East,Kolkata
CUST001794,South,Bengaluru
CUST001795,Central,Nagpur
CUST001796,North,Delhi NCR
CUST001797,South,Bengaluru
CUST001798,North,Delhi NCR
CUST001799,Central,Nagpur
CUST001800,East,Kolkata
CUST001801,Central,Nagpur
CUST001802,West,Mumbai
CUST001803,East,Kolkata
CUST001804,East,Kolkata
CUST001805,South,Bengaluru
CUST001806,East,Kolkata
CUST001807,West,Mumbai
CUST001808,Central,Nagpur
CUST001809,East,Kolkata
CUST001810,Central,Nagpur
CUST001811,Central,Nagpur
CUST001812,East,Kolkata
CUST001813,East,Kolkata
CUST001814,North,Delhi NCR
CUST001815,South,Bengaluru
CUST001816,Central,Nagpur
CUST001817,North,Delhi NCR
CUST001818,South,Bengaluru
CUST001819,West,Mumbai
CUST001820,South,Bengaluru
CUST001821,Central,Nagpur
CUST001822,West,Mumbai
CUST001823,North,Delhi NCR
CUST001824,South,Bengaluru
CUST001825,West,Mumbai
CUST001826,Central,Nagpur
CUST001827,Central,Nagpur
CUST001828,Central,Nagpur
CUST001829,North,Delhi NCR
CUST001830,West,Mumbai
CUST001831,North,Delhi NCR
CUST001832,North,Delhi NCR
CUST001833,West,Mumbai
CUST001834,East,Kolkata
CUST001835,West,Mumbai
CUST001836,Central,Nagpur
CUST001837,North,Delhi NCR
CUST001838,East,Kolkata
CUST001839,Central,Nagpur
CUST001840,East,Kolkata
CUST001841,East,Kolkata
CUST001842,East,Kolkata
CUST001843,Central,Nagpur
CUST001844,North,Delhi NCR
CUST001845,Central,Nagpur
CUST001846,Central,Nagpur
CUST001847,Central,Nagpur
CUST001848,East,Kolkata
CUST001849,East,Kolkata
CUST001850,South,Bengaluru
CUST001851,South,Bengaluru
CUST001852,Central,Nagpur
CUST001853,East,Kolkata
CUST001854,West,Mumbai
CUST001855,North,Delhi NCR
CUST001856,West,Mumbai
CUST001857,West,Mumbai
CUST001858,Central,Nagpur
CUST001859,North,Delhi NCR
CUST001860,East,Kolkata
CUST001861,East,Kolkata
CUST001862,East,Kolkata
CUST001863,North,Delhi NCR
CUST001864,East,Kolkata
CUST001865,South,Bengaluru
CUST001866,West,Mumbai
CUST001867,South,Bengaluru
CUST001868,East,Kolkata
CUST001869,West,Mumbai
CUST001870,North,Delhi NCR
CUST001871,West,Mumbai
CUST001872,West,Mumbai
CUST001873,North,Delhi NCR
CUST001874,North,Delhi NCR
CUST001875,Central,Nagpur
CUST001876,South,Bengaluru
CUST001877,Central,Nagpur
CUST001878,East,Kolkata
CUST001879,South,Bengaluru
CUST001880,South,Bengaluru
CUST001881,West,Mumbai
CUST001882,North,Delhi NCR
CUST001883,East,Kolkata
CUST001884,South,Bengaluru
CUST001885,North,Delhi NCR
CUST001886,South,Bengaluru
CUST001887,East,Kolkata
CUST001888,West,Mumbai
CUST001889,North,Delhi NCR
CUST001890,Central,Nagpur
CUST001891,Central,Nagpur
CUST001892,West,Mumbai
CUST001893,Central,Nagpur
CUST001894,East,Kolkata
CUST001895,Central,Nagpur
CUST001896,West,Mumbai
CUST001897,East,Kolkata
CUST001898,North,Delhi NCR
CUST001899,East,Kolkata
CUST001900,Central,Nagpur
CUST001901,Central,Nagpur
CUST001902,East,Kolkata
CUST001903,South,Bengaluru
CUST001904,West,Mumbai
CUST001905,North,Delhi NCR
CUST001906,North,Delhi NCR
CUST001907,East,Kolkata
CUST001908,Central,Nagpur
CUST001909,South,Bengaluru
CUST001910,East,Kolkata
CUST001911,South,Bengaluru
CUST001912,East,Kolkata
CUST001913,North,Delhi NCR
CUST001914,East,Kolkata
CUST001915,East,Kolkata
CUST001916,South,Bengaluru
CUST001917,South,Bengaluru
CUST001918,West,Mumbai
CUST001919,North,Delhi NCR
CUST001920,North,Delhi NCR
CUST001921,North,Delhi NCR
CUST001922,Central,Nagpur
CUST001923,South,Bengaluru
CUST001924,North,Delhi NCR
CUST001925,Central,Nagpur
CUST001926,North,Delhi NCR
CUST001927,South,Bengaluru
CUST001928,North,Delhi NCR
CUST001929,West,Mumbai
CUST001930,West,Mumbai
CUST001931,West,Mumbai
CUST001932,South,Bengaluru
CUST001933,South,Bengaluru
CUST001934,Central,Nagpur
CUST001935,Central,Nagpur
CUST001936,North,Delhi NCR
CUST001937,West,Mumbai
CUST001938,Central,Nagpur
CUST001939,East,Kolkata
CUST001940,West,Mumbai
CUST001941,North,Delhi NCR
CUST001942,North,Delhi NCR
CUST001943,North,Delhi NCR
CUST001944,North,Delhi NCR
CUST001945,Central,Nagpur
CUST001946,West,Mumbai
CUST001947,West,Mumbai
CUST001948,South,Bengaluru
CUST001949,Central,Nagpur
CUST001950,North,Delhi NCR
CUST001951,Central,Nagpur
CUST001952,North,Delhi NCR
CUST001953,North,Delhi NCR
CUST001954,North,Delhi NCR
CUST001955,West,Mumbai
CUST001956,South,Bengaluru
CUST001957,East,Kolkata
CUST001958,East,Kolkata
CUST001959,West,Mumbai
CUST001960,South,Bengaluru
CUST001961,North,Delhi NCR
CUST001962,South,Bengaluru
CUST001963,South,Bengaluru
CUST001964,West,Mumbai
CUST001965,West,Mumbai
CUST001966,North,Delhi NCR
CUST001967,West,Mumbai
CUST001968,North,Delhi NCR
CUST001969,West,Mumbai
CUST001970,South,Bengaluru
CUST001971,South,Bengaluru
CUST001972,East,Kolkata
CUST001973,South,Bengaluru
CUST001974,West,Mumbai
CUST001975,Central,Nagpur
CUST001976,Central,Nagpur
CUST001977,East,Kolkata
CUST001978,East,Kolkata
CUST001979,East,Kolkata
CUST001980,West,Mumbai
CUST001981,East,Kolkata
CUST001982,East,Kolkata
CUST001983,East,Kolkata
CUST001984,South,Bengaluru
CUST001985,East,Kolkata
CUST001986,West,Mumbai
CUST001987,East,Kolkata
CUST001988,Central,Nagpur
CUST001989,Central,Nagpur
CUST001990,East,Kolkata
CUST001991,Central,Nagpur
CUST001992,North,Delhi NCR
CUST001993,Central,Nagpur
CUST001994,South,Bengaluru
CUST001995,East,Kolkata
CUST001996,South,Bengaluru
CUST001997,East,Kolkata
CUST001998,South,Bengaluru
CUST001999,West,Mumbai
CUST002000,North,Delhi NCR
CUST002001,Central,Nagpur
CUST002002,Central,Nagpur
CUST002003,East,Kolkata
CUST002004,East,Kolkata
CUST002005,West,Mumbai
CUST002006,North,Delhi NCR
CUST002007,West,Mumbai
CUST002008,South,Bengaluru
CUST002009,West,Mumbai
CUST002010,South,Bengaluru
CUST002011,West,Mumbai
CUST002012,West,Mumbai
CUST002013,South,Bengaluru
CUST002014,West,Mumbai
CUST002015,East,Kolkata
CUST002016,South,Bengaluru
CUST002017,East,Kolkata
CUST002018,Central,Nagpur
CUST002019,North,Delhi NCR
CUST002020,Central,Nagpur
CUST002021,Central,Nagpur
CUST002022,East,Kolkata
CUST002023,West,Mumbai
CUST002024,South,Bengaluru
CUST002025,North,Delhi NCR
CUST002026,East,Kolkata
CUST002027,Central,Nagpur
CUST002028,South,Bengaluru
CUST002029,West,Mumbai
CUST002030,West,Mumbai
CUST002031,West,Mumbai
CUST002032,South,Bengaluru
CUST002033,South,Bengaluru
CUST002034,East,Kolkata
CUST002035,Central,Nagpur
CUST002036,Central,Nagpur
CUST002037,East,Kolkata
CUST002038,Central,Nagpur
CUST002039,East,Kolkata
CUST002040,South,Bengaluru
CUST002041,North,Delhi NCR
CUST002042,West,Mumbai
CUST002043,West,Mumbai
CUST002044,Central,Nagpur
CUST002045,West,Mumbai
CUST002046,North,Delhi NCR
CUST002047,East,Kolkata
CUST002048,West,Mumbai
CUST002049,East,Kolkata
CUST002050,East,Kolkata
CUST002051,Central,Nagpur
CUST002052,West,Mumbai
CUST002053,West,Mumbai
CUST002054,East,Kolkata
CUST002055,South,Bengaluru
CUST002056,East,Kolkata
CUST002057,Central,Nagpur
CUST002058,West,Mumbai
CUST002059,West,Mumbai
CUST002060,North,Delhi NCR
CUST002061,Central,Nagpur
CUST002062,South,Bengaluru
CUST002063,Central,Nagpur
CUST002064,East,Kolkata
CUST002065,Central,Nagpur
CUST002066,Central,Nagpur
CUST002067,West,Mumbai
CUST002068,Central,Nagpur
CUST002069,West,Mumbai
CUST002070,Central,Nagpur
CUST002071,North,Delhi NCR
CUST002072,North,Delhi NCR
CUST002073,East,Kolkata
CUST002074,Central,Nagpur
CUST002075,West,Mumbai
CUST002076,East,Kolkata
CUST002077,East,Kolkata
CUST002078,West,Mumbai
CUST002079,Central,Nagpur
CUST002080,Central,Nagpur
CUST002081,North,Delhi NCR
CUST002082,East,Kolkata
CUST002083,South,Bengaluru
CUST002084,West,Mumbai
CUST002085,East,Kolkata
CUST002086,Central,Nagpur
CUST002087,East,Kolkata
CUST002088,West,Mumbai
CUST002089,North,Delhi NCR
CUST002090,Central,Nagpur
CUST002091,North,Delhi NCR
CUST002092,South,Bengaluru
CUST002093,Central,Nagpur
CUST002094,Central,Nagpur
CUST002095,East,Kolkata
CUST002096,East,Kolkata
CUST002097,North,Delhi NCR
CUST002098,Central,Nagpur
CUST002099,North,Delhi NCR
CUST002100,North,Delhi NCR
CUST002101,East,Kolkata
CUST002102,North,Delhi NCR
CUST002103,North,Delhi NCR
CUST002104,West,Mumbai
CUST002105,West,Mumbai
CUST002106,South,Bengaluru
CUST002107,West,Mumbai
CUST002108,West,Mumbai
CUST002109,South,Bengaluru
CUST002110,West,Mumbai
CUST002111,East,Kolkata
CUST002112,Central,Nagpur
CUST002113,North,Delhi NCR
CUST002114,South,Bengaluru
CUST002115,South,Bengaluru
CUST002116,South,Bengaluru
CUST002117,Central,Nagpur
CUST002118,West,Mumbai
CUST002119,East,Kolkata
CUST002120,East,Kolkata
CUST002121,Central,Nagpur
CUST002122,East,Kolkata
CUST002123,South,Bengaluru
CUST002124,North,Delhi NCR
CUST002125,South,Bengaluru
CUST002126,West,Mumbai
CUST002127,East,Kolkata
CUST002128,East,Kolkata
CUST002129,East,Kolkata
CUST002130,Central,Nagpur
CUST002131,Central,Nagpur
CUST002132,North,Delhi NCR
CUST002133,North,Delhi NCR
CUST002134,South,Bengaluru
CUST002135,Central,Nagpur
CUST002136,East,Kolkata
CUST002137,Central,Nagpur
CUST002138,West,Mumbai
CUST002139,East,Kolkata
CUST002140,South,Bengaluru
CUST002141,South,Bengaluru
CUST002142,North,Delhi NCR
CUST002143,East,Kolkata
CUST002144,South,Bengaluru
CUST002145,South,Bengaluru
CUST002146,North,Delhi NCR
CUST002147,West,Mumbai
CUST002148,Central,Nagpur
CUST002149,East,Kolkata
CUST002150,East,Kolkata
CUST002151,Central,Nagpur
CUST002152,East,Kolkata
CUST002153,West,Mumbai
CUST002154,East,Kolkata
CUST002155,East,Kolkata
CUST002156,East,Kolkata
CUST002157,West,Mumbai
CUST002158,West,Mumbai
CUST002159,East,Kolkata
CUST002160,North,Delhi NCR
CUST002161,Central,Nagpur
CUST002162,Central,Nagpur
CUST002163,North,Delhi NCR
CUST002164,South,Bengaluru
CUST002165,Central,Nagpur
CUST002166,South,Bengaluru
CUST002167,Central,Nagpur
CUST002168,West,Mumbai
CUST002169,Central,Nagpur
CUST002170,North,Delhi NCR
CUST002171,East,Kolkata
CUST002172,East,Kolkata
CUST002173,Central,Nagpur
CUST002174,South,Bengaluru
CUST002175,South,Bengaluru
CUST002176,North,Delhi NCR
CUST002177,West,Mumbai
CUST002178,Central,Nagpur
CUST002179,North,Delhi NCR
CUST002180,South,Bengaluru
CUST002181,South,Bengaluru
CUST002182,Central,Nagpur
CUST002183,East,Kolkata
CUST002184,South,Bengaluru
CUST002185,South,Bengaluru
CUST002186,East,Kolkata
CUST002187,South,Bengaluru
CUST002188,North,Delhi NCR
CUST002189,Central,Nagpur
CUST002190,East,Kolkata
CUST002191,South,Bengaluru
CUST002192,West,Mumbai
CUST002193,West,Mumbai
CUST002194,North,Delhi NCR
CUST002195,North,Delhi NCR
CUST002196,North,Delhi NCR
CUST002197,West,Mumbai
CUST002198,West,Mumbai
CUST002199,West,Mumbai
CUST002200,West,Mumbai
CUST002201,East,Kolkata
CUST002202,East,Kolkata
CUST002203,West,Mumbai
CUST002204,South,Bengaluru
CUST002205,Central,Nagpur
CUST002206,Central,Nagpur
CUST002207,Central,Nagpur
CUST002208,Central,Nagpur
CUST002209,South,Bengaluru
CUST002210,North,Delhi NCR
CUST002211,East,Kolkata
CUST002212,West,Mumbai
CUST002213,West,Mumbai
CUST002214,South,Bengaluru
CUST002215,South,Bengaluru
CUST002216,East,Kolkata
CUST002217,Central,Nagpur
CUST002218,North,Delhi NCR
CUST002219,South,Bengaluru
CUST002220,South,Bengaluru
CUST002221,Central,Nagpur
CUST002222,East,Kolkata
CUST002223,North,Delhi NCR
CUST002224,South,Bengaluru
CUST002225,North,Delhi NCR
CUST002226,East,Kolkata
CUST002227,Central,Nagpur
CUST002228,East,Kolkata
CUST002229,Central,Nagpur
CUST002230,West,Mumbai
CUST002231,Central,Nagpur
CUST002232,South,Bengaluru
CUST002233,Central,Nagpur
CUST002234,South,Bengaluru
CUST002235,East,Kolkata
CUST002236,West,Mumbai
CUST002237,South,Bengaluru
CUST002238,South,Bengaluru
CUST002239,North,Delhi NCR
CUST002240,North,Delhi NCR
CUST002241,East,Kolkata
CUST002242,Central,Nagpur
CUST002243,South,Bengaluru
CUST002244,East,Kolkata
CUST002245,Central,Nagpur
CUST002246,West,Mumbai
CUST002247,North,Delhi NCR
CUST002248,East,Kolkata
CUST002249,North,Delhi NCR
CUST002250,South,Bengaluru
CUST002251,South,Bengaluru
CUST002252,West,Mumbai
CUST002253,North,Delhi NCR
CUST002254,South,Bengaluru
CUST002255,South,Bengaluru
CUST002256,South,Bengaluru
CUST002257,West,Mumbai
CUST002258,South,Bengaluru
CUST002259,South,Bengaluru
CUST002260,East,Kolkata
CUST002261,West,Mumbai
CUST002262,North,Delhi NCR
CUST002263,Central,Nagpur
CUST002264,Central,Nagpur
CUST002265,West,Mumbai
CUST002266,East,Kolkata
CUST002267,West,Mumbai
CUST002268,East,Kolkata
CUST002269,South,Bengaluru
CUST002270,South,Bengaluru
CUST002271,North,Delhi NCR
CUST002272,Central,Nagpur
CUST002273,South,Bengaluru
CUST002274,South,Bengaluru
CUST002275,Central,Nagpur
CUST002276,East,Kolkata
CUST002277,West,Mumbai
CUST002278,South,Bengaluru
CUST002279,South,Bengaluru
CUST002280,West,Mumbai
CUST002281,East,Kolkata
CUST002282,North,Delhi NCR
CUST002283,Central,Nagpur
CUST002284,East,Kolkata
CUST002285,West,Mumbai
CUST002286,South,Bengaluru
CUST002287,East,Kolkata
CUST002288,West,Mumbai
CUST002289,Central,Nagpur
CUST002290,South,Bengaluru
CUST002291,West,Mumbai
CUST002292,Central,Nagpur
CUST002293,West,Mumbai
CUST002294,North,Delhi NCR
CUST002295,North,Delhi NCR
CUST002296,South,Bengaluru
CUST002297,North,Delhi NCR
CUST002298,West,Mumbai
CUST002299,Central,Nagpur
CUST002300,East,Kolkata
CUST002301,East,Kolkata
CUST002302,West,Mumbai
CUST002303,East,Kolkata
CUST002304,East,Kolkata
CUST002305,East,Kolkata
CUST002306,South,Bengaluru
CUST002307,North,Delhi NCR
CUST002308,East,Kolkata
CUST002309,Central,Nagpur
CUST002310,North,Delhi NCR
CUST002311,South,Bengaluru
CUST002312,South,Bengaluru
CUST002313,Central,Nagpur
CUST002314,East,Kolkata
CUST002315,East,Kolkata
CUST002316,West,Mumbai
CUST002317,South,Bengaluru
CUST002318,West,Mumbai
CUST002319,North,Delhi NCR
CUST002320,North,Delhi NCR
CUST002321,Central,Nagpur
CUST002322,West,Mumbai
CUST002323,North,Delhi NCR
CUST002324,East,Kolkata
CUST002325,North,Delhi NCR
CUST002326,West,Mumbai
CUST002327,West,Mumbai
CUST002328,South,Bengaluru
CUST002329,South,Bengaluru
CUST002330,South,Bengaluru
CUST002331,South,Bengaluru
CUST002332,South,Bengaluru
CUST002333,South,Bengaluru
CUST002334,East,Kolkata
CUST002335,Central,Nagpur
CUST002336,West,Mumbai
CUST002337,South,Bengaluru
CUST002338,Central,Nagpur
CUST002339,South,Bengaluru
CUST002340,Central,Nagpur
CUST002341,South,Bengaluru
CUST002342,East,Kolkata
CUST002343,South,Bengaluru
CUST002344,West,Mumbai
CUST002345,South,Bengaluru
CUST002346,Central,Nagpur
CUST002347,North,Delhi NCR
CUST002348,East,Kolkata
CUST002349,North,Delhi NCR
CUST002350,Central,Nagpur
CUST002351,East,Kolkata
CUST002352,West,Mumbai
CUST002353,Central,Nagpur
CUST002354,East,Kolkata
CUST002355,North,Delhi NCR
CUST002356,South,Bengaluru
CUST002357,South,Bengaluru
CUST002358,Central,Nagpur
CUST002359,Central,Nagpur
CUST002360,East,Kolkata
CUST002361,Central,Nagpur
CUST002362,South,Bengaluru
CUST002363,West,Mumbai
CUST002364,South,Bengaluru
CUST002365,South,Bengaluru
CUST002366,South,Bengaluru
CUST002367,East,Kolkata
CUST002368,South,Bengaluru
CUST002369,South,Bengaluru
CUST002370,South,Bengaluru
CUST002371,North,Delhi NCR
CUST002372,Central,Nagpur
CUST002373,South,Bengaluru
CUST002374,North,Delhi NCR
CUST002375,East,Kolkata
CUST002376,Central,Nagpur
CUST002377,South,Bengaluru
CUST002378,Central,Nagpur
CUST002379,West,Mumbai
CUST002380,West,Mumbai
CUST002381,South,Bengaluru
CUST002382,North,Delhi NCR
CUST002383,South,Bengaluru
CUST002384,Central,Nagpur
CUST002385,West,Mumbai
CUST002386,West,Mumbai
CUST002387,Central,Nagpur
CUST002388,South,Bengaluru
CUST002389,South,Bengaluru
CUST002390,Central,Nagpur
CUST002391,East,Kolkata
CUST002392,South,Bengaluru
CUST002393,South,Bengaluru
CUST002394,Central,Nagpur
CUST002395,North,Delhi NCR
CUST002396,North,Delhi NCR
CUST002397,West,Mumbai
CUST002398,North,Delhi NCR
CUST002399,North,Delhi NCR
CUST002400,Central,Nagpur
CUST002401,East,Kolkata
CUST002402,West,Mumbai
CUST002403,East,Kolkata
CUST002404,North,Delhi NCR
CUST002405,North,Delhi NCR
CUST002406,West,Mumbai
CUST002407,North,Delhi NCR
CUST002408,East,Kolkata
CUST002409,South,Bengaluru
CUST002410,South,Bengaluru
CUST002411,Central,Nagpur
CUST002412,West,Mumbai
CUST002413,West,Mumbai
CUST002414,South,Bengaluru
CUST002415,South,Bengaluru
CUST002416,West,Mumbai
CUST002417,North,Delhi NCR
CUST002418,South,Bengaluru
CUST002419,West,Mumbai
CUST002420,West,Mumbai
CUST002421,North,Delhi NCR
CUST002422,West,Mumbai
CUST002423,East,Kolkata
CUST002424,South,Bengaluru
CUST002425,West,Mumbai
CUST002426,Central,Nagpur
CUST002427,East,Kolkata
CUST002428,South,Bengaluru
CUST002429,South,Bengaluru
CUST002430,East,Kolkata
CUST002431,North,Delhi NCR
CUST002432,East,Kolkata
CUST002433,North,Delhi NCR
CUST002434,North,Delhi NCR
CUST002435,East,Kolkata
CUST002436,West,Mumbai
CUST002437,Central,Nagpur
CUST002438,North,Delhi NCR
CUST002439,South,Bengaluru
CUST002440,East,Kolkata
CUST002441,East,Kolkata
CUST002442,Central,Nagpur
CUST002443,West,Mumbai
CUST002444,East,Kolkata
CUST002445,North,Delhi NCR
CUST002446,North,Delhi NCR
CUST002447,North,Delhi NCR
CUST002448,West,Mumbai
CUST002449,South,Bengaluru
CUST002450,South,Bengaluru
CUST002451,West,Mumbai
CUST002452,Central,Nagpur
CUST002453,East,Kolkata
CUST002454,Central,Nagpur
CUST002455,West,Mumbai
CUST002456,West,Mumbai
CUST002457,Central,Nagpur
CUST002458,North,Delhi NCR
CUST002459,West,Mumbai
CUST002460,Central,Nagpur
CUST002461,Central,Nagpur
CUST002462,East,Kolkata
CUST002463,West,Mumbai
CUST002464,Central,Nagpur
CUST002465,Central,Nagpur
CUST002466,Central,Nagpur
CUST002467,Central,Nagpur
CUST002468,South,Bengaluru
CUST002469,West,Mumbai
CUST002470,East,Kolkata
CUST002471,Central,Nagpur
CUST002472,Central,Nagpur
CUST002473,Central,Nagpur
CUST002474,East,Kolkata
CUST002475,East,Kolkata
CUST002476,North,Delhi NCR
CUST002477,West,Mumbai
CUST002478,East,Kolkata
CUST002479,East,Kolkata
CUST002480,West,Mumbai
CUST002481,Central,Nagpur
CUST002482,North,Delhi NCR
CUST002483,East,Kolkata
CUST002484,West,Mumbai
CUST002485,Central,Nagpur
CUST002486,West,Mumbai
CUST002487,West,Mumbai
CUST002488,Central,Nagpur
CUST002489,Central,Nagpur
CUST002490,West,Mumbai
CUST002491,South,Bengaluru
CUST002492,East,Kolkata
CUST002493,West,Mumbai
CUST002494,North,Delhi NCR
CUST002495,West,Mumbai
CUST002496,East,Kolkata
CUST002497,Central,Nagpur
CUST002498,South,Bengaluru
CUST002499,Central,Nagpur
CUST002500,East,Kolkata
CUST002501,East,Kolkata
CUST002502,West,Mumbai
CUST002503,East,Kolkata
CUST002504,Central,Nagpur
CUST002505,North,Delhi NCR
CUST002506,West,Mumbai
CUST002507,Central,Nagpur
CUST002508,South,Bengaluru
CUST002509,South,Bengaluru
CUST002510,East,Kolkata
CUST002511,West,Mumbai
CUST002512,Central,Nagpur
CUST002513,West,Mumbai
CUST002514,West,Mumbai
CUST002515,East,Kolkata
CUST002516,West,Mumbai
CUST002517,South,Bengaluru
CUST002518,East,Kolkata
CUST002519,North,Delhi NCR
CUST002520,North,Delhi NCR
CUST002521,Central,Nagpur
CUST002522,Central,Nagpur
CUST002523,East,Kolkata
CUST002524,North,Delhi NCR
CUST002525,North,Delhi NCR
CUST002526,North,Delhi NCR
CUST002527,West,Mumbai
CUST002528,South,Bengaluru
CUST002529,South,Bengaluru
CUST002530,Central,Nagpur
CUST002531,Central,Nagpur
CUST002532,West,Mumbai
CUST002533,South,Bengaluru
CUST002534,East,Kolkata
CUST002535,South,Bengaluru
CUST002536,Central,Nagpur
CUST002537,North,Delhi NCR
CUST002538,West,Mumbai
CUST002539,East,Kolkata
CUST002540,West,Mumbai
CUST002541,East,Kolkata
CUST002542,North,Delhi NCR
CUST002543,West,Mumbai
CUST002544,West,Mumbai
CUST002545,East,Kolkata
CUST002546,South,Bengaluru
CUST002547,South,Bengaluru
CUST002548,East,Kolkata
CUST002549,South,Bengaluru
CUST002550,South,Bengaluru
CUST002551,South,Bengaluru
CUST002552,North,Delhi NCR
CUST002553,Central,Nagpur
CUST002554,South,Bengaluru
CUST002555,North,Delhi NCR
CUST002556,North,Delhi NCR
CUST002557,Central,Nagpur
CUST002558,East,Kolkata
CUST002559,South,Bengaluru
CUST002560,East,Kolkata
CUST002561,North,Delhi NCR
CUST002562,South,Bengaluru
CUST002563,South,Bengaluru
CUST002564,Central,Nagpur
CUST002565,North,Delhi NCR
CUST002566,East,Kolkata
CUST002567,West,Mumbai
CUST002568,Central,Nagpur
CUST002569,East,Kolkata
CUST002570,South,Bengaluru
CUST002571,South,Bengaluru
CUST002572,South,Bengaluru
CUST002573,West,Mumbai
CUST002574,South,Bengaluru
CUST002575,West,Mumbai
CUST002576,West,Mumbai
CUST002577,Central,Nagpur
CUST002578,South,Bengaluru
CUST002579,Central,Nagpur
CUST002580,East,Kolkata
CUST002581,West,Mumbai
CUST002582,West,Mumbai
CUST002583,Central,Nagpur
CUST002584,East,Kolkata
CUST002585,West,Mumbai
CUST002586,South,Bengaluru
CUST002587,East,Kolkata
CUST002588,East,Kolkata
CUST002589,West,Mumbai
CUST002590,West,Mumbai
CUST002591,North,Delhi NCR
CUST002592,Central,Nagpur
CUST002593,West,Mumbai
CUST002594,North,Delhi NCR
CUST002595,Central,Nagpur
CUST002596,West,Mumbai
CUST002597,North,Delhi NCR
CUST002598,East,Kolkata
CUST002599,Central,Nagpur
CUST002600,South,Bengaluru
CUST002601,Central,Nagpur
CUST002602,East,Kolkata
CUST002603,South,Bengaluru
CUST002604,South,Bengaluru
CUST002605,East,Kolkata
CUST002606,West,Mumbai
CUST002607,Central,Nagpur
CUST002608,North,Delhi NCR
CUST002609,Central,Nagpur
CUST002610,East,Kolkata
CUST002611,North,Delhi NCR
CUST002612,Central,Nagpur
CUST002613,South,Bengaluru
CUST002614,West,Mumbai
CUST002615,West,Mumbai
CUST002616,North,Delhi NCR
CUST002617,South,Bengaluru
CUST002618,West,Mumbai
CUST002619,South,Bengaluru
CUST002620,North,Delhi NCR
CUST002621,North,Delhi NCR
CUST002622,Central,Nagpur
CUST002623,North,Delhi NCR
CUST002624,North,Delhi NCR
CUST002625,East,Kolkata
CUST002626,North,Delhi NCR
CUST002627,West,Mumbai
CUST002628,East,Kolkata
CUST002629,West,Mumbai
CUST002630,East,Kolkata
CUST002631,West,Mumbai
CUST002632,West,Mumbai
CUST002633,East,Kolkata
CUST002634,North,Delhi NCR
CUST002635,South,Bengaluru
CUST002636,North,Delhi NCR
CUST002637,North,Delhi NCR
CUST002638,South,Bengaluru
CUST002639,South,Bengaluru
CUST002640,North,Delhi NCR
CUST002641,South,Bengaluru
CUST002642,East,Kolkata
CUST002643,North,Delhi NCR
CUST002644,South,Bengaluru
CUST002645,North,Delhi NCR
CUST002646,North,Delhi NCR
CUST002647,North,Delhi NCR
CUST002648,East,Kolkata
CUST002649,West,Mumbai
CUST002650,West,Mumbai
CUST002651,West,Mumbai
CUST002652,West,Mumbai
CUST002653,Central,Nagpur
CUST002654,South,Bengaluru
CUST002655,West,Mumbai
CUST002656,Central,Nagpur
CUST002657,East,Kolkata
CUST002658,Central,Nagpur
CUST002659,North,Delhi NCR
CUST002660,Central,Nagpur
CUST002661,East,Kolkata
CUST002662,South,Bengaluru
CUST002663,North,Delhi NCR
CUST002664,West,Mumbai
CUST002665,East,Kolkata
CUST002666,South,Bengaluru
CUST002667,South,Bengaluru
CUST002668,Central,Nagpur
CUST002669,East,Kolkata
CUST002670,North,Delhi NCR
CUST002671,South,Bengaluru
CUST002672,North,Delhi NCR
CUST002673,West,Mumbai
CUST002674,Central,Nagpur
CUST002675,Central,Nagpur
CUST002676,West,Mumbai
CUST002677,West,Mumbai
CUST002678,East,Kolkata
CUST002679,West,Mumbai
CUST002680,North,Delhi NCR
CUST002681,East,Kolkata
CUST002682,East,Kolkata
CUST002683,North,Delhi NCR
CUST002684,East,Kolkata
CUST002685,West,Mumbai
CUST002686,South,Bengaluru
CUST002687,East,Kolkata
CUST002688,South,Bengaluru
CUST002689,South,Bengaluru
CUST002690,North,Delhi NCR
CUST002691,South,Bengaluru
CUST002692,Central,Nagpur
CUST002693,Central,Nagpur
CUST002694,West,Mumbai
CUST002695,West,Mumbai
CUST002696,West,Mumbai
CUST002697,East,Kolkata
CUST002698,East,Kolkata
CUST002699,West,Mumbai
CUST002700,West,Mumbai
CUST002701,East,Kolkata
CUST002702,East,Kolkata
CUST002703,East,Kolkata
CUST002704,South,Bengaluru
CUST002705,South,Bengaluru
CUST002706,North,Delhi NCR
CUST002707,East,Kolkata
CUST002708,West,Mumbai
CUST002709,West,Mumbai
CUST002710,Central,Nagpur
CUST002711,North,Delhi NCR
CUST002712,West,Mumbai
CUST002713,West,Mumbai
CUST002714,East,Kolkata
CUST002715,South,Bengaluru
CUST002716,South,Bengaluru
CUST002717,West,Mumbai
CUST002718,Central,Nagpur
CUST002719,West,Mumbai
CUST002720,East,Kolkata
CUST002721,West,Mumbai
CUST002722,North,Delhi NCR
CUST002723,West,Mumbai
CUST002724,North,Delhi NCR
CUST002725,Central,Nagpur
CUST002726,Central,Nagpur
CUST002727,East,Kolkata
CUST002728,South,Bengaluru
CUST002729,West,Mumbai
CUST002730,West,Mumbai
CUST002731,West,Mumbai
CUST002732,East,Kolkata
CUST002733,South,Bengaluru
CUST002734,North,Delhi NCR
CUST002735,South,Bengaluru
CUST002736,East,Kolkata
CUST002737,East,Kolkata
CUST002738,East,Kolkata
CUST002739,South,Bengaluru
CUST002740,Central,Nagpur
CUST002741,South,Bengaluru
CUST002742,Central,Nagpur
CUST002743,South,Bengaluru
CUST002744,East,Kolkata
CUST002745,West,Mumbai
CUST002746,South,Bengaluru
CUST002747,South,Bengaluru
CUST002748,South,Bengaluru
CUST002749,Central,Nagpur
CUST002750,North,Delhi NCR
CUST002751,East,Kolkata
CUST002752,West,Mumbai
CUST002753,West,Mumbai
CUST002754,East,Kolkata
CUST002755,North,Delhi NCR
CUST002756,North,Delhi NCR
CUST002757,East,Kolkata
CUST002758,Central,Nagpur
CUST002759,North,Delhi NCR
CUST002760,Central,Nagpur
CUST002761,West,Mumbai
CUST002762,North,Delhi NCR
CUST002763,South,Bengaluru
CUST002764,South,Bengaluru
CUST002765,Central,Nagpur
CUST002766,East,Kolkata
CUST002767,South,Bengaluru
CUST002768,South,Bengaluru
CUST002769,East,Kolkata
CUST002770,North,Delhi NCR
CUST002771,South,Bengaluru
CUST002772,North,Delhi NCR
CUST002773,West,Mumbai
CUST002774,West,Mumbai
CUST002775,East,Kolkata
CUST002776,North,Delhi NCR
CUST002777,South,Bengaluru
CUST002778,Central,Nagpur
CUST002779,South,Bengaluru
CUST002780,North,Delhi NCR
CUST002781,North,Delhi NCR
CUST002782,Central,Nagpur
CUST002783,North,Delhi NCR
CUST002784,East,Kolkata
CUST002785,Central,Nagpur
CUST002786,West,Mumbai
CUST002787,East,Kolkata
CUST002788,South,Bengaluru
CUST002789,North,Delhi NCR
CUST002790,North,Delhi NCR
CUST002791,Central,Nagpur
CUST002792,North,Delhi NCR
CUST002793,North,Delhi NCR
CUST002794,Central,Nagpur
CUST002795,East,Kolkata
CUST002796,South,Bengaluru
CUST002797,West,Mumbai
CUST002798,East,Kolkata
CUST002799,Central,Nagpur
CUST002800,East,Kolkata
CUST002801,West,Mumbai
CUST002802,Central,Nagpur
CUST002803,East,Kolkata
CUST002804,South,Bengaluru
CUST002805,Central,Nagpur
CUST002806,South,Bengaluru
CUST002807,North,Delhi NCR
CUST002808,East,Kolkata
CUST002809,Central,Nagpur
CUST002810,North,Delhi NCR
CUST002811,Central,Nagpur
CUST002812,Central,Nagpur
CUST002813,Central,Nagpur
CUST002814,East,Kolkata
CUST002815,South,Bengaluru
CUST002816,East,Kolkata
CUST002817,North,Delhi NCR
CUST002818,Central,Nagpur
CUST002819,West,Mumbai
CUST002820,East,Kolkata
CUST002821,East,Kolkata
CUST002822,West,Mumbai
CUST002823,East,Kolkata
CUST002824,Central,Nagpur
CUST002825,Central,Nagpur
CUST002826,Central,Nagpur
CUST002827,West,Mumbai
CUST002828,West,Mumbai
CUST002829,South,Bengaluru
CUST002830,North,Delhi NCR
CUST002831,East,Kolkata
CUST002832,Central,Nagpur
CUST002833,North,Delhi NCR
CUST002834,East,Kolkata
CUST002835,North,Delhi NCR
CUST002836,East,Kolkata
CUST002837,North,Delhi NCR
CUST002838,West,Mumbai
CUST002839,Central,Nagpur
CUST002840,West,Mumbai
CUST002841,West,Mumbai
CUST002842,South,Bengaluru
CUST002843,East,Kolkata
CUST002844,North,Delhi NCR
CUST002845,South,Bengaluru
CUST002846,East,Kolkata
CUST002847,West,Mumbai
CUST002848,North,Delhi NCR
CUST002849,Central,Nagpur
CUST002850,East,Kolkata
CUST002851,Central,Nagpur
CUST002852,East,Kolkata
CUST002853,East,Kolkata
CUST002854,West,Mumbai
CUST002855,Central,Nagpur
CUST002856,North,Delhi NCR
CUST002857,East,Kolkata
CUST002858,North,Delhi NCR
CUST002859,East,Kolkata
CUST002860,Central,Nagpur
CUST002861,Central,Nagpur
CUST002862,South,Bengaluru
CUST002863,South,Bengaluru
CUST002864,East,Kolkata
CUST002865,South,Bengaluru
CUST002866,North,Delhi NCR
CUST002867,South,Bengaluru
CUST002868,East,Kolkata
CUST002869,East,Kolkata
CUST002870,Central,Nagpur
CUST002871,East,Kolkata
CUST002872,South,Bengaluru
CUST002873,West,Mumbai
CUST002874,West,Mumbai
CUST002875,East,Kolkata
CUST002876,East,Kolkata
CUST002877,South,Bengaluru
CUST002878,Central,Nagpur
CUST002879,Central,Nagpur
CUST002880,North,Delhi NCR
CUST002881,South,Bengaluru
CUST002882,South,Bengaluru
CUST002883,Central,Nagpur
CUST002884,North,Delhi NCR
CUST002885,South,Bengaluru
CUST002886,South,Bengaluru
CUST002887,East,Kolkata
CUST002888,South,Bengaluru
CUST002889,East,Kolkata
CUST002890,West,Mumbai
CUST002891,Central,Nagpur
CUST002892,North,Delhi NCR
CUST002893,North,Delhi NCR
CUST002894,North,Delhi NCR
CUST002895,Central,Nagpur
CUST002896,West,Mumbai
CUST002897,East,Kolkata
CUST002898,West,Mumbai
CUST002899,East,Kolkata
CUST002900,South,Bengaluru
CUST002901,East,Kolkata
CUST002902,West,Mumbai
CUST002903,North,Delhi NCR
CUST002904,West,Mumbai
CUST002905,East,Kolkata
CUST002906,North,Delhi NCR
CUST002907,South,Bengaluru
CUST002908,East,Kolkata
CUST002909,South,Bengaluru
CUST002910,South,Bengaluru
CUST002911,West,Mumbai
CUST002912,East,Kolkata
CUST002913,East,Kolkata
CUST002914,West,Mumbai
CUST002915,North,Delhi NCR
CUST002916,South,Bengaluru
CUST002917,North,Delhi NCR
CUST002918,Central,Nagpur
CUST002919,North,Delhi NCR
CUST002920,Central,Nagpur
CUST002921,North,Delhi NCR
CUST002922,South,Bengaluru
CUST002923,West,Mumbai
CUST002924,Central,Nagpur
CUST002925,North,Delhi NCR
CUST002926,South,Bengaluru
CUST002927,Central,Nagpur
CUST002928,South,Bengaluru
CUST002929,South,Bengaluru
CUST002930,West,Mumbai
CUST002931,North,Delhi NCR
CUST002932,Central,Nagpur
CUST002933,Central,Nagpur
CUST002934,Central,Nagpur
CUST002935,South,Bengaluru
CUST002936,North,Delhi NCR
CUST002937,East,Kolkata
CUST002938,South,Bengaluru
CUST002939,Central,Nagpur
CUST002940,West,Mumbai
CUST002941,Central,Nagpur
CUST002942,West,Mumbai
CUST002943,West,Mumbai
CUST002944,North,Delhi NCR
CUST002945,North,Delhi NCR
CUST002946,North,Delhi NCR
CUST002947,East,Kolkata
CUST002948,South,Bengaluru
CUST002949,Central,Nagpur
CUST002950,North,Delhi NCR
CUST002951,Central,Nagpur
CUST002952,West,Mumbai
CUST002953,North,Delhi NCR
CUST002954,North,Delhi NCR
CUST002955,South,Bengaluru
CUST002956,South,Bengaluru
CUST002957,South,Bengaluru
CUST002958,East,Kolkata
CUST002959,North,Delhi NCR
CUST002960,North,Delhi NCR
CUST002961,West,Mumbai
CUST002962,Central,Nagpur
CUST002963,South,Bengaluru
CUST002964,Central,Nagpur
CUST002965,South,Bengaluru
CUST002966,South,Bengaluru
CUST002967,North,Delhi NCR
CUST002968,East,Kolkata
CUST002969,East,Kolkata
CUST002970,West,Mumbai
CUST002971,North,Delhi NCR
CUST002972,North,Delhi NCR
CUST002973,East,Kolkata
CUST002974,North,Delhi NCR
CUST002975,North,Delhi NCR
CUST002976,West,Mumbai
CUST002977,Central,Nagpur
CUST002978,East,Kolkata
CUST002979,North,Delhi NCR
CUST002980,Central,Nagpur
CUST002981,East,Kolkata
CUST002982,West,Mumbai
CUST002983,North,Delhi NCR
CUST002984,East,Kolkata
CUST002985,North,Delhi NCR
CUST002986,West,Mumbai
CUST002987,South,Bengaluru
CUST002988,Central,Nagpur
CUST002989,North,Delhi NCR
CUST002990,West,Mumbai
CUST002991,North,Delhi NCR
CUST002992,West,Mumbai
CUST002993,East,Kolkata
CUST002994,Central,Nagpur
CUST002995,West,Mumbai
CUST002996,South,Bengaluru
CUST002997,North,Delhi NCR
CUST002998,East,Kolkata
CUST002999,East,Kolkata
CUST003000,North,Delhi NCR
CUST003001,East,Kolkata
CUST003002,South,Bengaluru
CUST003003,South,Bengaluru
CUST003004,North,Delhi NCR
CUST003005,South,Bengaluru
CUST003006,South,Bengaluru
CUST003007,North,Delhi NCR
CUST003008,East,Kolkata
CUST003009,South,Bengaluru
CUST003010,North,Delhi NCR
CUST003011,East,Kolkata
CUST003012,North,Delhi NCR
CUST003013,Central,Nagpur
CUST003014,East,Kolkata
CUST003015,Central,Nagpur
CUST003016,Central,Nagpur
CUST003017,Central,Nagpur
CUST003018,East,Kolkata
CUST003019,East,Kolkata
CUST003020,West,Mumbai
CUST003021,North,Delhi NCR
CUST003022,Central,Nagpur
CUST003023,South,Bengaluru
CUST003024,North,Delhi NCR
CUST003025,South,Bengaluru
CUST003026,South,Bengaluru
CUST003027,North,Delhi NCR
CUST003028,West,Mumbai
CUST003029,North,Delhi NCR
CUST003030,Central,Nagpur
CUST003031,East,Kolkata
CUST003032,West,Mumbai
CUST003033,South,Bengaluru
CUST003034,North,Delhi NCR
CUST003035,North,Delhi NCR
CUST003036,West,Mumbai
CUST003037,West,Mumbai
CUST003038,South,Bengaluru
CUST003039,South,Bengaluru
CUST003040,Central,Nagpur
CUST003041,Central,Nagpur
CUST003042,East,Kolkata
CUST003043,South,Bengaluru
CUST003044,South,Bengaluru
CUST003045,East,Kolkata
CUST003046,East,Kolkata
CUST003047,North,Delhi NCR
CUST003048,North,Delhi NCR
CUST003049,East,Kolkata
CUST003050,West,Mumbai
CUST003051,North,Delhi NCR
CUST003052,East,Kolkata
CUST003053,North,Delhi NCR
CUST003054,South,Bengaluru
CUST003055,West,Mumbai
CUST003056,South,Bengaluru
CUST003057,South,Bengaluru
CUST003058,Central,Nagpur
CUST003059,North,Delhi NCR
CUST003060,North,Delhi NCR
CUST003061,Central,Nagpur
CUST003062,East,Kolkata
CUST003063,North,Delhi NCR
CUST003064,East,Kolkata
CUST003065,East,Kolkata
CUST003066,South,Bengaluru
CUST003067,East,Kolkata
CUST003068,West,Mumbai
CUST003069,South,Bengaluru
CUST003070,Central,Nagpur
CUST003071,East,Kolkata
CUST003072,Central,Nagpur
CUST003073,North,Delhi NCR
CUST003074,South,Bengaluru
CUST003075,West,Mumbai
CUST003076,Central,Nagpur
CUST003077,South,Bengaluru
CUST003078,Central,Nagpur
CUST003079,North,Delhi NCR
CUST003080,East,Kolkata
CUST003081,South,Bengaluru
CUST003082,East,Kolkata
CUST003083,Central,Nagpur
CUST003084,West,Mumbai
CUST003085,West,Mumbai
CUST003086,South,Bengaluru
CUST003087,Central,Nagpur
CUST003088,East,Kolkata
CUST003089,West,Mumbai
CUST003090,West,Mumbai
CUST003091,West,Mumbai
CUST003092,West,Mumbai
CUST003093,East,Kolkata
CUST003094,West,Mumbai
CUST003095,Central,Nagpur
CUST003096,South,Bengaluru
CUST003097,East,Kolkata
CUST003098,North,Delhi NCR
CUST003099,South,Bengaluru
CUST003100,West,Mumbai
CUST003101,West,Mumbai
CUST003102,South,Bengaluru
CUST003103,East,Kolkata
CUST003104,Central,Nagpur
CUST003105,North,Delhi NCR
CUST003106,North,Delhi NCR
CUST003107,South,Bengaluru
CUST003108,West,Mumbai
CUST003109,South,Bengaluru
CUST003110,Central,Nagpur
CUST003111,Central,Nagpur
CUST003112,East,Kolkata
CUST003113,South,Bengaluru
CUST003114,North,Delhi NCR
CUST003115,Central,Nagpur
CUST003116,Central,Nagpur
CUST003117,East,Kolkata
CUST003118,East,Kolkata
CUST003119,West,Mumbai
CUST003120,West,Mumbai
CUST003121,North,Delhi NCR
CUST003122,West,Mumbai
CUST003123,Central,Nagpur
CUST003124,West,Mumbai
CUST003125,East,Kolkata
CUST003126,East,Kolkata
CUST003127,South,Bengaluru
CUST003128,West,Mumbai
CUST003129,South,Bengaluru
CUST003130,South,Bengaluru
CUST003131,South,Bengaluru
CUST003132,South,Bengaluru
CUST003133,South,Bengaluru
CUST003134,North,Delhi NCR
CUST003135,West,Mumbai
CUST003136,East,Kolkata
CUST003137,Central,Nagpur
CUST003138,North,Delhi NCR
CUST003139,West,Mumbai
CUST003140,North,Delhi NCR
CUST003141,East,Kolkata
CUST003142,East,Kolkata
CUST003143,East,Kolkata
CUST003144,West,Mumbai
CUST003145,Central,Nagpur
CUST003146,South,Bengaluru
CUST003147,Central,Nagpur
CUST003148,North,Delhi NCR
CUST003149,South,Bengaluru
CUST003150,South,Bengaluru
CUST003151,Central,Nagpur
CUST003152,North,Delhi NCR
CUST003153,South,Bengaluru
CUST003154,East,Kolkata
CUST003155,Central,Nagpur
CUST003156,East,Kolkata
CUST003157,Central,Nagpur
CUST003158,West,Mumbai
CUST003159,West,Mumbai
CUST003160,West,Mumbai
CUST003161,North,Delhi NCR
CUST003162,East,Kolkata
CUST003163,East,Kolkata
CUST003164,South,Bengaluru
CUST003165,North,Delhi NCR
CUST003166,North,Delhi NCR
CUST003167,West,Mumbai
CUST003168,West,Mumbai
CUST003169,South,Bengaluru
CUST003170,West,Mumbai
CUST003171,West,Mumbai
CUST003172,Central,Nagpur
CUST003173,Central,Nagpur
CUST003174,Central,Nagpur
CUST003175,North,Delhi NCR
CUST003176,West,Mumbai
CUST003177,South,Bengaluru
CUST003178,East,Kolkata
CUST003179,West,Mumbai
CUST003180,West,Mumbai
CUST003181,East,Kolkata
CUST003182,Central,Nagpur
CUST003183,North,Delhi NCR
CUST003184,North,Delhi NCR
CUST003185,North,Delhi NCR
CUST003186,Central,Nagpur
CUST003187,East,Kolkata
CUST003188,East,Kolkata
CUST003189,West,Mumbai
CUST003190,East,Kolkata
CUST003191,East,Kolkata
CUST003192,North,Delhi NCR
CUST003193,North,Delhi NCR
CUST003194,Central,Nagpur
CUST003195,East,Kolkata
CUST003196,North,Delhi NCR
CUST003197,South,Bengaluru
CUST003198,South,Bengaluru
CUST003199,South,Bengaluru
CUST003200,South,Bengaluru
CUST003201,West,Mumbai
CUST003202,North,Delhi NCR
CUST003203,South,Bengaluru
CUST003204,East,Kolkata
CUST003205,East,Kolkata
CUST003206,Central,Nagpur
CUST003207,Central,Nagpur
CUST003208,South,Bengaluru
CUST003209,East,Kolkata
CUST003210,North,Delhi NCR
CUST003211,West,Mumbai
CUST003212,North,Delhi NCR
CUST003213,North,Delhi NCR
CUST003214,West,Mumbai
CUST003215,North,Delhi NCR
CUST003216,East,Kolkata
CUST003217,North,Delhi NCR
CUST003218,West,Mumbai
CUST003219,West,Mumbai
CUST003220,East,Kolkata
CUST003221,Central,Nagpur
CUST003222,East,Kolkata
CUST003223,North,Delhi NCR
CUST003224,North,Delhi NCR
CUST003225,South,Bengaluru
CUST003226,South,Bengaluru
CUST003227,South,Bengaluru
CUST003228,South,Bengaluru
CUST003229,East,Kolkata
CUST003230,North,Delhi NCR
CUST003231,West,Mumbai
CUST003232,South,Bengaluru
CUST003233,West,Mumbai
CUST003234,East,Kolkata
CUST003235,Central,Nagpur
CUST003236,East,Kolkata
CUST003237,South,Bengaluru
CUST003238,East,Kolkata
CUST003239,West,Mumbai
CUST003240,East,Kolkata
CUST003241,East,Kolkata
CUST003242,East,Kolkata
CUST003243,South,Bengaluru
CUST003244,South,Bengaluru
CUST003245,Central,Nagpur
CUST003246,West,Mumbai
CUST003247,North,Delhi NCR
CUST003248,Central,Nagpur
CUST003249,West,Mumbai
CUST003250,North,Delhi NCR
CUST003251,West,Mumbai
CUST003252,East,Kolkata
CUST003253,Central,Nagpur
CUST003254,East,Kolkata
CUST003255,East,Kolkata
CUST003256,South,Bengaluru
CUST003257,South,Bengaluru
CUST003258,West,Mumbai
CUST003259,Central,Nagpur
CUST003260,Central,Nagpur
CUST003261,West,Mumbai
CUST003262,West,Mumbai
CUST003263,East,Kolkata
CUST003264,South,Bengaluru
CUST003265,West,Mumbai
CUST003266,South,Bengaluru
CUST003267,South,Bengaluru
CUST003268,Central,Nagpur
CUST003269,East,Kolkata
CUST003270,South,Bengaluru
CUST003271,Central,Nagpur
CUST003272,Central,Nagpur
CUST003273,South,Bengaluru
CUST003274,East,Kolkata
CUST003275,East,Kolkata
CUST003276,West,Mumbai
CUST003277,Central,Nagpur
CUST003278,East,Kolkata
CUST003279,West,Mumbai
CUST003280,East,Kolkata
CUST003281,Central,Nagpur
CUST003282,East,Kolkata
CUST003283,South,Bengaluru
CUST003284,East,Kolkata
CUST003285,Central,Nagpur
CUST003286,West,Mumbai
CUST003287,North,Delhi NCR
CUST003288,North,Delhi NCR
CUST003289,East,Kolkata
CUST003290,Central,Nagpur
CUST003291,East,Kolkata
CUST003292,East,Kolkata
CUST003293,West,Mumbai
CUST003294,East,Kolkata
CUST003295,Central,Nagpur
CUST003296,West,Mumbai
CUST003297,West,Mumbai
CUST003298,West,Mumbai
CUST003299,West,Mumbai
CUST003300,North,Delhi NCR
CUST003301,East,Kolkata
CUST003302,North,Delhi NCR
CUST003303,East,Kolkata
CUST003304,North,Delhi NCR
CUST003305,East,Kolkata
CUST003306,South,Bengaluru
CUST003307,North,Delhi NCR
CUST003308,North,Delhi NCR
CUST003309,East,Kolkata
CUST003310,North,Delhi NCR
CUST003311,Central,Nagpur
CUST003312,West,Mumbai
CUST003313,West,Mumbai
CUST003314,North,Delhi NCR
CUST003315,West,Mumbai
CUST003316,West,Mumbai
CUST003317,South,Bengaluru
CUST003318,North,Delhi NCR
CUST003319,East,Kolkata
CUST003320,West,Mumbai
CUST003321,North,Delhi NCR
CUST003322,North,Delhi NCR
CUST003323,South,Bengaluru
CUST003324,East,Kolkata
CUST003325,East,Kolkata
CUST003326,East,Kolkata
CUST003327,South,Bengaluru
CUST003328,North,Delhi NCR
CUST003329,North,Delhi NCR
CUST003330,North,Delhi NCR
CUST003331,West,Mumbai
CUST003332,West,Mumbai
CUST003333,East,Kolkata
CUST003334,North,Delhi NCR
CUST003335,East,Kolkata
CUST003336,Central,Nagpur
CUST003337,South,Bengaluru
CUST003338,East,Kolkata
CUST003339,East,Kolkata
CUST003340,South,Bengaluru
CUST003341,East,Kolkata
CUST003342,East,Kolkata
CUST003343,East,Kolkata
CUST003344,West,Mumbai
CUST003345,East,Kolkata
CUST003346,North,Delhi NCR
CUST003347,North,Delhi NCR
CUST003348,East,Kolkata
CUST003349,Central,Nagpur
CUST003350,North,Delhi NCR
CUST003351,North,Delhi NCR
CUST003352,West,Mumbai
CUST003353,East,Kolkata
CUST003354,South,Bengaluru
CUST003355,South,Bengaluru
CUST003356,West,Mumbai
CUST003357,East,Kolkata
CUST003358,West,Mumbai
CUST003359,South,Bengaluru
CUST003360,East,Kolkata
CUST003361,Central,Nagpur
CUST003362,South,Bengaluru
CUST003363,South,Bengaluru
CUST003364,North,Delhi NCR
CUST003365,West,Mumbai
CUST003366,North,Delhi NCR
CUST003367,South,Bengaluru
CUST003368,West,Mumbai
CUST003369,North,Delhi NCR
CUST003370,Central,Nagpur
CUST003371,East,Kolkata
CUST003372,South,Bengaluru
CUST003373,East,Kolkata
CUST003374,West,Mumbai
CUST003375,East,Kolkata
CUST003376,Central,Nagpur
CUST003377,Central,Nagpur
CUST003378,South,Bengaluru
CUST003379,West,Mumbai
CUST003380,South,Bengaluru
CUST003381,Central,Nagpur
CUST003382,South,Bengaluru
CUST003383,South,Bengaluru
CUST003384,West,Mumbai
CUST003385,West,Mumbai
CUST003386,North,Delhi NCR
CUST003387,East,Kolkata
CUST003388,South,Bengaluru
CUST003389,West,Mumbai
CUST003390,East,Kolkata
CUST003391,Central,Nagpur
CUST003392,Central,Nagpur
CUST003393,West,Mumbai
CUST003394,West,Mumbai
CUST003395,Central,Nagpur
CUST003396,North,Delhi NCR
CUST003397,West,Mumbai
CUST003398,West,Mumbai
CUST003399,North,Delhi NCR
CUST003400,Central,Nagpur
CUST003401,West,Mumbai
CUST003402,South,Bengaluru
CUST003403,East,Kolkata
CUST003404,East,Kolkata
CUST003405,Central,Nagpur
CUST003406,Central,Nagpur
CUST003407,Central,Nagpur
CUST003408,West,Mumbai
CUST003409,North,Delhi NCR
CUST003410,Central,Nagpur
CUST003411,North,Delhi NCR
CUST003412,North,Delhi NCR
CUST003413,North,Delhi NCR
CUST003414,Central,Nagpur
CUST003415,East,Kolkata
CUST003416,South,Bengaluru
CUST003417,North,Delhi NCR
CUST003418,East,Kolkata
CUST003419,West,Mumbai
CUST003420,Central,Nagpur
CUST003421,East,Kolkata
CUST003422,West,Mumbai
CUST003423,Central,Nagpur
CUST003424,Central,Nagpur
CUST003425,South,Bengaluru
CUST003426,Central,Nagpur
CUST003427,East,Kolkata
CUST003428,Central,Nagpur
CUST003429,North,Delhi NCR
CUST003430,North,Delhi NCR
CUST003431,Central,Nagpur
CUST003432,West,Mumbai
CUST003433,North,Delhi NCR
CUST003434,Central,Nagpur
CUST003435,North,Delhi NCR
CUST003436,West,Mumbai
CUST003437,South,Bengaluru
CUST003438,North,Delhi NCR
CUST003439,Central,Nagpur
CUST003440,Central,Nagpur
CUST003441,North,Delhi NCR
CUST003442,North,Delhi NCR
CUST003443,West,Mumbai
CUST003444,North,Delhi NCR
CUST003445,West,Mumbai
CUST003446,Central,Nagpur
CUST003447,West,Mumbai
CUST003448,South,Bengaluru
CUST003449,North,Delhi NCR
CUST003450,West,Mumbai
CUST003451,North,Delhi NCR
CUST003452,East,Kolkata
CUST003453,East,Kolkata
CUST003454,West,Mumbai
CUST003455,South,Bengaluru
CUST003456,West,Mumbai
CUST003457,West,Mumbai
CUST003458,South,Bengaluru
CUST003459,South,Bengaluru
CUST003460,North,Delhi NCR
CUST003461,East,Kolkata
CUST003462,South,Bengaluru
CUST003463,North,Delhi NCR
CUST003464,East,Kolkata
CUST003465,East,Kolkata
CUST003466,North,Delhi NCR
CUST003467,North,Delhi NCR
CUST003468,North,Delhi NCR
CUST003469,West,Mumbai
CUST003470,South,Bengaluru
CUST003471,North,Delhi NCR
CUST003472,North,Delhi NCR
CUST003473,Central,Nagpur
CUST003474,South,Bengaluru
CUST003475,West,Mumbai
CUST003476,East,Kolkata
CUST003477,North,Delhi NCR
CUST003478,South,Bengaluru
CUST003479,North,Delhi NCR
CUST003480,West,Mumbai
CUST003481,South,Bengaluru
CUST003482,East,Kolkata
CUST003483,North,Delhi NCR
CUST003484,Central,Nagpur
CUST003485,South,Bengaluru
CUST003486,East,Kolkata
CUST003487,Central,Nagpur
CUST003488,West,Mumbai
CUST003489,West,Mumbai
CUST003490,Central,Nagpur
CUST003491,North,Delhi NCR
CUST003492,Central,Nagpur
CUST003493,East,Kolkata
CUST003494,East,Kolkata
CUST003495,South,Bengaluru
CUST003496,West,Mumbai
CUST003497,Central,Nagpur
CUST003498,West,Mumbai
CUST003499,North,Delhi NCR
CUST003500,East,Kolkata
CUST003501,West,Mumbai
CUST003502,South,Bengaluru
CUST003503,West,Mumbai
CUST003504,West,Mumbai
CUST003505,North,Delhi NCR
CUST003506,East,Kolkata
CUST003507,North,Delhi NCR
CUST003508,East,Kolkata
CUST003509,South,Bengaluru
CUST003510,Central,Nagpur
CUST003511,Central,Nagpur
CUST003512,East,Kolkata
CUST003513,East,Kolkata
CUST003514,West,Mumbai
CUST003515,West,Mumbai
CUST003516,West,Mumbai
CUST003517,West,Mumbai
CUST003518,Central,Nagpur
CUST003519,Central,Nagpur
CUST003520,North,Delhi NCR
CUST003521,East,Kolkata
CUST003522,East,Kolkata
CUST003523,East,Kolkata
CUST003524,East,Kolkata
CUST003525,West,Mumbai
CUST003526,East,Kolkata
CUST003527,South,Bengaluru
CUST003528,East,Kolkata
CUST003529,Central,Nagpur
CUST003530,South,Bengaluru
CUST003531,North,Delhi NCR
CUST003532,Central,Nagpur
CUST003533,North,Delhi NCR
CUST003534,West,Mumbai
CUST003535,Central,Nagpur
CUST003536,South,Bengaluru
CUST003537,South,Bengaluru
CUST003538,South,Bengaluru
CUST003539,North,Delhi NCR
CUST003540,North,Delhi NCR
CUST003541,North,Delhi NCR
CUST003542,East,Kolkata
CUST003543,East,Kolkata
CUST003544,North,Delhi NCR
CUST003545,Central,Nagpur
CUST003546,West,Mumbai
CUST003547,North,Delhi NCR
CUST003548,Central,Nagpur
CUST003549,North,Delhi NCR
CUST003550,East,Kolkata
CUST003551,East,Kolkata
CUST003552,East,Kolkata
CUST003553,Central,Nagpur
CUST003554,Central,Nagpur
CUST003555,South,Bengaluru
CUST003556,East,Kolkata
CUST003557,Central,Nagpur
CUST003558,West,Mumbai
CUST003559,Central,Nagpur
CUST003560,East,Kolkata
CUST003561,South,Bengaluru
CUST003562,East,Kolkata
CUST003563,Central,Nagpur
CUST003564,Central,Nagpur
CUST003565,West,Mumbai
CUST003566,West,Mumbai
CUST003567,East,Kolkata
CUST003568,South,Bengaluru
CUST003569,East,Kolkata
CUST003570,East,Kolkata
CUST003571,Central,Nagpur
CUST003572,East,Kolkata
CUST003573,West,Mumbai
CUST003574,North,Delhi NCR
CUST003575,West,Mumbai
CUST003576,East,Kolkata
CUST003577,Central,Nagpur
CUST003578,East,Kolkata
CUST003579,East,Kolkata
CUST003580,North,Delhi NCR
CUST003581,Central,Nagpur
CUST003582,West,Mumbai
CUST003583,Central,Nagpur
CUST003584,North,Delhi NCR
CUST003585,South,Bengaluru
CUST003586,Central,Nagpur
CUST003587,North,Delhi NCR
CUST003588,East,Kolkata
CUST003589,East,Kolkata
CUST003590,Central,Nagpur
CUST003591,Central,Nagpur
CUST003592,Central,Nagpur
CUST003593,South,Bengaluru
CUST003594,East,Kolkata
CUST003595,West,Mumbai
CUST003596,Central,Nagpur
CUST003597,North,Delhi NCR
CUST003598,Central,Nagpur
CUST003599,South,Bengaluru
CUST003600,North,Delhi NCR
CUST003601,West,Mumbai
CUST003602,West,Mumbai
CUST003603,North,Delhi NCR
CUST003604,North,Delhi NCR
CUST003605,Central,Nagpur
CUST003606,Central,Nagpur
CUST003607,North,Delhi NCR
CUST003608,Central,Nagpur
CUST003609,Central,Nagpur
CUST003610,Central,Nagpur
CUST003611,South,Bengaluru
CUST003612,East,Kolkata
CUST003613,Central,Nagpur
CUST003614,Central,Nagpur
CUST003615,West,Mumbai
CUST003616,North,Delhi NCR
CUST003617,North,Delhi NCR
CUST003618,South,Bengaluru
CUST003619,North,Delhi NCR
CUST003620,North,Delhi NCR
CUST003621,North,Delhi NCR
CUST003622,West,Mumbai
CUST003623,East,Kolkata
CUST003624,East,Kolkata
CUST003625,Central,Nagpur
CUST003626,East,Kolkata
CUST003627,East,Kolkata
CUST003628,South,Bengaluru
CUST003629,East,Kolkata
CUST003630,North,Delhi NCR
CUST003631,East,Kolkata
CUST003632,Central,Nagpur
CUST003633,East,Kolkata
CUST003634,South,Bengaluru
CUST003635,West,Mumbai
CUST003636,Central,Nagpur
CUST003637,East,Kolkata
CUST003638,South,Bengaluru
CUST003639,West,Mumbai
CUST003640,North,Delhi NCR
CUST003641,Central,Nagpur
CUST003642,South,Bengaluru
CUST003643,South,Bengaluru
CUST003644,West,Mumbai
CUST003645,North,Delhi NCR
CUST003646,South,Bengaluru
CUST003647,North,Delhi NCR
CUST003648,South,Bengaluru
CUST003649,East,Kolkata
CUST003650,North,Delhi NCR
CUST003651,South,Bengaluru
CUST003652,West,Mumbai
CUST003653,Central,Nagpur
CUST003654,North,Delhi NCR
CUST003655,West,Mumbai
CUST003656,North,Delhi NCR
CUST003657,East,Kolkata
CUST003658,Central,Nagpur
CUST003659,West,Mumbai
CUST003660,South,Bengaluru
CUST003661,South,Bengaluru
CUST003662,West,Mumbai
CUST003663,Central,Nagpur
CUST003664,South,Bengaluru
CUST003665,North,Delhi NCR
CUST003666,East,Kolkata
CUST003667,West,Mumbai
CUST003668,East,Kolkata
CUST003669,Central,Nagpur
CUST003670,Central,Nagpur
CUST003671,West,Mumbai
CUST003672,North,Delhi NCR
CUST003673,Central,Nagpur
CUST003674,West,Mumbai
CUST003675,South,Bengaluru
CUST003676,East,Kolkata
CUST003677,Central,Nagpur
CUST003678,Central,Nagpur
CUST003679,East,Kolkata
CUST003680,North,Delhi NCR
CUST003681,West,Mumbai
CUST003682,West,Mumbai
CUST003683,North,Delhi NCR
CUST003684,Central,Nagpur
CUST003685,South,Bengaluru
CUST003686,Central,Nagpur
CUST003687,East,Kolkata
CUST003688,South,Bengaluru
CUST003689,North,Delhi NCR
CUST003690,North,Delhi NCR
CUST003691,West,Mumbai
CUST003692,South,Bengaluru
CUST003693,Central,Nagpur
CUST003694,South,Bengaluru
CUST003695,Central,Nagpur
CUST003696,Central,Nagpur
CUST003697,North,Delhi NCR
CUST003698,West,Mumbai
CUST003699,Central,Nagpur
CUST003700,South,Bengaluru
CUST003701,North,Delhi NCR
CUST003702,Central,Nagpur
CUST003703,East,Kolkata
CUST003704,North,Delhi NCR
CUST003705,Central,Nagpur
CUST003706,West,Mumbai
CUST003707,North,Delhi NCR
CUST003708,South,Bengaluru
CUST003709,North,Delhi NCR
CUST003710,Central,Nagpur
CUST003711,North,Delhi NCR
CUST003712,West,Mumbai
CUST003713,East,Kolkata
CUST003714,East,Kolkata
CUST003715,Central,Nagpur
CUST003716,Central,Nagpur
CUST003717,North,Delhi NCR
CUST003718,North,Delhi NCR
CUST003719,North,Delhi NCR
CUST003720,West,Mumbai
CUST003721,East,Kolkata
CUST003722,North,Delhi NCR
CUST003723,South,Bengaluru
CUST003724,East,Kolkata
CUST003725,West,Mumbai
CUST003726,South,Bengaluru
CUST003727,Central,Nagpur
CUST003728,Central,Nagpur
CUST003729,West,Mumbai
CUST003730,East,Kolkata
CUST003731,Central,Nagpur
CUST003732,West,Mumbai
CUST003733,East,Kolkata
CUST003734,East,Kolkata
CUST003735,Central,Nagpur
CUST003736,East,Kolkata
CUST003737,North,Delhi NCR
CUST003738,Central,Nagpur
CUST003739,North,Delhi NCR
CUST003740,West,Mumbai
CUST003741,West,Mumbai
CUST003742,East,Kolkata
CUST003743,North,Delhi NCR
CUST003744,East,Kolkata
CUST003745,Central,Nagpur
CUST003746,South,Bengaluru
CUST003747,West,Mumbai
CUST003748,Central,Nagpur
CUST003749,Central,Nagpur
CUST003750,East,Kolkata
CUST003751,South,Bengaluru
CUST003752,West,Mumbai
CUST003753,East,Kolkata
CUST003754,West,Mumbai
CUST003755,West,Mumbai
CUST003756,West,Mumbai
CUST003757,South,Bengaluru
CUST003758,West,Mumbai
CUST003759,East,Kolkata
CUST003760,Central,Nagpur
CUST003761,West,Mumbai
CUST003762,Central,Nagpur
CUST003763,Central,Nagpur
CUST003764,Central,Nagpur
CUST003765,West,Mumbai
CUST003766,East,Kolkata
CUST003767,North,Delhi NCR
CUST003768,South,Bengaluru
CUST003769,East,Kolkata
CUST003770,West,Mumbai
CUST003771,East,Kolkata
CUST003772,East,Kolkata
CUST003773,North,Delhi NCR
CUST003774,West,Mumbai
CUST003775,East,Kolkata
CUST003776,North,Delhi NCR
CUST003777,South,Bengaluru
CUST003778,Central,Nagpur
CUST003779,North,Delhi NCR
CUST003780,East,Kolkata
CUST003781,East,Kolkata
CUST003782,North,Delhi NCR
CUST003783,North,Delhi NCR
CUST003784,Central,Nagpur
CUST003785,East,Kolkata
CUST003786,South,Bengaluru
CUST003787,North,Delhi NCR
CUST003788,East,Kolkata
CUST003789,West,Mumbai
CUST003790,West,Mumbai
CUST003791,North,Delhi NCR
CUST003792,West,Mumbai
CUST003793,Central,Nagpur
CUST003794,South,Bengaluru
CUST003795,North,Delhi NCR
CUST003796,Central,Nagpur
CUST003797,East,Kolkata
CUST003798,West,Mumbai
CUST003799,South,Bengaluru
CUST003800,South,Bengaluru
CUST003801,South,Bengaluru
CUST003802,South,Bengaluru
CUST003803,East,Kolkata
CUST003804,North,Delhi NCR
CUST003805,Central,Nagpur
CUST003806,East,Kolkata
CUST003807,Central,Nagpur
CUST003808,East,Kolkata
CUST003809,South,Bengaluru
CUST003810,East,Kolkata
CUST003811,North,Delhi NCR
CUST003812,Central,Nagpur
CUST003813,West,Mumbai
CUST003814,North,Delhi NCR
CUST003815,East,Kolkata
CUST003816,East,Kolkata
CUST003817,South,Bengaluru
CUST003818,North,Delhi NCR
CUST003819,West,Mumbai
CUST003820,South,Bengaluru
CUST003821,East,Kolkata
CUST003822,South,Bengaluru
CUST003823,West,Mumbai
CUST003824,North,Delhi NCR
CUST003825,South,Bengaluru
CUST003826,East,Kolkata
CUST003827,East,Kolkata
CUST003828,West,Mumbai
CUST003829,North,Delhi NCR
CUST003830,East,Kolkata
CUST003831,West,Mumbai
CUST003832,South,Bengaluru
CUST003833,North,Delhi NCR
CUST003834,Central,Nagpur
CUST003835,West,Mumbai
CUST003836,West,Mumbai
CUST003837,West,Mumbai
CUST003838,West,Mumbai
CUST003839,West,Mumbai
CUST003840,East,Kolkata
CUST003841,North,Delhi NCR
CUST003842,East,Kolkata
CUST003843,South,Bengaluru
CUST003844,West,Mumbai
CUST003845,East,Kolkata
CUST003846,Central,Nagpur
CUST003847,East,Kolkata
CUST003848,East,Kolkata
CUST003849,Central,Nagpur
CUST003850,East,Kolkata
CUST003851,South,Bengaluru
CUST003852,South,Bengaluru
CUST003853,Central,Nagpur
CUST003854,West,Mumbai
CUST003855,North,Delhi NCR
CUST003856,East,Kolkata
CUST003857,South,Bengaluru
CUST003858,West,Mumbai
CUST003859,North,Delhi NCR
CUST003860,West,Mumbai
CUST003861,West,Mumbai
CUST003862,South,Bengaluru
CUST003863,North,Delhi NCR
CUST003864,West,Mumbai
CUST003865,South,Bengaluru
CUST003866,Central,Nagpur
CUST003867,West,Mumbai
CUST003868,Central,Nagpur
CUST003869,East,Kolkata
CUST003870,Central,Nagpur
CUST003871,North,Delhi NCR
CUST003872,South,Bengaluru
CUST003873,North,Delhi NCR
CUST003874,West,Mumbai
CUST003875,East,Kolkata
CUST003876,South,Bengaluru
CUST003877,South,Bengaluru
CUST003878,West,Mumbai
CUST003879,North,Delhi NCR
CUST003880,East,Kolkata
CUST003881,West,Mumbai
CUST003882,South,Bengaluru
CUST003883,South,Bengaluru
CUST003884,South,Bengaluru
CUST003885,East,Kolkata
CUST003886,South,Bengaluru
CUST003887,South,Bengaluru
CUST003888,East,Kolkata
CUST003889,North,Delhi NCR
CUST003890,East,Kolkata
CUST003891,North,Delhi NCR
CUST003892,North,Delhi NCR
CUST003893,South,Bengaluru
CUST003894,South,Bengaluru
CUST003895,North,Delhi NCR
CUST003896,Central,Nagpur
CUST003897,South,Bengaluru
CUST003898,Central,Nagpur
CUST003899,Central,Nagpur
CUST003900,Central,Nagpur
CUST003901,Central,Nagpur
CUST003902,North,Delhi NCR
CUST003903,South,Bengaluru
CUST003904,West,Mumbai
CUST003905,East,Kolkata
CUST003906,North,Delhi NCR
CUST003907,East,Kolkata
CUST003908,Central,Nagpur
CUST003909,Central,Nagpur
CUST003910,South,Bengaluru
CUST003911,South,Bengaluru
CUST003912,South,Bengaluru
CUST003913,South,Bengaluru
CUST003914,South,Bengaluru
CUST003915,South,Bengaluru
CUST003916,East,Kolkata
CUST003917,North,Delhi NCR
CUST003918,South,Bengaluru
CUST003919,South,Bengaluru
CUST003920,North,Delhi NCR
CUST003921,Central,Nagpur
CUST003922,West,Mumbai
CUST003923,Central,Nagpur
CUST003924,East,Kolkata
CUST003925,North,Delhi NCR
CUST003926,Central,Nagpur
CUST003927,East,Kolkata
CUST003928,West,Mumbai
CUST003929,South,Bengaluru
CUST003930,East,Kolkata
CUST003931,East,Kolkata
CUST003932,South,Bengaluru
CUST003933,East,Kolkata
CUST003934,West,Mumbai
CUST003935,North,Delhi NCR
CUST003936,North,Delhi NCR
CUST003937,Central,Nagpur
CUST003938,East,Kolkata
CUST003939,Central,Nagpur
CUST003940,West,Mumbai
CUST003941,West,Mumbai
CUST003942,Central,Nagpur
CUST003943,West,Mumbai
CUST003944,South,Bengaluru
CUST003945,East,Kolkata
CUST003946,South,Bengaluru
CUST003947,South,Bengaluru
CUST003948,West,Mumbai
CUST003949,North,Delhi NCR
CUST003950,West,Mumbai
CUST003951,East,Kolkata
CUST003952,South,Bengaluru
CUST003953,North,Delhi NCR
CUST003954,West,Mumbai
CUST003955,Central,Nagpur
CUST003956,West,Mumbai
CUST003957,East,Kolkata
CUST003958,West,Mumbai
CUST003959,East,Kolkata
CUST003960,South,Bengaluru
CUST003961,South,Bengaluru
CUST003962,South,Bengaluru
CUST003963,Central,Nagpur
CUST003964,West,Mumbai
CUST003965,North,Delhi NCR
CUST003966,Central,Nagpur
CUST003967,North,Delhi NCR
CUST003968,East,Kolkata
CUST003969,North,Delhi NCR
CUST003970,South,Bengaluru
CUST003971,West,Mumbai
CUST003972,Central,Nagpur
CUST003973,Central,Nagpur
CUST003974,Central,Nagpur
CUST003975,South,Bengaluru
CUST003976,North,Delhi NCR
CUST003977,Central,Nagpur
CUST003978,Central,Nagpur
CUST003979,South,Bengaluru
CUST003980,North,Delhi NCR
CUST003981,West,Mumbai
CUST003982,North,Delhi NCR
CUST003983,North,Delhi NCR
CUST003984,Central,Nagpur
CUST003985,East,Kolkata
CUST003986,North,Delhi NCR
CUST003987,West,Mumbai
CUST003988,South,Bengaluru
CUST003989,East,Kolkata
CUST003990,Central,Nagpur
CUST003991,South,Bengaluru
CUST003992,West,Mumbai
CUST003993,Central,Nagpur
CUST003994,East,Kolkata
CUST003995,Central,Nagpur
CUST003996,East,Kolkata
CUST003997,East,Kolkata
CUST003998,Central,Nagpur
CUST003999,West,Mumbai
CUST004000,Central,Nagpur
CUST004001,West,Mumbai
CUST004002,West,Mumbai
CUST004003,South,Bengaluru
CUST004004,South,Bengaluru
CUST004005,Central,Nagpur
CUST004006,West,Mumbai
CUST004007,South,Bengaluru
CUST004008,South,Bengaluru
CUST004009,West,Mumbai
CUST004010,North,Delhi NCR
CUST004011,North,Delhi NCR
CUST004012,West,Mumbai
CUST004013,South,Bengaluru
CUST004014,West,Mumbai
CUST004015,East,Kolkata
CUST004016,Central,Nagpur
CUST004017,East,Kolkata
CUST004018,Central,Nagpur
CUST004019,Central,Nagpur
CUST004020,South,Bengaluru
CUST004021,Central,Nagpur
CUST004022,West,Mumbai
CUST004023,North,Delhi NCR
CUST004024,North,Delhi NCR
CUST004025,South,Bengaluru
CUST004026,North,Delhi NCR
CUST004027,South,Bengaluru
CUST004028,Central,Nagpur
CUST004029,East,Kolkata
CUST004030,North,Delhi NCR
CUST004031,East,Kolkata
CUST004032,South,Bengaluru
CUST004033,Central,Nagpur
CUST004034,North,Delhi NCR
CUST004035,West,Mumbai
CUST004036,East,Kolkata
CUST004037,North,Delhi NCR
CUST004038,West,Mumbai
CUST004039,East,Kolkata
CUST004040,West,Mumbai
CUST004041,West,Mumbai
CUST004042,West,Mumbai
CUST004043,East,Kolkata
CUST004044,North,Delhi NCR
CUST004045,North,Delhi NCR
CUST004046,East,Kolkata
CUST004047,South,Bengaluru
CUST004048,West,Mumbai
CUST004049,East,Kolkata
CUST004050,Central,Nagpur
CUST004051,North,Delhi NCR
CUST004052,South,Bengaluru
CUST004053,West,Mumbai
CUST004054,North,Delhi NCR
CUST004055,South,Bengaluru
CUST004056,West,Mumbai
CUST004057,East,Kolkata
CUST004058,West,Mumbai
CUST004059,East,Kolkata
CUST004060,Central,Nagpur
CUST004061,Central,Nagpur
CUST004062,Central,Nagpur
CUST004063,North,Delhi NCR
CUST004064,East,Kolkata
CUST004065,North,Delhi NCR
CUST004066,South,Bengaluru
CUST004067,South,Bengaluru
CUST004068,West,Mumbai
CUST004069,East,Kolkata
CUST004070,Central,Nagpur
CUST004071,South,Bengaluru
CUST004072,West,Mumbai
CUST004073,West,Mumbai
CUST004074,Central,Nagpur
CUST004075,South,Bengaluru
CUST004076,West,Mumbai
CUST004077,North,Delhi NCR
CUST004078,East,Kolkata
CUST004079,East,Kolkata
CUST004080,Central,Nagpur
CUST004081,West,Mumbai
CUST004082,Central,Nagpur
CUST004083,Central,Nagpur
CUST004084,East,Kolkata
CUST004085,West,Mumbai
CUST004086,North,Delhi NCR
CUST004087,East,Kolkata
CUST004088,North,Delhi NCR
CUST004089,West,Mumbai
CUST004090,Central,Nagpur
CUST004091,West,Mumbai
CUST004092,Central,Nagpur
CUST004093,South,Bengaluru
CUST004094,Central,Nagpur
CUST004095,East,Kolkata
CUST004096,West,Mumbai
CUST004097,West,Mumbai
CUST004098,West,Mumbai
CUST004099,South,Bengaluru
CUST004100,West,Mumbai
CUST004101,West,Mumbai
CUST004102,Central,Nagpur
CUST004103,East,Kolkata
CUST004104,East,Kolkata
CUST004105,East,Kolkata
CUST004106,North,Delhi NCR
CUST004107,North,Delhi NCR
CUST004108,North,Delhi NCR
CUST004109,West,Mumbai
CUST004110,East,Kolkata
CUST004111,Central,Nagpur
CUST004112,West,Mumbai
CUST004113,North,Delhi NCR
CUST004114,North,Delhi NCR
CUST004115,South,Bengaluru
CUST004116,Central,Nagpur
CUST004117,North,Delhi NCR
CUST004118,North,Delhi NCR
CUST004119,North,Delhi NCR
CUST004120,East,Kolkata
CUST004121,Central,Nagpur
CUST004122,West,Mumbai
CUST004123,East,Kolkata
CUST004124,North,Delhi NCR
CUST004125,South,Bengaluru
CUST004126,East,Kolkata
CUST004127,South,Bengaluru
CUST004128,West,Mumbai
CUST004129,Central,Nagpur
CUST004130,South,Bengaluru
CUST004131,South,Bengaluru
CUST004132,North,Delhi NCR
CUST004133,West,Mumbai
CUST004134,East,Kolkata
CUST004135,South,Bengaluru
CUST004136,South,Bengaluru
CUST004137,North,Delhi NCR
CUST004138,East,Kolkata
CUST004139,West,Mumbai
CUST004140,South,Bengaluru
CUST004141,North,Delhi NCR
CUST004142,East,Kolkata
CUST004143,West,Mumbai
CUST004144,South,Bengaluru
CUST004145,South,Bengaluru
CUST004146,North,Delhi NCR
CUST004147,West,Mumbai
CUST004148,Central,Nagpur
CUST004149,West,Mumbai
CUST004150,East,Kolkata
CUST004151,West,Mumbai
CUST004152,South,Bengaluru
CUST004153,North,Delhi NCR
CUST004154,South,Bengaluru
CUST004155,West,Mumbai
CUST004156,West,Mumbai
CUST004157,Central,Nagpur
CUST004158,Central,Nagpur
CUST004159,South,Bengaluru
CUST004160,North,Delhi NCR
CUST004161,South,Bengaluru
CUST004162,Central,Nagpur
CUST004163,Central,Nagpur
CUST004164,North,Delhi NCR
CUST004165,North,Delhi NCR
CUST004166,East,Kolkata
CUST004167,West,Mumbai
CUST004168,Central,Nagpur
CUST004169,West,Mumbai
CUST004170,South,Bengaluru
CUST004171,North,Delhi NCR
CUST004172,West,Mumbai
CUST004173,East,Kolkata
CUST004174,Central,Nagpur
CUST004175,East,Kolkata
CUST004176,East,Kolkata
CUST004177,South,Bengaluru
CUST004178,North,Delhi NCR
CUST004179,Central,Nagpur
CUST004180,Central,Nagpur
CUST004181,North,Delhi NCR
CUST004182,West,Mumbai
CUST004183,South,Bengaluru
CUST004184,East,Kolkata
CUST004185,Central,Nagpur
CUST004186,Central,Nagpur
CUST004187,North,Delhi NCR
CUST004188,South,Bengaluru
CUST004189,Central,Nagpur
CUST004190,Central,Nagpur
CUST004191,North,Delhi NCR
CUST004192,Central,Nagpur
CUST004193,East,Kolkata
CUST004194,East,Kolkata
CUST004195,North,Delhi NCR
CUST004196,West,Mumbai
CUST004197,West,Mumbai
CUST004198,West,Mumbai
CUST004199,West,Mumbai
CUST004200,Central,Nagpur
CUST004201,Central,Nagpur
CUST004202,West,Mumbai
CUST004203,Central,Nagpur
CUST004204,West,Mumbai
CUST004205,West,Mumbai
CUST004206,East,Kolkata
CUST004207,West,Mumbai
CUST004208,North,Delhi NCR
CUST004209,East,Kolkata
CUST004210,East,Kolkata
CUST004211,Central,Nagpur
CUST004212,North,Delhi NCR
CUST004213,West,Mumbai
CUST004214,North,Delhi NCR
CUST004215,Central,Nagpur
CUST004216,Central,Nagpur
CUST004217,South,Bengaluru
CUST004218,Central,Nagpur
CUST004219,East,Kolkata
CUST004220,Central,Nagpur
CUST004221,West,Mumbai
CUST004222,North,Delhi NCR
CUST004223,South,Bengaluru
CUST004224,East,Kolkata
CUST004225,South,Bengaluru
CUST004226,North,Delhi NCR
CUST004227,Central,Nagpur
CUST004228,Central,Nagpur
CUST004229,East,Kolkata
CUST004230,South,Bengaluru
CUST004231,North,Delhi NCR
CUST004232,Central,Nagpur
CUST004233,South,Bengaluru
CUST004234,North,Delhi NCR
CUST004235,South,Bengaluru
CUST004236,East,Kolkata
CUST004237,West,Mumbai
CUST004238,South,Bengaluru
CUST004239,Central,Nagpur
CUST004240,West,Mumbai
CUST004241,Central,Nagpur
CUST004242,South,Bengaluru
CUST004243,West,Mumbai
CUST004244,South,Bengaluru
CUST004245,West,Mumbai
CUST004246,West,Mumbai
CUST004247,South,Bengaluru
CUST004248,Central,Nagpur
CUST004249,Central,Nagpur
CUST004250,Central,Nagpur
CUST004251,South,Bengaluru
CUST004252,West,Mumbai
CUST004253,North,Delhi NCR
CUST004254,North,Delhi NCR
CUST004255,Central,Nagpur
CUST004256,North,Delhi NCR
CUST004257,Central,Nagpur
CUST004258,East,Kolkata
CUST004259,South,Bengaluru
CUST004260,North,Delhi NCR
CUST004261,West,Mumbai
CUST004262,West,Mumbai
CUST004263,East,Kolkata
CUST004264,Central,Nagpur
CUST004265,South,Bengaluru
CUST004266,East,Kolkata
CUST004267,South,Bengaluru
CUST004268,East,Kolkata
CUST004269,North,Delhi NCR
CUST004270,East,Kolkata
CUST004271,East,Kolkata
CUST004272,East,Kolkata
CUST004273,East,Kolkata
CUST004274,West,Mumbai
CUST004275,East,Kolkata
CUST004276,South,Bengaluru
CUST004277,South,Bengaluru
CUST004278,West,Mumbai
CUST004279,Central,Nagpur
CUST004280,West,Mumbai
CUST004281,West,Mumbai
CUST004282,Central,Nagpur
CUST004283,Central,Nagpur
CUST004284,East,Kolkata
CUST004285,North,Delhi NCR
CUST004286,West,Mumbai
CUST004287,West,Mumbai
CUST004288,South,Bengaluru
CUST004289,Central,Nagpur
CUST004290,Central,Nagpur
CUST004291,South,Bengaluru
CUST004292,East,Kolkata
CUST004293,North,Delhi NCR
CUST004294,North,Delhi NCR
CUST004295,South,Bengaluru
CUST004296,South,Bengaluru
CUST004297,South,Bengaluru
CUST004298,North,Delhi NCR
CUST004299,East,Kolkata
CUST004300,West,Mumbai
CUST004301,South,Bengaluru
CUST004302,East,Kolkata
CUST004303,South,Bengaluru
CUST004304,West,Mumbai
CUST004305,West,Mumbai
CUST004306,Central,Nagpur
CUST004307,North,Delhi NCR
CUST004308,Central,Nagpur
CUST004309,South,Bengaluru
CUST004310,North,Delhi NCR
CUST004311,West,Mumbai
CUST004312,North,Delhi NCR
CUST004313,North,Delhi NCR
CUST004314,Central,Nagpur
CUST004315,South,Bengaluru
CUST004316,East,Kolkata
CUST004317,South,Bengaluru
CUST004318,North,Delhi NCR
CUST004319,North,Delhi NCR
CUST004320,North,Delhi NCR
CUST004321,East,Kolkata
CUST004322,East,Kolkata
CUST004323,North,Delhi NCR
CUST004324,South,Bengaluru
CUST004325,South,Bengaluru
CUST004326,East,Kolkata
CUST004327,Central,Nagpur
CUST004328,West,Mumbai
CUST004329,Central,Nagpur
CUST004330,North,Delhi NCR
CUST004331,South,Bengaluru
CUST004332,West,Mumbai
CUST004333,South,Bengaluru
CUST004334,Central,Nagpur
CUST004335,East,Kolkata
CUST004336,South,Bengaluru
CUST004337,Central,Nagpur
CUST004338,East,Kolkata
CUST004339,Central,Nagpur
CUST004340,East,Kolkata
CUST004341,North,Delhi NCR
CUST004342,West,Mumbai
CUST004343,North,Delhi NCR
CUST004344,West,Mumbai
CUST004345,East,Kolkata
CUST004346,West,Mumbai
CUST004347,Central,Nagpur
CUST004348,East,Kolkata
CUST004349,Central,Nagpur
CUST004350,North,Delhi NCR
CUST004351,North,Delhi NCR
CUST004352,Central,Nagpur
CUST004353,East,Kolkata
CUST004354,East,Kolkata
CUST004355,North,Delhi NCR
CUST004356,South,Bengaluru
CUST004357,West,Mumbai
CUST004358,Central,Nagpur
CUST004359,Central,Nagpur
CUST004360,East,Kolkata
CUST004361,East,Kolkata
CUST004362,North,Delhi NCR
CUST004363,North,Delhi NCR
CUST004364,East,Kolkata
CUST004365,East,Kolkata
CUST004366,North,Delhi NCR
CUST004367,East,Kolkata
CUST004368,West,Mumbai
CUST004369,Central,Nagpur
CUST004370,Central,Nagpur
CUST004371,South,Bengaluru
CUST004372,South,Bengaluru
CUST004373,Central,Nagpur
CUST004374,West,Mumbai
CUST004375,South,Bengaluru
CUST004376,West,Mumbai
CUST004377,North,Delhi NCR
CUST004378,East,Kolkata
CUST004379,South,Bengaluru
CUST004380,Central,Nagpur
CUST004381,North,Delhi NCR
CUST004382,Central,Nagpur
CUST004383,South,Bengaluru
CUST004384,North,Delhi NCR
CUST004385,West,Mumbai
CUST004386,West,Mumbai
CUST004387,North,Delhi NCR
CUST004388,North,Delhi NCR
CUST004389,North,Delhi NCR
CUST004390,East,Kolkata
CUST004391,North,Delhi NCR
CUST004392,West,Mumbai
CUST004393,North,Delhi NCR
CUST004394,West,Mumbai
CUST004395,Central,Nagpur
CUST004396,West,Mumbai
CUST004397,Central,Nagpur
CUST004398,Central,Nagpur
CUST004399,North,Delhi NCR
CUST004400,South,Bengaluru
CUST004401,West,Mumbai
CUST004402,South,Bengaluru
CUST004403,West,Mumbai
CUST004404,West,Mumbai
CUST004405,Central,Nagpur
CUST004406,South,Bengaluru
CUST004407,South,Bengaluru
CUST004408,North,Delhi NCR
CUST004409,South,Bengaluru
CUST004410,South,Bengaluru
CUST004411,East,Kolkata
CUST004412,East,Kolkata
CUST004413,Central,Nagpur
CUST004414,West,Mumbai
CUST004415,West,Mumbai
CUST004416,North,Delhi NCR
CUST004417,East,Kolkata
CUST004418,West,Mumbai
CUST004419,South,Bengaluru
CUST004420,East,Kolkata
CUST004421,West,Mumbai
CUST004422,West,Mumbai
CUST004423,Central,Nagpur
CUST004424,East,Kolkata
CUST004425,South,Bengaluru
CUST004426,South,Bengaluru
CUST004427,West,Mumbai
CUST004428,East,Kolkata
CUST004429,East,Kolkata
CUST004430,North,Delhi NCR
CUST004431,East,Kolkata
CUST004432,South,Bengaluru
CUST004433,East,Kolkata
CUST004434,Central,Nagpur
CUST004435,West,Mumbai
CUST004436,East,Kolkata
CUST004437,Central,Nagpur
CUST004438,Central,Nagpur
CUST004439,East,Kolkata
CUST004440,West,Mumbai
CUST004441,South,Bengaluru
CUST004442,Central,Nagpur
CUST004443,South,Bengaluru
CUST004444,South,Bengaluru
CUST004445,North,Delhi NCR
CUST004446,Central,Nagpur
CUST004447,South,Bengaluru
CUST004448,Central,Nagpur
CUST004449,North,Delhi NCR
CUST004450,East,Kolkata
CUST004451,East,Kolkata
CUST004452,East,Kolkata
CUST004453,North,Delhi NCR
CUST004454,North,Delhi NCR
CUST004455,South,Bengaluru
CUST004456,East,Kolkata
CUST004457,West,Mumbai
CUST004458,East,Kolkata
CUST004459,South,Bengaluru
CUST004460,South,Bengaluru
CUST004461,West,Mumbai
CUST004462,East,Kolkata
CUST004463,Central,Nagpur
CUST004464,East,Kolkata
CUST004465,East,Kolkata
CUST004466,North,Delhi NCR
CUST004467,North,Delhi NCR
CUST004468,Central,Nagpur
CUST004469,South,Bengaluru
CUST004470,East,Kolkata
CUST004471,East,Kolkata
CUST004472,North,Delhi NCR
CUST004473,East,Kolkata
CUST004474,South,Bengaluru
CUST004475,North,Delhi NCR
CUST004476,East,Kolkata
CUST004477,East,Kolkata
CUST004478,North,Delhi NCR
CUST004479,East,Kolkata
CUST004480,West,Mumbai
CUST004481,South,Bengaluru
CUST004482,Central,Nagpur
CUST004483,West,Mumbai
CUST004484,West,Mumbai
CUST004485,North,Delhi NCR
CUST004486,West,Mumbai
CUST004487,South,Bengaluru
CUST004488,West,Mumbai
CUST004489,Central,Nagpur
CUST004490,South,Bengaluru
CUST004491,South,Bengaluru
CUST004492,North,Delhi NCR
CUST004493,West,Mumbai
CUST004494,West,Mumbai
CUST004495,East,Kolkata
CUST004496,North,Delhi NCR
CUST004497,South,Bengaluru
CUST004498,East,Kolkata
CUST004499,Central,Nagpur
CUST004500,North,Delhi NCR
CUST004501,South,Bengaluru
CUST004502,West,Mumbai
CUST004503,South,Bengaluru
CUST004504,Central,Nagpur
CUST004505,Central,Nagpur
CUST004506,South,Bengaluru
CUST004507,West,Mumbai
CUST004508,West,Mumbai
CUST004509,West,Mumbai
CUST004510,North,Delhi NCR
CUST004511,North,Delhi NCR
CUST004512,South,Bengaluru
CUST004513,North,Delhi NCR
CUST004514,South,Bengaluru
CUST004515,West,Mumbai
CUST004516,East,Kolkata
CUST004517,South,Bengaluru
CUST004518,North,Delhi NCR
CUST004519,South,Bengaluru
CUST004520,East,Kolkata
CUST004521,West,Mumbai
CUST004522,South,Bengaluru
CUST004523,South,Bengaluru
CUST004524,East,Kolkata
CUST004525,North,Delhi NCR
CUST004526,South,Bengaluru
CUST004527,North,Delhi NCR
CUST004528,East,Kolkata
CUST004529,East,Kolkata
CUST004530,East,Kolkata
CUST004531,West,Mumbai
CUST004532,South,Bengaluru
CUST004533,Central,Nagpur
CUST004534,Central,Nagpur
CUST004535,North,Delhi NCR
CUST004536,Central,Nagpur
CUST004537,North,Delhi NCR
CUST004538,South,Bengaluru
CUST004539,East,Kolkata
CUST004540,North,Delhi NCR
CUST004541,South,Bengaluru
CUST004542,North,Delhi NCR
CUST004543,East,Kolkata
CUST004544,Central,Nagpur
CUST004545,Central,Nagpur
CUST004546,South,Bengaluru
CUST004547,East,Kolkata
CUST004548,East,Kolkata
CUST004549,East,Kolkata
CUST004550,West,Mumbai
CUST004551,Central,Nagpur
CUST004552,East,Kolkata
CUST004553,North,Delhi NCR
CUST004554,Central,Nagpur
CUST004555,Central,Nagpur
CUST004556,South,Bengaluru
CUST004557,East,Kolkata
CUST004558,Central,Nagpur
CUST004559,East,Kolkata
CUST004560,East,Kolkata
CUST004561,Central,Nagpur
CUST004562,Central,Nagpur
CUST004563,East,Kolkata
CUST004564,North,Delhi NCR
CUST004565,East,Kolkata
CUST004566,West,Mumbai
CUST004567,South,Bengaluru
CUST004568,East,Kolkata
CUST004569,West,Mumbai
CUST004570,North,Delhi NCR
CUST004571,East,Kolkata
CUST004572,West,Mumbai
CUST004573,South,Bengaluru
CUST004574,East,Kolkata
CUST004575,West,Mumbai
CUST004576,North,Delhi NCR
CUST004577,West,Mumbai
CUST004578,South,Bengaluru
CUST004579,South,Bengaluru
CUST004580,West,Mumbai
CUST004581,North,Delhi NCR
CUST004582,North,Delhi NCR
CUST004583,East,Kolkata
CUST004584,Central,Nagpur
CUST004585,North,Delhi NCR
CUST004586,West,Mumbai
CUST004587,North,Delhi NCR
CUST004588,East,Kolkata
CUST004589,East,Kolkata
CUST004590,East,Kolkata
CUST004591,North,Delhi NCR
CUST004592,West,Mumbai
CUST004593,South,Bengaluru
CUST004594,West,Mumbai
CUST004595,West,Mumbai
CUST004596,East,Kolkata
CUST004597,South,Bengaluru
CUST004598,West,Mumbai
CUST004599,Central,Nagpur
CUST004600,Central,Nagpur
CUST004601,Central,Nagpur
CUST004602,South,Bengaluru
CUST004603,East,Kolkata
CUST004604,South,Bengaluru
CUST004605,Central,Nagpur
CUST004606,Central,Nagpur
CUST004607,Central,Nagpur
CUST004608,North,Delhi NCR
CUST004609,South,Bengaluru
CUST004610,West,Mumbai
CUST004611,West,Mumbai
CUST004612,South,Bengaluru
CUST004613,North,Delhi NCR
CUST004614,North,Delhi NCR
CUST004615,West,Mumbai
CUST004616,East,Kolkata
CUST004617,East,Kolkata
CUST004618,Central,Nagpur
CUST004619,North,Delhi NCR
CUST004620,West,Mumbai
CUST004621,South,Bengaluru
CUST004622,Central,Nagpur
CUST004623,Central,Nagpur
CUST004624,East,Kolkata
CUST004625,South,Bengaluru
CUST004626,South,Bengaluru
CUST004627,North,Delhi NCR
CUST004628,Central,Nagpur
CUST004629,North,Delhi NCR
CUST004630,East,Kolkata
CUST004631,East,Kolkata
CUST004632,West,Mumbai
CUST004633,Central,Nagpur
CUST004634,East,Kolkata
CUST004635,West,Mumbai
CUST004636,East,Kolkata
CUST004637,East,Kolkata
CUST004638,North,Delhi NCR
CUST004639,South,Bengaluru
CUST004640,East,Kolkata
CUST004641,North,Delhi NCR
CUST004642,South,Bengaluru
CUST004643,East,Kolkata
CUST004644,East,Kolkata
CUST004645,Central,Nagpur
CUST004646,Central,Nagpur
CUST004647,West,Mumbai
CUST004648,North,Delhi NCR
CUST004649,East,Kolkata
CUST004650,West,Mumbai
CUST004651,East,Kolkata
CUST004652,East,Kolkata
CUST004653,East,Kolkata
CUST004654,East,Kolkata
CUST004655,East,Kolkata
CUST004656,North,Delhi NCR
CUST004657,East,Kolkata
CUST004658,South,Bengaluru
CUST004659,West,Mumbai
CUST004660,Central,Nagpur
CUST004661,East,Kolkata
CUST004662,South,Bengaluru
CUST004663,Central,Nagpur
CUST004664,West,Mumbai
CUST004665,East,Kolkata
CUST004666,North,Delhi NCR
CUST004667,North,Delhi NCR
CUST004668,South,Bengaluru
CUST004669,South,Bengaluru
CUST004670,West,Mumbai
CUST004671,East,Kolkata
CUST004672,Central,Nagpur
CUST004673,East,Kolkata
CUST004674,Central,Nagpur
CUST004675,East,Kolkata
CUST004676,South,Bengaluru
CUST004677,West,Mumbai
CUST004678,East,Kolkata
CUST004679,South,Bengaluru
CUST004680,East,Kolkata
CUST004681,West,Mumbai
CUST004682,South,Bengaluru
CUST004683,West,Mumbai
CUST004684,Central,Nagpur
CUST004685,East,Kolkata
CUST004686,South,Bengaluru
CUST004687,East,Kolkata
CUST004688,Central,Nagpur
CUST004689,North,Delhi NCR
CUST004690,Central,Nagpur
CUST004691,East,Kolkata
CUST004692,Central,Nagpur
CUST004693,West,Mumbai
CUST004694,West,Mumbai
CUST004695,Central,Nagpur
CUST004696,North,Delhi NCR
CUST004697,East,Kolkata
CUST004698,North,Delhi NCR
CUST004699,South,Bengaluru
CUST004700,North,Delhi NCR
CUST004701,West,Mumbai
CUST004702,West,Mumbai
CUST004703,West,Mumbai
CUST004704,North,Delhi NCR
CUST004705,South,Bengaluru
CUST004706,West,Mumbai
CUST004707,Central,Nagpur
CUST004708,Central,Nagpur
CUST004709,North,Delhi NCR
CUST004710,East,Kolkata
CUST004711,North,Delhi NCR
CUST004712,Central,Nagpur
CUST004713,North,Delhi NCR
CUST004714,Central,Nagpur
CUST004715,North,Delhi NCR
CUST004716,North,Delhi NCR
CUST004717,Central,Nagpur
CUST004718,East,Kolkata
CUST004719,East,Kolkata
CUST004720,West,Mumbai
CUST004721,South,Bengaluru
CUST004722,West,Mumbai
CUST004723,East,Kolkata
CUST004724,South,Bengaluru
CUST004725,South,Bengaluru
CUST004726,North,Delhi NCR
CUST004727,South,Bengaluru
CUST004728,East,Kolkata
CUST004729,North,Delhi NCR
CUST004730,North,Delhi NCR
CUST004731,West,Mumbai
CUST004732,East,Kolkata
CUST004733,North,Delhi NCR
CUST004734,West,Mumbai
CUST004735,West,Mumbai
CUST004736,North,Delhi NCR
CUST004737,South,Bengaluru
CUST004738,South,Bengaluru
CUST004739,West,Mumbai
CUST004740,North,Delhi NCR
CUST004741,Central,Nagpur
CUST004742,South,Bengaluru
CUST004743,North,Delhi NCR
CUST004744,Central,Nagpur
CUST004745,North,Delhi NCR
CUST004746,North,Delhi NCR
CUST004747,Central,Nagpur
CUST004748,East,Kolkata
CUST004749,East,Kolkata
CUST004750,West,Mumbai
CUST004751,West,Mumbai
CUST004752,West,Mumbai
CUST004753,North,Delhi NCR
CUST004754,East,Kolkata
CUST004755,South,Bengaluru
CUST004756,Central,Nagpur
CUST004757,East,Kolkata
CUST004758,North,Delhi NCR
CUST004759,Central,Nagpur
CUST004760,South,Bengaluru
CUST004761,South,Bengaluru
CUST004762,Central,Nagpur
CUST004763,West,Mumbai
CUST004764,Central,Nagpur
CUST004765,West,Mumbai
CUST004766,Central,Nagpur
CUST004767,North,Delhi NCR
CUST004768,East,Kolkata
CUST004769,South,Bengaluru
CUST004770,South,Bengaluru
CUST004771,South,Bengaluru
CUST004772,South,Bengaluru
CUST004773,East,Kolkata
CUST004774,Central,Nagpur
CUST004775,West,Mumbai
CUST004776,South,Bengaluru
CUST004777,East,Kolkata
CUST004778,East,Kolkata
CUST004779,South,Bengaluru
CUST004780,East,Kolkata
CUST004781,West,Mumbai
CUST004782,South,Bengaluru
CUST004783,East,Kolkata
CUST004784,West,Mumbai
CUST004785,East,Kolkata
CUST004786,South,Bengaluru
CUST004787,East,Kolkata
CUST004788,West,Mumbai
CUST004789,South,Bengaluru
CUST004790,East,Kolkata
CUST004791,West,Mumbai
CUST004792,South,Bengaluru
CUST004793,South,Bengaluru
CUST004794,Central,Nagpur
CUST004795,South,Bengaluru
CUST004796,East,Kolkata
CUST004797,North,Delhi NCR
CUST004798,Central,Nagpur
CUST004799,East,Kolkata
CUST004800,West,Mumbai
CUST004801,West,Mumbai
CUST004802,South,Bengaluru
CUST004803,South,Bengaluru
CUST004804,West,Mumbai
CUST004805,Central,Nagpur
CUST004806,North,Delhi NCR
CUST004807,Central,Nagpur
CUST004808,Central,Nagpur
CUST004809,North,Delhi NCR
CUST004810,North,Delhi NCR
CUST004811,West,Mumbai
CUST004812,Central,Nagpur
CUST004813,South,Bengaluru
CUST004814,West,Mumbai
CUST004815,Central,Nagpur
CUST004816,South,Bengaluru
CUST004817,South,Bengaluru
CUST004818,Central,Nagpur
CUST004819,South,Bengaluru
CUST004820,East,Kolkata
CUST004821,East,Kolkata
CUST004822,East,Kolkata
CUST004823,South,Bengaluru
CUST004824,West,Mumbai
CUST004825,West,Mumbai
CUST004826,South,Bengaluru
CUST004827,East,Kolkata
CUST004828,North,Delhi NCR
CUST004829,South,Bengaluru
CUST004830,Central,Nagpur
CUST004831,East,Kolkata
CUST004832,West,Mumbai
CUST004833,Central,Nagpur
CUST004834,West,Mumbai
CUST004835,West,Mumbai
CUST004836,West,Mumbai
CUST004837,East,Kolkata
CUST004838,West,Mumbai
CUST004839,South,Bengaluru
CUST004840,Central,Nagpur
CUST004841,North,Delhi NCR
CUST004842,Central,Nagpur
CUST004843,Central,Nagpur
CUST004844,North,Delhi NCR
CUST004845,West,Mumbai
CUST004846,Central,Nagpur
CUST004847,East,Kolkata
CUST004848,South,Bengaluru
CUST004849,Central,Nagpur
CUST004850,East,Kolkata
CUST004851,North,Delhi NCR
CUST004852,South,Bengaluru
CUST004853,West,Mumbai
CUST004854,East,Kolkata
CUST004855,South,Bengaluru
CUST004856,West,Mumbai
CUST004857,North,Delhi NCR
CUST004858,South,Bengaluru
CUST004859,East,Kolkata
CUST004860,North,Delhi NCR
CUST004861,South,Bengaluru
CUST004862,Central,Nagpur
CUST004863,Central,Nagpur
CUST004864,Central,Nagpur
CUST004865,South,Bengaluru
CUST004866,North,Delhi NCR
CUST004867,Central,Nagpur
CUST004868,South,Bengaluru
CUST004869,West,Mumbai
CUST004870,North,Delhi NCR
CUST004871,West,Mumbai
CUST004872,East,Kolkata
CUST004873,Central,Nagpur
CUST004874,North,Delhi NCR
CUST004875,East,Kolkata
CUST004876,Central,Nagpur
CUST004877,South,Bengaluru
CUST004878,West,Mumbai
CUST004879,North,Delhi NCR
CUST004880,West,Mumbai
CUST004881,South,Bengaluru
CUST004882,East,Kolkata
CUST004883,Central,Nagpur
CUST004884,West,Mumbai
CUST004885,East,Kolkata
CUST004886,North,Delhi NCR
CUST004887,South,Bengaluru
CUST004888,Central,Nagpur
CUST004889,South,Bengaluru
CUST004890,West,Mumbai
CUST004891,East,Kolkata
CUST004892,South,Bengaluru
CUST004893,West,Mumbai
CUST004894,South,Bengaluru
CUST004895,South,Bengaluru
CUST004896,East,Kolkata
CUST004897,West,Mumbai
CUST004898,Central,Nagpur
CUST004899,West,Mumbai
CUST004900,West,Mumbai
CUST004901,West,Mumbai
CUST004902,South,Bengaluru
CUST004903,South,Bengaluru
CUST004904,East,Kolkata
CUST004905,West,Mumbai
CUST004906,West,Mumbai
CUST004907,North,Delhi NCR
CUST004908,West,Mumbai
CUST004909,South,Bengaluru
CUST004910,Central,Nagpur
CUST004911,West,Mumbai
CUST004912,Central,Nagpur
CUST004913,West,Mumbai
CUST004914,East,Kolkata
CUST004915,North,Delhi NCR
CUST004916,South,Bengaluru
CUST004917,Central,Nagpur
CUST004918,South,Bengaluru
CUST004919,North,Delhi NCR
CUST004920,South,Bengaluru
CUST004921,East,Kolkata
CUST004922,West,Mumbai
CUST004923,Central,Nagpur
CUST004924,Central,Nagpur
CUST004925,East,Kolkata
CUST004926,East,Kolkata
CUST004927,Central,Nagpur
CUST004928,North,Delhi NCR
CUST004929,East,Kolkata
CUST004930,East,Kolkata
CUST004931,West,Mumbai
CUST004932,Central,Nagpur
CUST004933,West,Mumbai
CUST004934,West,Mumbai
CUST004935,West,Mumbai
CUST004936,East,Kolkata
CUST004937,South,Bengaluru
CUST004938,South,Bengaluru
CUST004939,West,Mumbai
CUST004940,West,Mumbai
CUST004941,South,Bengaluru
CUST004942,Central,Nagpur
CUST004943,Central,Nagpur
CUST004944,West,Mumbai
CUST004945,South,Bengaluru
CUST004946,Central,Nagpur
CUST004947,South,Bengaluru
CUST004948,East,Kolkata
CUST004949,Central,Nagpur
CUST004950,East,Kolkata
CUST004951,South,Bengaluru
CUST004952,North,Delhi NCR
CUST004953,South,Bengaluru
CUST004954,West,Mumbai
CUST004955,West,Mumbai
CUST004956,South,Bengaluru
CUST004957,North,Delhi NCR
CUST004958,West,Mumbai
CUST004959,North,Delhi NCR
CUST004960,North,Delhi NCR
CUST004961,East,Kolkata
CUST004962,East,Kolkata
CUST004963,South,Bengaluru
CUST004964,South,Bengaluru
CUST004965,South,Bengaluru
CUST004966,South,Bengaluru
CUST004967,North,Delhi NCR
CUST004968,North,Delhi NCR
CUST004969,South,Bengaluru
CUST004970,North,Delhi NCR
CUST004971,South,Bengaluru
CUST004972,East,Kolkata
CUST004973,North,Delhi NCR
CUST004974,West,Mumbai
CUST004975,West,Mumbai
CUST004976,East,Kolkata
CUST004977,West,Mumbai
CUST004978,Central,Nagpur
CUST004979,North,Delhi NCR
CUST004980,North,Delhi NCR
CUST004981,South,Bengaluru
CUST004982,West,Mumbai
CUST004983,Central,Nagpur
CUST004984,Central,Nagpur
CUST004985,East,Kolkata
CUST004986,East,Kolkata
CUST004987,East,Kolkata
CUST004988,North,Delhi NCR
CUST004989,East,Kolkata
CUST004990,East,Kolkata
CUST004991,South,Bengaluru
CUST004992,West,Mumbai
CUST004993,Central,Nagpur
CUST004994,South,Bengaluru
CUST004995,Central,Nagpur
CUST004996,North,Delhi NCR
CUST004997,Central,Nagpur
CUST004998,West,Mumbai
CUST004999,South,Bengaluru
CUST005000,West,Mumbai
CUST005001,South,Bengaluru
CUST005002,West,Mumbai
CUST005003,North,Delhi NCR
CUST005004,South,Bengaluru
CUST005005,South,Bengaluru
CUST005006,North,Delhi NCR
CUST005007,South,Bengaluru
CUST005008,West,Mumbai
CUST005009,West,Mumbai
CUST005010,East,Kolkata
CUST005011,North,Delhi NCR
CUST005012,South,Bengaluru
CUST005013,Central,Nagpur
CUST005014,South,Bengaluru
CUST005015,North,Delhi NCR
CUST005016,East,Kolkata
CUST005017,North,Delhi NCR
CUST005018,South,Bengaluru
CUST005019,Central,Nagpur
CUST005020,South,Bengaluru
CUST005021,West,Mumbai
CUST005022,East,Kolkata
CUST005023,South,Bengaluru
CUST005024,West,Mumbai
CUST005025,East,Kolkata
CUST005026,South,Bengaluru
CUST005027,South,Bengaluru
CUST005028,Central,Nagpur
CUST005029,North,Delhi NCR
CUST005030,Central,Nagpur
CUST005031,East,Kolkata
CUST005032,Central,Nagpur
CUST005033,South,Bengaluru
CUST005034,East,Kolkata
CUST005035,West,Mumbai
CUST005036,South,Bengaluru
CUST005037,South,Bengaluru
CUST005038,East,Kolkata
CUST005039,West,Mumbai
CUST005040,South,Bengaluru
CUST005041,West,Mumbai
CUST005042,West,Mumbai
CUST005043,North,Delhi NCR
CUST005044,Central,Nagpur
CUST005045,North,Delhi NCR
CUST005046,West,Mumbai
CUST005047,East,Kolkata
CUST005048,West,Mumbai
CUST005049,West,Mumbai
CUST005050,West,Mumbai
CUST005051,West,Mumbai
CUST005052,Central,Nagpur
CUST005053,West,Mumbai
CUST005054,Central,Nagpur
CUST005055,East,Kolkata
CUST005056,South,Bengaluru
CUST005057,South,Bengaluru
CUST005058,West,Mumbai
CUST005059,East,Kolkata
CUST005060,North,Delhi NCR
CUST005061,South,Bengaluru
CUST005062,Central,Nagpur
CUST005063,West,Mumbai
CUST005064,West,Mumbai
CUST005065,North,Delhi NCR
CUST005066,North,Delhi NCR
CUST005067,South,Bengaluru
CUST005068,Central,Nagpur
CUST005069,East,Kolkata
CUST005070,West,Mumbai
CUST005071,East,Kolkata
CUST005072,East,Kolkata
CUST005073,West,Mumbai
CUST005074,Central,Nagpur
CUST005075,East,Kolkata
CUST005076,East,Kolkata
CUST005077,Central,Nagpur
CUST005078,South,Bengaluru
CUST005079,Central,Nagpur
CUST005080,East,Kolkata
CUST005081,Central,Nagpur
CUST005082,East,Kolkata
CUST005083,West,Mumbai
CUST005084,South,Bengaluru
CUST005085,West,Mumbai
CUST005086,South,Bengaluru
CUST005087,West,Mumbai
CUST005088,West,Mumbai
CUST005089,East,Kolkata
CUST005090,East,Kolkata
CUST005091,South,Bengaluru
CUST005092,West,Mumbai
CUST005093,East,Kolkata
CUST005094,East,Kolkata
CUST005095,North,Delhi NCR
CUST005096,North,Delhi NCR
CUST005097,North,Delhi NCR
CUST005098,Central,Nagpur
CUST005099,Central,Nagpur
CUST005100,North,Delhi NCR
CUST005101,North,Delhi NCR
CUST005102,West,Mumbai
CUST005103,East,Kolkata
CUST005104,South,Bengaluru
CUST005105,West,Mumbai
CUST005106,South,Bengaluru
CUST005107,North,Delhi NCR
CUST005108,South,Bengaluru
CUST005109,Central,Nagpur
CUST005110,West,Mumbai
CUST005111,North,Delhi NCR
CUST005112,East,Kolkata
CUST005113,Central,Nagpur
CUST005114,Central,Nagpur
CUST005115,West,Mumbai
CUST005116,North,Delhi NCR
CUST005117,South,Bengaluru
CUST005118,South,Bengaluru
CUST005119,North,Delhi NCR
CUST005120,North,Delhi NCR
CUST005121,South,Bengaluru
CUST005122,East,Kolkata
CUST005123,South,Bengaluru
CUST005124,East,Kolkata
CUST005125,South,Bengaluru
CUST005126,North,Delhi NCR
CUST005127,Central,Nagpur
CUST005128,East,Kolkata
CUST005129,South,Bengaluru
CUST005130,Central,Nagpur
CUST005131,Central,Nagpur
CUST005132,Central,Nagpur
CUST005133,North,Delhi NCR
CUST005134,West,Mumbai
CUST005135,Central,Nagpur
CUST005136,Central,Nagpur
CUST005137,South,Bengaluru
CUST005138,Central,Nagpur
CUST005139,East,Kolkata
CUST005140,East,Kolkata
CUST005141,East,Kolkata
CUST005142,West,Mumbai
CUST005143,North,Delhi NCR
CUST005144,East,Kolkata
CUST005145,Central,Nagpur
CUST005146,East,Kolkata
CUST005147,South,Bengaluru
CUST005148,North,Delhi NCR
CUST005149,East,Kolkata
CUST005150,West,Mumbai
CUST005151,East,Kolkata
CUST005152,Central,Nagpur
CUST005153,West,Mumbai
CUST005154,East,Kolkata
CUST005155,North,Delhi NCR
CUST005156,East,Kolkata
CUST005157,North,Delhi NCR
CUST005158,West,Mumbai
CUST005159,North,Delhi NCR
CUST005160,Central,Nagpur
CUST005161,South,Bengaluru
CUST005162,East,Kolkata
CUST005163,North,Delhi NCR
CUST005164,South,Bengaluru
CUST005165,Central,Nagpur
CUST005166,South,Bengaluru
CUST005167,East,Kolkata
CUST005168,Central,Nagpur
CUST005169,West,Mumbai
CUST005170,North,Delhi NCR
CUST005171,South,Bengaluru
CUST005172,South,Bengaluru
CUST005173,South,Bengaluru
CUST005174,South,Bengaluru
CUST005175,East,Kolkata
CUST005176,South,Bengaluru
CUST005177,South,Bengaluru
CUST005178,East,Kolkata
CUST005179,South,Bengaluru
CUST005180,South,Bengaluru
CUST005181,East,Kolkata
CUST005182,Central,Nagpur
CUST005183,East,Kolkata
CUST005184,East,Kolkata
CUST005185,Central,Nagpur
CUST005186,West,Mumbai
CUST005187,South,Bengaluru
CUST005188,South,Bengaluru
CUST005189,East,Kolkata
CUST005190,East,Kolkata
CUST005191,North,Delhi NCR
CUST005192,North,Delhi NCR
CUST005193,South,Bengaluru
CUST005194,Central,Nagpur
CUST005195,West,Mumbai
CUST005196,Central,Nagpur
CUST005197,North,Delhi NCR
CUST005198,East,Kolkata
CUST005199,East,Kolkata
CUST005200,East,Kolkata
CUST005201,East,Kolkata
CUST005202,South,Bengaluru
CUST005203,North,Delhi NCR
CUST005204,Central,Nagpur
CUST005205,Central,Nagpur
CUST005206,North,Delhi NCR
CUST005207,East,Kolkata
CUST005208,East,Kolkata
CUST005209,West,Mumbai
CUST005210,Central,Nagpur
CUST005211,East,Kolkata
CUST005212,West,Mumbai
CUST005213,Central,Nagpur
CUST005214,Central,Nagpur
CUST005215,South,Bengaluru
CUST005216,Central,Nagpur
CUST005217,East,Kolkata
CUST005218,North,Delhi NCR
CUST005219,West,Mumbai
CUST005220,Central,Nagpur
CUST005221,South,Bengaluru
CUST005222,East,Kolkata
CUST005223,South,Bengaluru
CUST005224,North,Delhi NCR
CUST005225,Central,Nagpur
CUST005226,North,Delhi NCR
CUST005227,East,Kolkata
CUST005228,North,Delhi NCR
CUST005229,West,Mumbai
CUST005230,Central,Nagpur
CUST005231,West,Mumbai
CUST005232,West,Mumbai
CUST005233,Central,Nagpur
CUST005234,Central,Nagpur
CUST005235,Central,Nagpur
CUST005236,South,Bengaluru
CUST005237,East,Kolkata
CUST005238,Central,Nagpur
CUST005239,South,Bengaluru
CUST005240,West,Mumbai
CUST005241,North,Delhi NCR
CUST005242,Central,Nagpur
CUST005243,West,Mumbai
CUST005244,West,Mumbai
CUST005245,Central,Nagpur
CUST005246,South,Bengaluru
CUST005247,East,Kolkata
CUST005248,Central,Nagpur
CUST005249,North,Delhi NCR
CUST005250,Central,Nagpur
CUST005251,South,Bengaluru
CUST005252,East,Kolkata
CUST005253,East,Kolkata
CUST005254,West,Mumbai
CUST005255,Central,Nagpur
CUST005256,South,Bengaluru
CUST005257,North,Delhi NCR
CUST005258,East,Kolkata
CUST005259,West,Mumbai
CUST005260,West,Mumbai
CUST005261,West,Mumbai
CUST005262,South,Bengaluru
CUST005263,Central,Nagpur
CUST005264,North,Delhi NCR
CUST005265,North,Delhi NCR
CUST005266,North,Delhi NCR
CUST005267,Central,Nagpur
CUST005268,North,Delhi NCR
CUST005269,West,Mumbai
CUST005270,Central,Nagpur
CUST005271,West,Mumbai
CUST005272,Central,Nagpur
CUST005273,North,Delhi NCR
CUST005274,East,Kolkata
CUST005275,East,Kolkata
CUST005276,West,Mumbai
CUST005277,West,Mumbai
CUST005278,East,Kolkata
CUST005279,South,Bengaluru
CUST005280,North,Delhi NCR
CUST005281,East,Kolkata
CUST005282,South,Bengaluru
CUST005283,East,Kolkata
CUST005284,West,Mumbai
CUST005285,East,Kolkata
CUST005286,East,Kolkata
CUST005287,North,Delhi NCR
CUST005288,West,Mumbai
CUST005289,East,Kolkata
CUST005290,North,Delhi NCR
CUST005291,South,Bengaluru
CUST005292,West,Mumbai
CUST005293,Central,Nagpur
CUST005294,East,Kolkata
CUST005295,Central,Nagpur
CUST005296,North,Delhi NCR
CUST005297,South,Bengaluru
CUST005298,Central,Nagpur
CUST005299,North,Delhi NCR
CUST005300,West,Mumbai
CUST005301,South,Bengaluru
CUST005302,South,Bengaluru
CUST005303,East,Kolkata
CUST005304,South,Bengaluru
CUST005305,Central,Nagpur
CUST005306,Central,Nagpur
CUST005307,East,Kolkata
CUST005308,East,Kolkata
CUST005309,North,Delhi NCR
CUST005310,South,Bengaluru
CUST005311,North,Delhi NCR
CUST005312,Central,Nagpur
CUST005313,South,Bengaluru
CUST005314,South,Bengaluru
CUST005315,Central,Nagpur
CUST005316,West,Mumbai
CUST005317,West,Mumbai
CUST005318,North,Delhi NCR
CUST005319,East,Kolkata
CUST005320,East,Kolkata
CUST005321,South,Bengaluru
CUST005322,West,Mumbai
CUST005323,Central,Nagpur
CUST005324,South,Bengaluru
CUST005325,South,Bengaluru
CUST005326,South,Bengaluru
CUST005327,Central,Nagpur
CUST005328,North,Delhi NCR
CUST005329,Central,Nagpur
CUST005330,West,Mumbai
CUST005331,East,Kolkata
CUST005332,East,Kolkata
CUST005333,Central,Nagpur
CUST005334,West,Mumbai
CUST005335,South,Bengaluru
CUST005336,North,Delhi NCR
CUST005337,West,Mumbai
CUST005338,North,Delhi NCR
CUST005339,North,Delhi NCR
CUST005340,Central,Nagpur
CUST005341,East,Kolkata
CUST005342,West,Mumbai
CUST005343,South,Bengaluru
CUST005344,North,Delhi NCR
CUST005345,North,Delhi NCR
CUST005346,South,Bengaluru
CUST005347,North,Delhi NCR
CUST005348,East,Kolkata
CUST005349,South,Bengaluru
CUST005350,East,Kolkata
CUST005351,East,Kolkata
CUST005352,South,Bengaluru
CUST005353,East,Kolkata
CUST005354,North,Delhi NCR
CUST005355,South,Bengaluru
CUST005356,Central,Nagpur
CUST005357,Central,Nagpur
CUST005358,East,Kolkata
CUST005359,Central,Nagpur
CUST005360,East,Kolkata
CUST005361,North,Delhi NCR
CUST005362,Central,Nagpur
CUST005363,East,Kolkata
CUST005364,West,Mumbai
CUST005365,West,Mumbai
CUST005366,South,Bengaluru
CUST005367,West,Mumbai
CUST005368,East,Kolkata
CUST005369,South,Bengaluru
CUST005370,South,Bengaluru
CUST005371,West,Mumbai
CUST005372,South,Bengaluru
CUST005373,North,Delhi NCR
CUST005374,Central,Nagpur
CUST005375,South,Bengaluru
CUST005376,West,Mumbai
CUST005377,West,Mumbai
CUST005378,Central,Nagpur
CUST005379,West,Mumbai
CUST005380,West,Mumbai
CUST005381,Central,Nagpur
CUST005382,Central,Nagpur
CUST005383,North,Delhi NCR
CUST005384,West,Mumbai
CUST005385,North,Delhi NCR
CUST005386,Central,Nagpur
CUST005387,North,Delhi NCR
CUST005388,South,Bengaluru
CUST005389,North,Delhi NCR
CUST005390,West,Mumbai
CUST005391,North,Delhi NCR
CUST005392,North,Delhi NCR
CUST005393,East,Kolkata
CUST005394,Central,Nagpur
CUST005395,East,Kolkata
CUST005396,East,Kolkata
CUST005397,West,Mumbai
CUST005398,East,Kolkata
CUST005399,South,Bengaluru
CUST005400,East,Kolkata
CUST005401,North,Delhi NCR
CUST005402,South,Bengaluru
CUST005403,West,Mumbai
CUST005404,South,Bengaluru
CUST005405,North,Delhi NCR
CUST005406,North,Delhi NCR
CUST005407,Central,Nagpur
CUST005408,South,Bengaluru
CUST005409,North,Delhi NCR
CUST005410,West,Mumbai
CUST005411,East,Kolkata
CUST005412,East,Kolkata
CUST005413,Central,Nagpur
CUST005414,South,Bengaluru
CUST005415,East,Kolkata
CUST005416,West,Mumbai
CUST005417,West,Mumbai
CUST005418,South,Bengaluru
CUST005419,West,Mumbai
CUST005420,West,Mumbai
CUST005421,North,Delhi NCR
CUST005422,North,Delhi NCR
CUST005423,West,Mumbai
CUST005424,North,Delhi NCR
CUST005425,Central,Nagpur
CUST005426,North,Delhi NCR
CUST005427,Central,Nagpur
CUST005428,West,Mumbai
CUST005429,East,Kolkata
CUST005430,South,Bengaluru
CUST005431,South,Bengaluru
CUST005432,West,Mumbai
CUST005433,West,Mumbai
CUST005434,South,Bengaluru
CUST005435,East,Kolkata
CUST005436,Central,Nagpur
CUST005437,South,Bengaluru
CUST005438,West,Mumbai
CUST005439,North,Delhi NCR
CUST005440,Central,Nagpur
CUST005441,North,Delhi NCR
CUST005442,South,Bengaluru
CUST005443,East,Kolkata
CUST005444,South,Bengaluru
CUST005445,North,Delhi NCR
CUST005446,West,Mumbai
CUST005447,North,Delhi NCR
CUST005448,Central,Nagpur
CUST005449,North,Delhi NCR
CUST005450,South,Bengaluru
CUST005451,Central,Nagpur
CUST005452,North,Delhi NCR
CUST005453,North,Delhi NCR
CUST005454,West,Mumbai
CUST005455,North,Delhi NCR
CUST005456,Central,Nagpur
CUST005457,East,Kolkata
CUST005458,Central,Nagpur
CUST005459,South,Bengaluru
CUST005460,North,Delhi NCR
CUST005461,Central,Nagpur
CUST005462,West,Mumbai
CUST005463,Central,Nagpur
CUST005464,South,Bengaluru
CUST005465,East,Kolkata
CUST005466,East,Kolkata
CUST005467,East,Kolkata
CUST005468,South,Bengaluru
CUST005469,South,Bengaluru
CUST005470,West,Mumbai
CUST005471,North,Delhi NCR
CUST005472,South,Bengaluru
CUST005473,South,Bengaluru
CUST005474,North,Delhi NCR
CUST005475,North,Delhi NCR
CUST005476,East,Kolkata
CUST005477,North,Delhi NCR
CUST005478,South,Bengaluru
CUST005479,East,Kolkata
CUST005480,Central,Nagpur
CUST005481,North,Delhi NCR
CUST005482,East,Kolkata
CUST005483,North,Delhi NCR
CUST005484,East,Kolkata
CUST005485,East,Kolkata
CUST005486,West,Mumbai
CUST005487,East,Kolkata
CUST005488,Central,Nagpur
CUST005489,North,Delhi NCR
CUST005490,North,Delhi NCR
CUST005491,North,Delhi NCR
CUST005492,South,Bengaluru
CUST005493,North,Delhi NCR
CUST005494,North,Delhi NCR
CUST005495,South,Bengaluru
CUST005496,Central,Nagpur
CUST005497,Central,Nagpur
CUST005498,North,Delhi NCR
CUST005499,Central,Nagpur
CUST005500,South,Bengaluru
CUST005501,East,Kolkata
CUST005502,South,Bengaluru
CUST005503,East,Kolkata
CUST005504,West,Mumbai
CUST005505,West,Mumbai
CUST005506,East,Kolkata
CUST005507,West,Mumbai
CUST005508,West,Mumbai
CUST005509,North,Delhi NCR
CUST005510,South,Bengaluru
CUST005511,North,Delhi NCR
CUST005512,West,Mumbai
CUST005513,East,Kolkata
CUST005514,West,Mumbai
CUST005515,East,Kolkata
CUST005516,South,Bengaluru
CUST005517,North,Delhi NCR
CUST005518,Central,Nagpur
CUST005519,South,Bengaluru
CUST005520,North,Delhi NCR
CUST005521,South,Bengaluru
CUST005522,Central,Nagpur
CUST005523,South,Bengaluru
CUST005524,Central,Nagpur
CUST005525,East,Kolkata
CUST005526,Central,Nagpur
CUST005527,West,Mumbai
CUST005528,North,Delhi NCR
CUST005529,East,Kolkata
CUST005530,East,Kolkata
CUST005531,South,Bengaluru
CUST005532,East,Kolkata
CUST005533,North,Delhi NCR
CUST005534,West,Mumbai
CUST005535,Central,Nagpur
CUST005536,North,Delhi NCR
CUST005537,East,Kolkata
CUST005538,West,Mumbai
CUST005539,North,Delhi NCR
CUST005540,South,Bengaluru
CUST005541,South,Bengaluru
CUST005542,North,Delhi NCR
CUST005543,Central,Nagpur
CUST005544,East,Kolkata
CUST005545,West,Mumbai
CUST005546,East,Kolkata
CUST005547,Central,Nagpur
CUST005548,Central,Nagpur
CUST005549,West,Mumbai
CUST005550,South,Bengaluru
CUST005551,East,Kolkata
CUST005552,Central,Nagpur
CUST005553,East,Kolkata
CUST005554,East,Kolkata
CUST005555,North,Delhi NCR
CUST005556,Central,Nagpur
CUST005557,West,Mumbai
CUST005558,South,Bengaluru
CUST005559,East,Kolkata
CUST005560,East,Kolkata
CUST005561,North,Delhi NCR
CUST005562,Central,Nagpur
CUST005563,Central,Nagpur
CUST005564,Central,Nagpur
CUST005565,South,Bengaluru
CUST005566,South,Bengaluru
CUST005567,North,Delhi NCR
CUST005568,West,Mumbai
CUST005569,South,Bengaluru
CUST005570,Central,Nagpur
CUST005571,Central,Nagpur
CUST005572,North,Delhi NCR
CUST005573,Central,Nagpur
CUST005574,North,Delhi NCR
CUST005575,East,Kolkata
CUST005576,East,Kolkata
CUST005577,Central,Nagpur
CUST005578,West,Mumbai
CUST005579,Central,Nagpur
CUST005580,East,Kolkata
CUST005581,Central,Nagpur
CUST005582,Central,Nagpur
CUST005583,Central,Nagpur
CUST005584,East,Kolkata
CUST005585,South,Bengaluru
CUST005586,Central,Nagpur
CUST005587,West,Mumbai
CUST005588,Central,Nagpur
CUST005589,East,Kolkata
CUST005590,Central,Nagpur
CUST005591,West,Mumbai
CUST005592,West,Mumbai
CUST005593,North,Delhi NCR
CUST005594,East,Kolkata
CUST005595,West,Mumbai
CUST005596,West,Mumbai
CUST005597,Central,Nagpur
CUST005598,South,Bengaluru
CUST005599,South,Bengaluru
CUST005600,Central,Nagpur
CUST005601,Central,Nagpur
CUST005602,North,Delhi NCR
CUST005603,South,Bengaluru
CUST005604,Central,Nagpur
CUST005605,North,Delhi NCR
CUST005606,West,Mumbai
CUST005607,North,Delhi NCR
CUST005608,North,Delhi NCR
CUST005609,West,Mumbai
CUST005610,West,Mumbai
CUST005611,East,Kolkata
CUST005612,Central,Nagpur
CUST005613,South,Bengaluru
CUST005614,East,Kolkata
CUST005615,West,Mumbai
CUST005616,West,Mumbai
CUST005617,South,Bengaluru
CUST005618,West,Mumbai
CUST005619,East,Kolkata
CUST005620,East,Kolkata
CUST005621,Central,Nagpur
CUST005622,South,Bengaluru
CUST005623,West,Mumbai
CUST005624,Central,Nagpur
CUST005625,West,Mumbai
CUST005626,Central,Nagpur
CUST005627,East,Kolkata
CUST005628,South,Bengaluru
CUST005629,Central,Nagpur
CUST005630,West,Mumbai
CUST005631,South,Bengaluru
CUST005632,South,Bengaluru
CUST005633,South,Bengaluru
CUST005634,Central,Nagpur
CUST005635,North,Delhi NCR
CUST005636,West,Mumbai
CUST005637,East,Kolkata
CUST005638,North,Delhi NCR
CUST005639,West,Mumbai
CUST005640,West,Mumbai
CUST005641,West,Mumbai
CUST005642,East,Kolkata
CUST005643,South,Bengaluru
CUST005644,North,Delhi NCR
CUST005645,North,Delhi NCR
CUST005646,South,Bengaluru
CUST005647,West,Mumbai
CUST005648,North,Delhi NCR
CUST005649,Central,Nagpur
CUST005650,East,Kolkata
CUST005651,South,Bengaluru
CUST005652,Central,Nagpur
CUST005653,North,Delhi NCR
CUST005654,Central,Nagpur
CUST005655,South,Bengaluru
CUST005656,South,Bengaluru
CUST005657,East,Kolkata
CUST005658,Central,Nagpur
CUST005659,South,Bengaluru
CUST005660,Central,Nagpur
CUST005661,South,Bengaluru
CUST005662,South,Bengaluru
CUST005663,West,Mumbai
CUST005664,West,Mumbai
CUST005665,South,Bengaluru
CUST005666,North,Delhi NCR
CUST005667,South,Bengaluru
CUST005668,East,Kolkata
CUST005669,North,Delhi NCR
CUST005670,North,Delhi NCR
CUST005671,Central,Nagpur
CUST005672,North,Delhi NCR
CUST005673,East,Kolkata
CUST005674,West,Mumbai
CUST005675,South,Bengaluru
CUST005676,East,Kolkata
CUST005677,North,Delhi NCR
CUST005678,West,Mumbai
CUST005679,West,Mumbai
CUST005680,Central,Nagpur
CUST005681,Central,Nagpur
CUST005682,South,Bengaluru
CUST005683,North,Delhi NCR
CUST005684,South,Bengaluru
CUST005685,North,Delhi NCR
CUST005686,East,Kolkata
CUST005687,North,Delhi NCR
CUST005688,Central,Nagpur
CUST005689,West,Mumbai
CUST005690,South,Bengaluru
CUST005691,Central,Nagpur
CUST005692,West,Mumbai
CUST005693,East,Kolkata
CUST005694,North,Delhi NCR
CUST005695,South,Bengaluru
CUST005696,East,Kolkata
CUST005697,West,Mumbai
CUST005698,South,Bengaluru
CUST005699,West,Mumbai
CUST005700,South,Bengaluru
CUST005701,South,Bengaluru
CUST005702,East,Kolkata
CUST005703,North,Delhi NCR
CUST005704,East,Kolkata
CUST005705,South,Bengaluru
CUST005706,South,Bengaluru
CUST005707,West,Mumbai
CUST005708,South,Bengaluru
CUST005709,West,Mumbai
CUST005710,West,Mumbai
CUST005711,West,Mumbai
CUST005712,South,Bengaluru
CUST005713,Central,Nagpur
CUST005714,South,Bengaluru
CUST005715,South,Bengaluru
CUST005716,Central,Nagpur
CUST005717,South,Bengaluru
CUST005718,West,Mumbai
CUST005719,North,Delhi NCR
CUST005720,West,Mumbai
CUST005721,Central,Nagpur
CUST005722,West,Mumbai
CUST005723,East,Kolkata
CUST005724,Central,Nagpur
CUST005725,South,Bengaluru
CUST005726,South,Bengaluru
CUST005727,North,Delhi NCR
CUST005728,West,Mumbai
CUST005729,West,Mumbai
CUST005730,West,Mumbai
CUST005731,West,Mumbai
CUST005732,North,Delhi NCR
CUST005733,West,Mumbai
CUST005734,West,Mumbai
CUST005735,South,Bengaluru
CUST005736,East,Kolkata
CUST005737,Central,Nagpur
CUST005738,East,Kolkata
CUST005739,West,Mumbai
CUST005740,East,Kolkata
CUST005741,West,Mumbai
CUST005742,West,Mumbai
CUST005743,West,Mumbai
CUST005744,West,Mumbai
CUST005745,Central,Nagpur
CUST005746,South,Bengaluru
CUST005747,Central,Nagpur
CUST005748,West,Mumbai
CUST005749,East,Kolkata
CUST005750,South,Bengaluru
CUST005751,East,Kolkata
CUST005752,West,Mumbai
CUST005753,South,Bengaluru
CUST005754,South,Bengaluru
CUST005755,Central,Nagpur
CUST005756,East,Kolkata
CUST005757,West,Mumbai
CUST005758,North,Delhi NCR
CUST005759,North,Delhi NCR
CUST005760,Central,Nagpur
CUST005761,North,Delhi NCR
CUST005762,West,Mumbai
CUST005763,Central,Nagpur
CUST005764,East,Kolkata
CUST005765,Central,Nagpur
CUST005766,East,Kolkata
CUST005767,Central,Nagpur
CUST005768,South,Bengaluru
CUST005769,East,Kolkata
CUST005770,South,Bengaluru
CUST005771,West,Mumbai
CUST005772,North,Delhi NCR
CUST005773,Central,Nagpur
CUST005774,North,Delhi NCR
CUST005775,South,Bengaluru
CUST005776,East,Kolkata
CUST005777,North,Delhi NCR
CUST005778,East,Kolkata
CUST005779,Central,Nagpur
CUST005780,Central,Nagpur
CUST005781,North,Delhi NCR
CUST005782,East,Kolkata
CUST005783,East,Kolkata
CUST005784,North,Delhi NCR
CUST005785,West,Mumbai
CUST005786,East,Kolkata
CUST005787,West,Mumbai
CUST005788,South,Bengaluru
CUST005789,South,Bengaluru
CUST005790,West,Mumbai
CUST005791,West,Mumbai
CUST005792,North,Delhi NCR
CUST005793,South,Bengaluru
CUST005794,East,Kolkata
CUST005795,Central,Nagpur
CUST005796,South,Bengaluru
CUST005797,South,Bengaluru
CUST005798,Central,Nagpur
CUST005799,West,Mumbai
CUST005800,Central,Nagpur
CUST005801,West,Mumbai
CUST005802,Central,Nagpur
CUST005803,North,Delhi NCR
CUST005804,South,Bengaluru
CUST005805,South,Bengaluru
CUST005806,North,Delhi NCR
CUST005807,West,Mumbai
CUST005808,West,Mumbai
CUST005809,North,Delhi NCR
CUST005810,North,Delhi NCR
CUST005811,North,Delhi NCR
CUST005812,East,Kolkata
CUST005813,East,Kolkata
CUST005814,South,Bengaluru
CUST005815,Central,Nagpur
CUST005816,South,Bengaluru
CUST005817,East,Kolkata
CUST005818,East,Kolkata
CUST005819,South,Bengaluru
CUST005820,Central,Nagpur
CUST005821,Central,Nagpur
CUST005822,North,Delhi NCR
CUST005823,East,Kolkata
CUST005824,North,Delhi NCR
CUST005825,East,Kolkata
CUST005826,West,Mumbai
CUST005827,East,Kolkata
CUST005828,South,Bengaluru
CUST005829,South,Bengaluru
CUST005830,South,Bengaluru
CUST005831,South,Bengaluru
CUST005832,South,Bengaluru
CUST005833,West,Mumbai
CUST005834,North,Delhi NCR
CUST005835,North,Delhi NCR
CUST005836,East,Kolkata
CUST005837,West,Mumbai
CUST005838,South,Bengaluru
CUST005839,South,Bengaluru
CUST005840,West,Mumbai
CUST005841,South,Bengaluru
CUST005842,West,Mumbai
CUST005843,North,Delhi NCR
CUST005844,North,Delhi NCR
CUST005845,East,Kolkata
CUST005846,South,Bengaluru
CUST005847,West,Mumbai
CUST005848,East,Kolkata
CUST005849,South,Bengaluru
CUST005850,North,Delhi NCR
CUST005851,North,Delhi NCR
CUST005852,West,Mumbai
CUST005853,South,Bengaluru
CUST005854,East,Kolkata
CUST005855,Central,Nagpur
CUST005856,Central,Nagpur
CUST005857,South,Bengaluru
CUST005858,North,Delhi NCR
CUST005859,West,Mumbai
CUST005860,West,Mumbai
CUST005861,South,Bengaluru
CUST005862,East,Kolkata
CUST005863,North,Delhi NCR
CUST005864,West,Mumbai
CUST005865,West,Mumbai
CUST005866,South,Bengaluru
CUST005867,East,Kolkata
CUST005868,South,Bengaluru
CUST005869,North,Delhi NCR
CUST005870,North,Delhi NCR
CUST005871,Central,Nagpur
CUST005872,East,Kolkata
CUST005873,North,Delhi NCR
CUST005874,North,Delhi NCR
CUST005875,South,Bengaluru
CUST005876,Central,Nagpur
CUST005877,South,Bengaluru
CUST005878,Central,Nagpur
CUST005879,East,Kolkata
CUST005880,West,Mumbai
CUST005881,West,Mumbai
CUST005882,North,Delhi NCR
CUST005883,North,Delhi NCR
CUST005884,Central,Nagpur
CUST005885,Central,Nagpur
CUST005886,North,Delhi NCR
CUST005887,West,Mumbai
CUST005888,Central,Nagpur
CUST005889,Central,Nagpur
CUST005890,South,Bengaluru
CUST005891,Central,Nagpur
CUST005892,West,Mumbai
CUST005893,Central,Nagpur
CUST005894,North,Delhi NCR
CUST005895,West,Mumbai
CUST005896,North,Delhi NCR
CUST005897,South,Bengaluru
CUST005898,North,Delhi NCR
CUST005899,East,Kolkata
CUST005900,Central,Nagpur
CUST005901,West,Mumbai
CUST005902,South,Bengaluru
CUST005903,East,Kolkata
CUST005904,South,Bengaluru
CUST005905,West,Mumbai
CUST005906,South,Bengaluru
CUST005907,North,Delhi NCR
CUST005908,East,Kolkata
CUST005909,Central,Nagpur
CUST005910,East,Kolkata
CUST005911,South,Bengaluru
CUST005912,North,Delhi NCR
CUST005913,Central,Nagpur
CUST005914,West,Mumbai
CUST005915,North,Delhi NCR
CUST005916,North,Delhi NCR
CUST005917,North,Delhi NCR
CUST005918,South,Bengaluru
CUST005919,Central,Nagpur
CUST005920,North,Delhi NCR
CUST005921,Central,Nagpur
CUST005922,North,Delhi NCR
CUST005923,West,Mumbai
CUST005924,South,Bengaluru
CUST005925,Central,Nagpur
CUST005926,East,Kolkata
CUST005927,South,Bengaluru
CUST005928,South,Bengaluru
CUST005929,Central,Nagpur
CUST005930,East,Kolkata
CUST005931,South,Bengaluru
CUST005932,West,Mumbai
CUST005933,East,Kolkata
CUST005934,West,Mumbai
CUST005935,East,Kolkata
CUST005936,North,Delhi NCR
CUST005937,North,Delhi NCR
CUST005938,North,Delhi NCR
CUST005939,East,Kolkata
CUST005940,East,Kolkata
CUST005941,West,Mumbai
CUST005942,Central,Nagpur
CUST005943,North,Delhi NCR
CUST005944,Central,Nagpur
CUST005945,Central,Nagpur
CUST005946,West,Mumbai
CUST005947,East,Kolkata
CUST005948,North,Delhi NCR
CUST005949,North,Delhi NCR
CUST005950,North,Delhi NCR
CUST005951,West,Mumbai
CUST005952,East,Kolkata
CUST005953,North,Delhi NCR
CUST005954,North,Delhi NCR
CUST005955,North,Delhi NCR
CUST005956,West,Mumbai
CUST005957,West,Mumbai
CUST005958,West,Mumbai
CUST005959,North,Delhi NCR
CUST005960,North,Delhi NCR
CUST005961,North,Delhi NCR
CUST005962,West,Mumbai
CUST005963,West,Mumbai
CUST005964,South,Bengaluru
CUST005965,North,Delhi NCR
CUST005966,South,Bengaluru
CUST005967,Central,Nagpur
CUST005968,North,Delhi NCR
CUST005969,West,Mumbai
CUST005970,East,Kolkata
CUST005971,North,Delhi NCR
CUST005972,Central,Nagpur
CUST005973,East,Kolkata
CUST005974,West,Mumbai
CUST005975,North,Delhi NCR
CUST005976,South,Bengaluru
CUST005977,West,Mumbai
CUST005978,West,Mumbai
CUST005979,North,Delhi NCR
CUST005980,West,Mumbai
CUST005981,Central,Nagpur
CUST005982,West,Mumbai
CUST005983,South,Bengaluru
CUST005984,Central,Nagpur
CUST005985,West,Mumbai
CUST005986,North,Delhi NCR
CUST005987,North,Delhi NCR
CUST005988,Central,Nagpur
CUST005989,South,Bengaluru
CUST005990,North,Delhi NCR
CUST005991,East,Kolkata
CUST005992,East,Kolkata
CUST005993,East,Kolkata
CUST005994,West,Mumbai
CUST005995,Central,Nagpur
CUST005996,West,Mumbai
CUST005997,North,Delhi NCR
CUST005998,North,Delhi NCR
CUST005999,North,Delhi NCR
CUST006000,South,Bengaluru
CUST006001,South,Bengaluru
CUST006002,Central,Nagpur
CUST006003,South,Bengaluru
CUST006004,North,Delhi NCR
CUST006005,Central,Nagpur
CUST006006,South,Bengaluru
CUST006007,Central,Nagpur
CUST006008,West,Mumbai
CUST006009,Central,Nagpur
CUST006010,Central,Nagpur
CUST006011,North,Delhi NCR
CUST006012,West,Mumbai
CUST006013,East,Kolkata
CUST006014,West,Mumbai
CUST006015,West,Mumbai
CUST006016,East,Kolkata
CUST006017,South,Bengaluru
CUST006018,Central,Nagpur
CUST006019,West,Mumbai
CUST006020,Central,Nagpur
CUST006021,South,Bengaluru
CUST006022,Central,Nagpur
CUST006023,South,Bengaluru
CUST006024,East,Kolkata
CUST006025,Central,Nagpur
CUST006026,South,Bengaluru
CUST006027,South,Bengaluru
CUST006028,Central,Nagpur
CUST006029,Central,Nagpur
CUST006030,South,Bengaluru
CUST006031,South,Bengaluru
CUST006032,South,Bengaluru
CUST006033,North,Delhi NCR
CUST006034,East,Kolkata
CUST006035,South,Bengaluru
CUST006036,Central,Nagpur
CUST006037,North,Delhi NCR
CUST006038,West,Mumbai
CUST006039,East,Kolkata
CUST006040,West,Mumbai
CUST006041,North,Delhi NCR
CUST006042,East,Kolkata
CUST006043,West,Mumbai
CUST006044,South,Bengaluru
CUST006045,Central,Nagpur
CUST006046,East,Kolkata
CUST006047,South,Bengaluru
CUST006048,North,Delhi NCR
CUST006049,North,Delhi NCR
CUST006050,East,Kolkata
CUST006051,East,Kolkata
CUST006052,Central,Nagpur
CUST006053,West,Mumbai
CUST006054,North,Delhi NCR
CUST006055,East,Kolkata
CUST006056,East,Kolkata
CUST006057,North,Delhi NCR
CUST006058,West,Mumbai
CUST006059,East,Kolkata
CUST006060,North,Delhi NCR
CUST006061,East,Kolkata
CUST006062,West,Mumbai
CUST006063,South,Bengaluru
CUST006064,South,Bengaluru
CUST006065,North,Delhi NCR
CUST006066,South,Bengaluru
CUST006067,Central,Nagpur
CUST006068,West,Mumbai
CUST006069,North,Delhi NCR
CUST006070,East,Kolkata
CUST006071,North,Delhi NCR
CUST006072,East,Kolkata
CUST006073,North,Delhi NCR
CUST006074,West,Mumbai
CUST006075,East,Kolkata
CUST006076,West,Mumbai
CUST006077,East,Kolkata
CUST006078,South,Bengaluru
CUST006079,South,Bengaluru
CUST006080,South,Bengaluru
CUST006081,East,Kolkata
CUST006082,East,Kolkata
CUST006083,West,Mumbai
CUST006084,North,Delhi NCR
CUST006085,South,Bengaluru
CUST006086,Central,Nagpur
CUST006087,Central,Nagpur
CUST006088,Central,Nagpur
CUST006089,South,Bengaluru
CUST006090,North,Delhi NCR
CUST006091,North,Delhi NCR
CUST006092,North,Delhi NCR
CUST006093,Central,Nagpur
CUST006094,Central,Nagpur
CUST006095,Central,Nagpur
CUST006096,West,Mumbai
CUST006097,South,Bengaluru
CUST006098,East,Kolkata
CUST006099,Central,Nagpur
CUST006100,Central,Nagpur
CUST006101,East,Kolkata
CUST006102,Central,Nagpur
CUST006103,South,Bengaluru
CUST006104,East,Kolkata
CUST006105,Central,Nagpur
CUST006106,South,Bengaluru
CUST006107,West,Mumbai
CUST006108,East,Kolkata
CUST006109,South,Bengaluru
CUST006110,South,Bengaluru
CUST006111,West,Mumbai
CUST006112,East,Kolkata
CUST006113,South,Bengaluru
CUST006114,West,Mumbai
CUST006115,North,Delhi NCR
CUST006116,North,Delhi NCR
CUST006117,Central,Nagpur
CUST006118,West,Mumbai
CUST006119,East,Kolkata
CUST006120,North,Delhi NCR
CUST006121,East,Kolkata
CUST006122,East,Kolkata
CUST006123,East,Kolkata
CUST006124,North,Delhi NCR
CUST006125,East,Kolkata
CUST006126,East,Kolkata
CUST006127,South,Bengaluru
CUST006128,North,Delhi NCR
CUST006129,Central,Nagpur
CUST006130,West,Mumbai
CUST006131,West,Mumbai
CUST006132,West,Mumbai
CUST006133,West,Mumbai
CUST006134,North,Delhi NCR
CUST006135,East,Kolkata
CUST006136,Central,Nagpur
CUST006137,South,Bengaluru
CUST006138,Central,Nagpur
CUST006139,North,Delhi NCR
CUST006140,South,Bengaluru
CUST006141,South,Bengaluru
CUST006142,West,Mumbai
CUST006143,North,Delhi NCR
CUST006144,South,Bengaluru
CUST006145,West,Mumbai
CUST006146,South,Bengaluru
CUST006147,Central,Nagpur
CUST006148,Central,Nagpur
CUST006149,South,Bengaluru
CUST006150,East,Kolkata
CUST006151,South,Bengaluru
CUST006152,South,Bengaluru
CUST006153,West,Mumbai
CUST006154,South,Bengaluru
CUST006155,North,Delhi NCR
CUST006156,South,Bengaluru
CUST006157,Central,Nagpur
CUST006158,South,Bengaluru
CUST006159,South,Bengaluru
CUST006160,West,Mumbai
CUST006161,North,Delhi NCR
CUST006162,South,Bengaluru
CUST006163,North,Delhi NCR
CUST006164,Central,Nagpur
CUST006165,Central,Nagpur
CUST006166,West,Mumbai
CUST006167,South,Bengaluru
CUST006168,West,Mumbai
CUST006169,West,Mumbai
CUST006170,Central,Nagpur
CUST006171,North,Delhi NCR
CUST006172,West,Mumbai
CUST006173,North,Delhi NCR
CUST006174,East,Kolkata
CUST006175,Central,Nagpur
CUST006176,North,Delhi NCR
CUST006177,North,Delhi NCR
CUST006178,Central,Nagpur
CUST006179,North,Delhi NCR
CUST006180,West,Mumbai
CUST006181,East,Kolkata
CUST006182,South,Bengaluru
CUST006183,Central,Nagpur
CUST006184,Central,Nagpur
CUST006185,South,Bengaluru
CUST006186,North,Delhi NCR
CUST006187,North,Delhi NCR
CUST006188,North,Delhi NCR
CUST006189,Central,Nagpur
CUST006190,East,Kolkata
CUST006191,West,Mumbai
CUST006192,South,Bengaluru
CUST006193,Central,Nagpur
CUST006194,West,Mumbai
CUST006195,West,Mumbai
CUST006196,East,Kolkata
CUST006197,West,Mumbai
CUST006198,East,Kolkata
CUST006199,South,Bengaluru
CUST006200,East,Kolkata
CUST006201,South,Bengaluru
CUST006202,Central,Nagpur
CUST006203,West,Mumbai
CUST006204,West,Mumbai
CUST006205,West,Mumbai
CUST006206,East,Kolkata
CUST006207,Central,Nagpur
CUST006208,South,Bengaluru
CUST006209,East,Kolkata
CUST006210,North,Delhi NCR
CUST006211,South,Bengaluru
CUST006212,East,Kolkata
CUST006213,East,Kolkata
CUST006214,Central,Nagpur
CUST006215,West,Mumbai
CUST006216,East,Kolkata
CUST006217,East,Kolkata
CUST006218,West,Mumbai
CUST006219,West,Mumbai
CUST006220,South,Bengaluru
CUST006221,East,Kolkata
CUST006222,East,Kolkata
CUST006223,North,Delhi NCR
CUST006224,Central,Nagpur
CUST006225,East,Kolkata
CUST006226,South,Bengaluru
CUST006227,West,Mumbai
CUST006228,West,Mumbai
CUST006229,Central,Nagpur
CUST006230,North,Delhi NCR
CUST006231,East,Kolkata
CUST006232,North,Delhi NCR
CUST006233,East,Kolkata
CUST006234,East,Kolkata
CUST006235,East,Kolkata
CUST006236,Central,Nagpur
CUST006237,East,Kolkata
CUST006238,East,Kolkata
CUST006239,North,Delhi NCR
CUST006240,South,Bengaluru
CUST006241,Central,Nagpur
CUST006242,East,Kolkata
CUST006243,Central,Nagpur
CUST006244,East,Kolkata
CUST006245,East,Kolkata
CUST006246,East,Kolkata
CUST006247,East,Kolkata
CUST006248,North,Delhi NCR
CUST006249,North,Delhi NCR
CUST006250,East,Kolkata
CUST006251,East,Kolkata
CUST006252,East,Kolkata
CUST006253,East,Kolkata
CUST006254,South,Bengaluru
CUST006255,West,Mumbai
CUST006256,West,Mumbai
CUST006257,North,Delhi NCR
CUST006258,East,Kolkata
CUST006259,West,Mumbai
CUST006260,West,Mumbai
CUST006261,South,Bengaluru
CUST006262,Central,Nagpur
CUST006263,West,Mumbai
CUST006264,East,Kolkata
CUST006265,West,Mumbai
CUST006266,Central,Nagpur
CUST006267,South,Bengaluru
CUST006268,North,Delhi NCR
CUST006269,East,Kolkata
CUST006270,North,Delhi NCR
CUST006271,Central,Nagpur
CUST006272,Central,Nagpur
CUST006273,West,Mumbai
CUST006274,Central,Nagpur
CUST006275,North,Delhi NCR
CUST006276,West,Mumbai
CUST006277,East,Kolkata
CUST006278,South,Bengaluru
CUST006279,South,Bengaluru
CUST006280,East,Kolkata
CUST006281,West,Mumbai
CUST006282,North,Delhi NCR
CUST006283,West,Mumbai
CUST006284,Central,Nagpur
CUST006285,North,Delhi NCR
CUST006286,Central,Nagpur
CUST006287,West,Mumbai
CUST006288,South,Bengaluru
CUST006289,West,Mumbai
CUST006290,West,Mumbai
CUST006291,West,Mumbai
CUST006292,North,Delhi NCR
CUST006293,North,Delhi NCR
CUST006294,West,Mumbai
CUST006295,South,Bengaluru
CUST006296,South,Bengaluru
CUST006297,East,Kolkata
CUST006298,West,Mumbai
CUST006299,North,Delhi NCR
CUST006300,Central,Nagpur
CUST006301,East,Kolkata
CUST006302,North,Delhi NCR
CUST006303,North,Delhi NCR
CUST006304,Central,Nagpur
CUST006305,North,Delhi NCR
CUST006306,East,Kolkata
CUST006307,West,Mumbai
CUST006308,East,Kolkata
CUST006309,South,Bengaluru
CUST006310,North,Delhi NCR
CUST006311,West,Mumbai
CUST006312,East,Kolkata
CUST006313,North,Delhi NCR
CUST006314,North,Delhi NCR
CUST006315,East,Kolkata
CUST006316,North,Delhi NCR
CUST006317,South,Bengaluru
CUST006318,North,Delhi NCR
CUST006319,West,Mumbai
CUST006320,West,Mumbai
CUST006321,West,Mumbai
CUST006322,North,Delhi NCR
CUST006323,South,Bengaluru
CUST006324,South,Bengaluru
CUST006325,West,Mumbai
CUST006326,Central,Nagpur
CUST006327,South,Bengaluru
CUST006328,West,Mumbai
CUST006329,East,Kolkata
CUST006330,Central,Nagpur
CUST006331,North,Delhi NCR
CUST006332,Central,Nagpur
CUST006333,East,Kolkata
CUST006334,South,Bengaluru
CUST006335,North,Delhi NCR
CUST006336,Central,Nagpur
CUST006337,Central,Nagpur
CUST006338,North,Delhi NCR
CUST006339,East,Kolkata
CUST006340,West,Mumbai
CUST006341,East,Kolkata
CUST006342,North,Delhi NCR
CUST006343,South,Bengaluru
CUST006344,South,Bengaluru
CUST006345,South,Bengaluru
CUST006346,Central,Nagpur
CUST006347,South,Bengaluru
CUST006348,West,Mumbai
CUST006349,Central,Nagpur
CUST006350,West,Mumbai
CUST006351,West,Mumbai
CUST006352,North,Delhi NCR
CUST006353,North,Delhi NCR
CUST006354,West,Mumbai
CUST006355,West,Mumbai
CUST006356,West,Mumbai
CUST006357,East,Kolkata
CUST006358,East,Kolkata
CUST006359,North,Delhi NCR
CUST006360,South,Bengaluru
CUST006361,East,Kolkata
CUST006362,North,Delhi NCR
CUST006363,North,Delhi NCR
CUST006364,North,Delhi NCR
CUST006365,South,Bengaluru
CUST006366,Central,Nagpur
CUST006367,West,Mumbai
CUST006368,Central,Nagpur
CUST006369,South,Bengaluru
CUST006370,East,Kolkata
CUST006371,Central,Nagpur
CUST006372,South,Bengaluru
CUST006373,West,Mumbai
CUST006374,West,Mumbai
CUST006375,Central,Nagpur
CUST006376,Central,Nagpur
CUST006377,West,Mumbai
CUST006378,East,Kolkata
CUST006379,Central,Nagpur
CUST006380,West,Mumbai
CUST006381,South,Bengaluru
CUST006382,West,Mumbai
CUST006383,East,Kolkata
CUST006384,South,Bengaluru
CUST006385,East,Kolkata
CUST006386,West,Mumbai
CUST006387,Central,Nagpur
CUST006388,East,Kolkata
CUST006389,North,Delhi NCR
CUST006390,Central,Nagpur
CUST006391,East,Kolkata
CUST006392,South,Bengaluru
CUST006393,West,Mumbai
CUST006394,South,Bengaluru
CUST006395,South,Bengaluru
CUST006396,Central,Nagpur
CUST006397,Central,Nagpur
CUST006398,East,Kolkata
CUST006399,South,Bengaluru
CUST006400,Central,Nagpur
CUST006401,North,Delhi NCR
CUST006402,West,Mumbai
CUST006403,East,Kolkata
CUST006404,Central,Nagpur
CUST006405,East,Kolkata
CUST006406,Central,Nagpur
CUST006407,North,Delhi NCR
CUST006408,West,Mumbai
CUST006409,North,Delhi NCR
CUST006410,West,Mumbai
CUST006411,North,Delhi NCR
CUST006412,Central,Nagpur
CUST006413,West,Mumbai
CUST006414,North,Delhi NCR
CUST006415,Central,Nagpur
CUST006416,South,Bengaluru
CUST006417,East,Kolkata
CUST006418,North,Delhi NCR
CUST006419,North,Delhi NCR
CUST006420,South,Bengaluru
CUST006421,East,Kolkata
CUST006422,East,Kolkata
CUST006423,Central,Nagpur
CUST006424,North,Delhi NCR
CUST006425,West,Mumbai
CUST006426,North,Delhi NCR
CUST006427,South,Bengaluru
CUST006428,North,Delhi NCR
CUST006429,North,Delhi NCR
CUST006430,East,Kolkata
CUST006431,Central,Nagpur
CUST006432,West,Mumbai
CUST006433,Central,Nagpur
CUST006434,East,Kolkata
CUST006435,North,Delhi NCR
CUST006436,South,Bengaluru
CUST006437,Central,Nagpur
CUST006438,North,Delhi NCR
CUST006439,North,Delhi NCR
CUST006440,Central,Nagpur
CUST006441,North,Delhi NCR
CUST006442,Central,Nagpur
CUST006443,West,Mumbai
CUST006444,West,Mumbai
CUST006445,East,Kolkata
CUST006446,North,Delhi NCR
CUST006447,East,Kolkata
CUST006448,Central,Nagpur
CUST006449,Central,Nagpur
CUST006450,East,Kolkata
CUST006451,Central,Nagpur
CUST006452,West,Mumbai
CUST006453,North,Delhi NCR
CUST006454,West,Mumbai
CUST006455,West,Mumbai
CUST006456,East,Kolkata
CUST006457,West,Mumbai
CUST006458,Central,Nagpur
CUST006459,East,Kolkata
CUST006460,South,Bengaluru
CUST006461,Central,Nagpur
CUST006462,Central,Nagpur
CUST006463,West,Mumbai
CUST006464,West,Mumbai
CUST006465,North,Delhi NCR
CUST006466,East,Kolkata
CUST006467,North,Delhi NCR
CUST006468,East,Kolkata
CUST006469,Central,Nagpur
CUST006470,South,Bengaluru
CUST006471,Central,Nagpur
CUST006472,North,Delhi NCR
CUST006473,North,Delhi NCR
CUST006474,Central,Nagpur
CUST006475,North,Delhi NCR
CUST006476,West,Mumbai
CUST006477,West,Mumbai
CUST006478,South,Bengaluru
CUST006479,North,Delhi NCR
CUST006480,South,Bengaluru
CUST006481,North,Delhi NCR
CUST006482,West,Mumbai
CUST006483,Central,Nagpur
CUST006484,Central,Nagpur
CUST006485,Central,Nagpur
CUST006486,West,Mumbai
CUST006487,Central,Nagpur
CUST006488,West,Mumbai
CUST006489,West,Mumbai
CUST006490,Central,Nagpur
CUST006491,South,Bengaluru
CUST006492,East,Kolkata
CUST006493,Central,Nagpur
CUST006494,South,Bengaluru
CUST006495,South,Bengaluru
CUST006496,North,Delhi NCR
CUST006497,South,Bengaluru
CUST006498,East,Kolkata
CUST006499,Central,Nagpur
CUST006500,North,Delhi NCR
CUST006501,West,Mumbai
CUST006502,West,Mumbai
CUST006503,Central,Nagpur
CUST006504,West,Mumbai
CUST006505,North,Delhi NCR
CUST006506,East,Kolkata
CUST006507,Central,Nagpur
CUST006508,Central,Nagpur
CUST006509,West,Mumbai
CUST006510,Central,Nagpur
CUST006511,West,Mumbai
CUST006512,North,Delhi NCR
CUST006513,Central,Nagpur
CUST006514,North,Delhi NCR
CUST006515,South,Bengaluru
CUST006516,South,Bengaluru
CUST006517,West,Mumbai
CUST006518,North,Delhi NCR
CUST006519,West,Mumbai
CUST006520,Central,Nagpur
CUST006521,West,Mumbai
CUST006522,South,Bengaluru
CUST006523,Central,Nagpur
CUST006524,South,Bengaluru
CUST006525,West,Mumbai
CUST006526,East,Kolkata
CUST006527,North,Delhi NCR
CUST006528,North,Delhi NCR
CUST006529,North,Delhi NCR
CUST006530,Central,Nagpur
CUST006531,Central,Nagpur
CUST006532,East,Kolkata
CUST006533,Central,Nagpur
CUST006534,North,Delhi NCR
CUST006535,Central,Nagpur
CUST006536,South,Bengaluru
CUST006537,North,Delhi NCR
CUST006538,West,Mumbai
CUST006539,South,Bengaluru
CUST006540,South,Bengaluru
CUST006541,West,Mumbai
CUST006542,South,Bengaluru
CUST006543,West,Mumbai
CUST006544,North,Delhi NCR
CUST006545,North,Delhi NCR
CUST006546,South,Bengaluru
CUST006547,West,Mumbai
CUST006548,South,Bengaluru
CUST006549,North,Delhi NCR
CUST006550,West,Mumbai
CUST006551,East,Kolkata
CUST006552,East,Kolkata
CUST006553,South,Bengaluru
CUST006554,North,Delhi NCR
CUST006555,North,Delhi NCR
CUST006556,West,Mumbai
CUST006557,North,Delhi NCR
CUST006558,South,Bengaluru
CUST006559,Central,Nagpur
CUST006560,South,Bengaluru
CUST006561,West,Mumbai
CUST006562,South,Bengaluru
CUST006563,Central,Nagpur
CUST006564,Central,Nagpur
CUST006565,East,Kolkata
CUST006566,West,Mumbai
CUST006567,East,Kolkata
CUST006568,Central,Nagpur
CUST006569,South,Bengaluru
CUST006570,Central,Nagpur
CUST006571,West,Mumbai
CUST006572,West,Mumbai
CUST006573,South,Bengaluru
CUST006574,Central,Nagpur
CUST006575,West,Mumbai
CUST006576,Central,Nagpur
CUST006577,Central,Nagpur
CUST006578,North,Delhi NCR
CUST006579,Central,Nagpur
CUST006580,Central,Nagpur
CUST006581,South,Bengaluru
CUST006582,Central,Nagpur
CUST006583,East,Kolkata
CUST006584,South,Bengaluru
CUST006585,South,Bengaluru
CUST006586,South,Bengaluru
CUST006587,North,Delhi NCR
CUST006588,West,Mumbai
CUST006589,West,Mumbai
CUST006590,West,Mumbai
CUST006591,East,Kolkata
CUST006592,South,Bengaluru
CUST006593,West,Mumbai
CUST006594,Central,Nagpur
CUST006595,North,Delhi NCR
CUST006596,South,Bengaluru
CUST006597,Central,Nagpur
CUST006598,Central,Nagpur
CUST006599,Central,Nagpur
CUST006600,North,Delhi NCR
CUST006601,East,Kolkata
CUST006602,North,Delhi NCR
CUST006603,Central,Nagpur
CUST006604,East,Kolkata
CUST006605,South,Bengaluru
CUST006606,North,Delhi NCR
CUST006607,West,Mumbai
CUST006608,Central,Nagpur
CUST006609,Central,Nagpur
CUST006610,Central,Nagpur
CUST006611,Central,Nagpur
CUST006612,West,Mumbai
CUST006613,Central,Nagpur
CUST006614,Central,Nagpur
CUST006615,East,Kolkata
CUST006616,West,Mumbai
CUST006617,Central,Nagpur
CUST006618,North,Delhi NCR
CUST006619,West,Mumbai
CUST006620,South,Bengaluru
CUST006621,North,Delhi NCR
CUST006622,North,Delhi NCR
CUST006623,North,Delhi NCR
CUST006624,Central,Nagpur
CUST006625,West,Mumbai
CUST006626,North,Delhi NCR
CUST006627,West,Mumbai
CUST006628,West,Mumbai
CUST006629,East,Kolkata
CUST006630,West,Mumbai
CUST006631,Central,Nagpur
CUST006632,East,Kolkata
CUST006633,West,Mumbai
CUST006634,East,Kolkata
CUST006635,South,Bengaluru
CUST006636,Central,Nagpur
CUST006637,East,Kolkata
CUST006638,West,Mumbai
CUST006639,West,Mumbai
CUST006640,West,Mumbai
CUST006641,West,Mumbai
CUST006642,West,Mumbai
CUST006643,East,Kolkata
CUST006644,West,Mumbai
CUST006645,East,Kolkata
CUST006646,South,Bengaluru
CUST006647,West,Mumbai
CUST006648,Central,Nagpur
CUST006649,West,Mumbai
CUST006650,West,Mumbai
CUST006651,Central,Nagpur
CUST006652,South,Bengaluru
CUST006653,North,Delhi NCR
CUST006654,South,Bengaluru
CUST006655,West,Mumbai
CUST006656,Central,Nagpur
CUST006657,East,Kolkata
CUST006658,West,Mumbai
CUST006659,North,Delhi NCR
CUST006660,West,Mumbai
CUST006661,West,Mumbai
CUST006662,East,Kolkata
CUST006663,West,Mumbai
CUST006664,East,Kolkata
CUST006665,East,Kolkata
CUST006666,West,Mumbai
CUST006667,West,Mumbai
CUST006668,South,Bengaluru
CUST006669,South,Bengaluru
CUST006670,East,Kolkata
CUST006671,South,Bengaluru
CUST006672,South,Bengaluru
CUST006673,South,Bengaluru
CUST006674,South,Bengaluru
CUST006675,East,Kolkata
CUST006676,East,Kolkata
CUST006677,West,Mumbai
CUST006678,South,Bengaluru
CUST006679,Central,Nagpur
CUST006680,East,Kolkata
CUST006681,West,Mumbai
CUST006682,North,Delhi NCR
CUST006683,North,Delhi NCR
CUST006684,East,Kolkata
CUST006685,South,Bengaluru
CUST006686,East,Kolkata
CUST006687,North,Delhi NCR
CUST006688,East,Kolkata
CUST006689,West,Mumbai
CUST006690,West,Mumbai
CUST006691,South,Bengaluru
CUST006692,South,Bengaluru
CUST006693,East,Kolkata
CUST006694,East,Kolkata
CUST006695,West,Mumbai
CUST006696,South,Bengaluru
CUST006697,West,Mumbai
CUST006698,Central,Nagpur
CUST006699,South,Bengaluru
CUST006700,Central,Nagpur
CUST006701,South,Bengaluru
CUST006702,South,Bengaluru
CUST006703,West,Mumbai
CUST006704,West,Mumbai
CUST006705,East,Kolkata
CUST006706,South,Bengaluru
CUST006707,North,Delhi NCR
CUST006708,Central,Nagpur
CUST006709,Central,Nagpur
CUST006710,Central,Nagpur
CUST006711,East,Kolkata
CUST006712,Central,Nagpur
CUST006713,East,Kolkata
CUST006714,North,Delhi NCR
CUST006715,North,Delhi NCR
CUST006716,South,Bengaluru
CUST006717,South,Bengaluru
CUST006718,Central,Nagpur
CUST006719,South,Bengaluru
CUST006720,West,Mumbai
CUST006721,South,Bengaluru
CUST006722,West,Mumbai
CUST006723,East,Kolkata
CUST006724,North,Delhi NCR
CUST006725,East,Kolkata
CUST006726,North,Delhi NCR
CUST006727,Central,Nagpur
CUST006728,West,Mumbai
CUST006729,Central,Nagpur
CUST006730,Central,Nagpur
CUST006731,South,Bengaluru
CUST006732,West,Mumbai
CUST006733,North,Delhi NCR
CUST006734,Central,Nagpur
CUST006735,West,Mumbai
CUST006736,West,Mumbai
CUST006737,Central,Nagpur
CUST006738,Central,Nagpur
CUST006739,Central,Nagpur
CUST006740,North,Delhi NCR
CUST006741,North,Delhi NCR
CUST006742,Central,Nagpur
CUST006743,South,Bengaluru
CUST006744,East,Kolkata
CUST006745,North,Delhi NCR
CUST006746,West,Mumbai
CUST006747,Central,Nagpur
CUST006748,Central,Nagpur
CUST006749,East,Kolkata
CUST006750,West,Mumbai
CUST006751,East,Kolkata
CUST006752,East,Kolkata
CUST006753,East,Kolkata
CUST006754,Central,Nagpur
CUST006755,South,Bengaluru
CUST006756,East,Kolkata
CUST006757,West,Mumbai
CUST006758,East,Kolkata
CUST006759,North,Delhi NCR
CUST006760,South,Bengaluru
CUST006761,West,Mumbai
CUST006762,West,Mumbai
CUST006763,West,Mumbai
CUST006764,Central,Nagpur
CUST006765,West,Mumbai
CUST006766,East,Kolkata
CUST006767,South,Bengaluru
CUST006768,South,Bengaluru
CUST006769,Central,Nagpur
CUST006770,East,Kolkata
CUST006771,West,Mumbai
CUST006772,North,Delhi NCR
CUST006773,North,Delhi NCR
CUST006774,South,Bengaluru
CUST006775,North,Delhi NCR
CUST006776,West,Mumbai
CUST006777,West,Mumbai
CUST006778,East,Kolkata
CUST006779,South,Bengaluru
CUST006780,East,Kolkata
CUST006781,North,Delhi NCR
CUST006782,East,Kolkata
CUST006783,North,Delhi NCR
CUST006784,North,Delhi NCR
CUST006785,North,Delhi NCR
CUST006786,North,Delhi NCR
CUST006787,East,Kolkata
CUST006788,East,Kolkata
CUST006789,West,Mumbai
CUST006790,East,Kolkata
CUST006791,North,Delhi NCR
CUST006792,North,Delhi NCR
CUST006793,West,Mumbai
CUST006794,Central,Nagpur
CUST006795,South,Bengaluru
CUST006796,South,Bengaluru
CUST006797,South,Bengaluru
CUST006798,South,Bengaluru
CUST006799,South,Bengaluru
CUST006800,East,Kolkata
CUST006801,West,Mumbai
CUST006802,West,Mumbai
CUST006803,Central,Nagpur
CUST006804,South,Bengaluru
CUST006805,East,Kolkata
CUST006806,South,Bengaluru
CUST006807,North,Delhi NCR
CUST006808,South,Bengaluru
CUST006809,South,Bengaluru
CUST006810,East,Kolkata
CUST006811,North,Delhi NCR
CUST006812,West,Mumbai
CUST006813,Central,Nagpur
CUST006814,Central,Nagpur
CUST006815,North,Delhi NCR
CUST006816,North,Delhi NCR
CUST006817,Central,Nagpur
CUST006818,Central,Nagpur
CUST006819,East,Kolkata
CUST006820,South,Bengaluru
CUST006821,East,Kolkata
CUST006822,East,Kolkata
CUST006823,Central,Nagpur
CUST006824,East,Kolkata
CUST006825,North,Delhi NCR
CUST006826,West,Mumbai
CUST006827,West,Mumbai
CUST006828,South,Bengaluru
CUST006829,North,Delhi NCR
CUST006830,North,Delhi NCR
CUST006831,Central,Nagpur
CUST006832,East,Kolkata
CUST006833,East,Kolkata
CUST006834,Central,Nagpur
CUST006835,North,Delhi NCR
CUST006836,South,Bengaluru
CUST006837,Central,Nagpur
CUST006838,East,Kolkata
CUST006839,North,Delhi NCR
CUST006840,West,Mumbai
CUST006841,North,Delhi NCR
CUST006842,West,Mumbai
CUST006843,West,Mumbai
CUST006844,Central,Nagpur
CUST006845,East,Kolkata
CUST006846,South,Bengaluru
CUST006847,Central,Nagpur
CUST006848,East,Kolkata
CUST006849,West,Mumbai
CUST006850,North,Delhi NCR
CUST006851,West,Mumbai
CUST006852,East,Kolkata
CUST006853,South,Bengaluru
CUST006854,West,Mumbai
CUST006855,North,Delhi NCR
CUST006856,West,Mumbai
CUST006857,Central,Nagpur
CUST006858,East,Kolkata
CUST006859,North,Delhi NCR
CUST006860,East,Kolkata
CUST006861,East,Kolkata
CUST006862,East,Kolkata
CUST006863,South,Bengaluru
CUST006864,West,Mumbai
CUST006865,South,Bengaluru
CUST006866,East,Kolkata
CUST006867,East,Kolkata
CUST006868,West,Mumbai
CUST006869,West,Mumbai
CUST006870,Central,Nagpur
CUST006871,West,Mumbai
CUST006872,West,Mumbai
CUST006873,Central,Nagpur
CUST006874,South,Bengaluru
CUST006875,South,Bengaluru
CUST006876,East,Kolkata
CUST006877,East,Kolkata
CUST006878,West,Mumbai
CUST006879,North,Delhi NCR
CUST006880,North,Delhi NCR
CUST006881,West,Mumbai
CUST006882,Central,Nagpur
CUST006883,South,Bengaluru
CUST006884,South,Bengaluru
CUST006885,East,Kolkata
CUST006886,East,Kolkata
CUST006887,North,Delhi NCR
CUST006888,East,Kolkata
CUST006889,Central,Nagpur
CUST006890,West,Mumbai
CUST006891,Central,Nagpur
CUST006892,West,Mumbai
CUST006893,Central,Nagpur
CUST006894,South,Bengaluru
CUST006895,North,Delhi NCR
CUST006896,North,Delhi NCR
CUST006897,Central,Nagpur
CUST006898,West,Mumbai
CUST006899,South,Bengaluru
CUST006900,Central,Nagpur
CUST006901,South,Bengaluru
CUST006902,East,Kolkata
CUST006903,South,Bengaluru
CUST006904,North,Delhi NCR
CUST006905,South,Bengaluru
CUST006906,South,Bengaluru
CUST006907,East,Kolkata
CUST006908,North,Delhi NCR
CUST006909,South,Bengaluru
CUST006910,East,Kolkata
CUST006911,South,Bengaluru
CUST006912,West,Mumbai
CUST006913,West,Mumbai
CUST006914,Central,Nagpur
CUST006915,Central,Nagpur
CUST006916,South,Bengaluru
CUST006917,West,Mumbai
CUST006918,West,Mumbai
CUST006919,East,Kolkata
CUST006920,West,Mumbai
CUST006921,North,Delhi NCR
CUST006922,South,Bengaluru
CUST006923,Central,Nagpur
CUST006924,Central,Nagpur
CUST006925,North,Delhi NCR
CUST006926,East,Kolkata
CUST006927,South,Bengaluru
CUST006928,North,Delhi NCR
CUST006929,North,Delhi NCR
CUST006930,East,Kolkata
CUST006931,West,Mumbai
CUST006932,East,Kolkata
CUST006933,South,Bengaluru
CUST006934,West,Mumbai
CUST006935,West,Mumbai
CUST006936,Central,Nagpur
CUST006937,South,Bengaluru
CUST006938,South,Bengaluru
CUST006939,East,Kolkata
CUST006940,East,Kolkata
CUST006941,East,Kolkata
CUST006942,Central,Nagpur
CUST006943,North,Delhi NCR
CUST006944,East,Kolkata
CUST006945,East,Kolkata
CUST006946,South,Bengaluru
CUST006947,West,Mumbai
CUST006948,Central,Nagpur
CUST006949,East,Kolkata
CUST006950,North,Delhi NCR
CUST006951,North,Delhi NCR
CUST006952,East,Kolkata
CUST006953,West,Mumbai
CUST006954,South,Bengaluru
CUST006955,South,Bengaluru
CUST006956,Central,Nagpur
CUST006957,North,Delhi NCR
CUST006958,North,Delhi NCR
CUST006959,North,Delhi NCR
CUST006960,Central,Nagpur
CUST006961,East,Kolkata
CUST006962,North,Delhi NCR
CUST006963,South,Bengaluru
CUST006964,Central,Nagpur
CUST006965,West,Mumbai
CUST006966,South,Bengaluru
CUST006967,South,Bengaluru
CUST006968,North,Delhi NCR
CUST006969,West,Mumbai
CUST006970,North,Delhi NCR
CUST006971,South,Bengaluru
CUST006972,South,Bengaluru
CUST006973,West,Mumbai
CUST006974,West,Mumbai
CUST006975,West,Mumbai
CUST006976,South,Bengaluru
CUST006977,South,Bengaluru
CUST006978,South,Bengaluru
CUST006979,North,Delhi NCR
CUST006980,West,Mumbai
CUST006981,East,Kolkata
CUST006982,East,Kolkata
CUST006983,Central,Nagpur
CUST006984,North,Delhi NCR
CUST006985,Central,Nagpur
CUST006986,West,Mumbai
CUST006987,South,Bengaluru
CUST006988,West,Mumbai
CUST006989,West,Mumbai
CUST006990,South,Bengaluru
CUST006991,South,Bengaluru
CUST006992,Central,Nagpur
CUST006993,North,Delhi NCR
CUST006994,North,Delhi NCR
CUST006995,West,Mumbai
CUST006996,Central,Nagpur
CUST006997,East,Kolkata
CUST006998,North,Delhi NCR
CUST006999,East,Kolkata
CUST007000,South,Bengaluru
CUST007001,Central,Nagpur
CUST007002,West,Mumbai
CUST007003,South,Bengaluru
CUST007004,West,Mumbai
CUST007005,West,Mumbai
CUST007006,West,Mumbai
CUST007007,South,Bengaluru
CUST007008,East,Kolkata
CUST007009,North,Delhi NCR
CUST007010,East,Kolkata
CUST007011,South,Bengaluru
CUST007012,East,Kolkata
CUST007013,Central,Nagpur
CUST007014,Central,Nagpur
CUST007015,East,Kolkata
CUST007016,West,Mumbai
CUST007017,North,Delhi NCR
CUST007018,East,Kolkata
CUST007019,West,Mumbai
CUST007020,West,Mumbai
CUST007021,Central,Nagpur
CUST007022,East,Kolkata
CUST007023,Central,Nagpur
CUST007024,Central,Nagpur
CUST007025,East,Kolkata
CUST007026,North,Delhi NCR
CUST007027,South,Bengaluru
CUST007028,West,Mumbai
CUST007029,East,Kolkata
CUST007030,Central,Nagpur
CUST007031,Central,Nagpur
CUST007032,North,Delhi NCR
CUST007033,Central,Nagpur
CUST007034,South,Bengaluru
CUST007035,Central,Nagpur
CUST007036,East,Kolkata
CUST007037,East,Kolkata
CUST007038,North,Delhi NCR
CUST007039,North,Delhi NCR
CUST007040,East,Kolkata
CUST007041,East,Kolkata
CUST007042,East,Kolkata
CUST007043,North,Delhi NCR
CUST007044,East,Kolkata
CUST007045,North,Delhi NCR
CUST007046,North,Delhi NCR
CUST007047,East,Kolkata
CUST007048,West,Mumbai
CUST007049,West,Mumbai
CUST007050,Central,Nagpur
CUST007051,Central,Nagpur
CUST007052,South,Bengaluru
CUST007053,West,Mumbai
CUST007054,North,Delhi NCR
CUST007055,Central,Nagpur
CUST007056,South,Bengaluru
CUST007057,West,Mumbai
CUST007058,Central,Nagpur
CUST007059,West,Mumbai
CUST007060,Central,Nagpur
CUST007061,North,Delhi NCR
CUST007062,North,Delhi NCR
CUST007063,West,Mumbai
CUST007064,East,Kolkata
CUST007065,North,Delhi NCR
CUST007066,West,Mumbai
CUST007067,North,Delhi NCR
CUST007068,Central,Nagpur
CUST007069,North,Delhi NCR
CUST007070,East,Kolkata
CUST007071,Central,Nagpur
CUST007072,East,Kolkata
CUST007073,West,Mumbai
CUST007074,West,Mumbai
CUST007075,Central,Nagpur
CUST007076,East,Kolkata
CUST007077,Central,Nagpur
CUST007078,East,Kolkata
CUST007079,Central,Nagpur
CUST007080,West,Mumbai
CUST007081,North,Delhi NCR
CUST007082,West,Mumbai
CUST007083,Central,Nagpur
CUST007084,North,Delhi NCR
CUST007085,Central,Nagpur
CUST007086,North,Delhi NCR
CUST007087,Central,Nagpur
CUST007088,West,Mumbai
CUST007089,North,Delhi NCR
CUST007090,West,Mumbai
CUST007091,North,Delhi NCR
CUST007092,East,Kolkata
CUST007093,Central,Nagpur
CUST007094,South,Bengaluru
CUST007095,North,Delhi NCR
CUST007096,East,Kolkata
CUST007097,South,Bengaluru
CUST007098,North,Delhi NCR
CUST007099,East,Kolkata
CUST007100,South,Bengaluru
CUST007101,North,Delhi NCR
CUST007102,South,Bengaluru
CUST007103,North,Delhi NCR
CUST007104,Central,Nagpur
CUST007105,Central,Nagpur
CUST007106,South,Bengaluru
CUST007107,Central,Nagpur
CUST007108,East,Kolkata
CUST007109,Central,Nagpur
CUST007110,North,Delhi NCR
CUST007111,South,Bengaluru
CUST007112,West,Mumbai
CUST007113,South,Bengaluru
CUST007114,Central,Nagpur
CUST007115,East,Kolkata
CUST007116,East,Kolkata
CUST007117,East,Kolkata
CUST007118,West,Mumbai
CUST007119,North,Delhi NCR
CUST007120,West,Mumbai
CUST007121,West,Mumbai
CUST007122,Central,Nagpur
CUST007123,Central,Nagpur
CUST007124,West,Mumbai
CUST007125,East,Kolkata
CUST007126,East,Kolkata
CUST007127,South,Bengaluru
CUST007128,Central,Nagpur
CUST007129,South,Bengaluru
CUST007130,East,Kolkata
CUST007131,North,Delhi NCR
CUST007132,South,Bengaluru
CUST007133,South,Bengaluru
CUST007134,East,Kolkata
CUST007135,East,Kolkata
CUST007136,West,Mumbai
CUST007137,East,Kolkata
CUST007138,North,Delhi NCR
CUST007139,East,Kolkata
CUST007140,North,Delhi NCR
CUST007141,Central,Nagpur
CUST007142,West,Mumbai
CUST007143,South,Bengaluru
CUST007144,South,Bengaluru
CUST007145,North,Delhi NCR
CUST007146,South,Bengaluru
CUST007147,North,Delhi NCR
CUST007148,Central,Nagpur
CUST007149,North,Delhi NCR
CUST007150,West,Mumbai
CUST007151,East,Kolkata
CUST007152,South,Bengaluru
CUST007153,Central,Nagpur
CUST007154,North,Delhi NCR
CUST007155,Central,Nagpur
CUST007156,West,Mumbai
CUST007157,West,Mumbai
CUST007158,Central,Nagpur
CUST007159,East,Kolkata
CUST007160,South,Bengaluru
CUST007161,North,Delhi NCR
CUST007162,Central,Nagpur
CUST007163,East,Kolkata
CUST007164,Central,Nagpur
CUST007165,South,Bengaluru
CUST007166,Central,Nagpur
CUST007167,Central,Nagpur
CUST007168,South,Bengaluru
CUST007169,East,Kolkata
CUST007170,West,Mumbai
CUST007171,South,Bengaluru
CUST007172,North,Delhi NCR
CUST007173,South,Bengaluru
CUST007174,East,Kolkata
CUST007175,North,Delhi NCR
CUST007176,South,Bengaluru
CUST007177,Central,Nagpur
CUST007178,North,Delhi NCR
CUST007179,North,Delhi NCR
CUST007180,East,Kolkata
CUST007181,North,Delhi NCR
CUST007182,North,Delhi NCR
CUST007183,North,Delhi NCR
CUST007184,North,Delhi NCR
CUST007185,Central,Nagpur
CUST007186,North,Delhi NCR
CUST007187,East,Kolkata
CUST007188,West,Mumbai
CUST007189,West,Mumbai
CUST007190,West,Mumbai
CUST007191,South,Bengaluru
CUST007192,Central,Nagpur
CUST007193,North,Delhi NCR
CUST007194,North,Delhi NCR
CUST007195,Central,Nagpur
CUST007196,North,Delhi NCR
CUST007197,North,Delhi NCR
CUST007198,North,Delhi NCR
CUST007199,North,Delhi NCR
CUST007200,North,Delhi NCR
CUST007201,East,Kolkata
CUST007202,West,Mumbai
CUST007203,North,Delhi NCR
CUST007204,Central,Nagpur
CUST007205,North,Delhi NCR
CUST007206,West,Mumbai
CUST007207,Central,Nagpur
CUST007208,East,Kolkata
CUST007209,East,Kolkata
CUST007210,North,Delhi NCR
CUST007211,South,Bengaluru
CUST007212,Central,Nagpur
CUST007213,South,Bengaluru
CUST007214,North,Delhi NCR
CUST007215,West,Mumbai
CUST007216,West,Mumbai
CUST007217,North,Delhi NCR
CUST007218,North,Delhi NCR
CUST007219,North,Delhi NCR
CUST007220,North,Delhi NCR
CUST007221,West,Mumbai
CUST007222,North,Delhi NCR
CUST007223,West,Mumbai
CUST007224,North,Delhi NCR
CUST007225,Central,Nagpur
CUST007226,West,Mumbai
CUST007227,South,Bengaluru
CUST007228,East,Kolkata
CUST007229,North,Delhi NCR
CUST007230,North,Delhi NCR
CUST007231,East,Kolkata
CUST007232,North,Delhi NCR
CUST007233,West,Mumbai
CUST007234,South,Bengaluru
CUST007235,North,Delhi NCR
CUST007236,East,Kolkata
CUST007237,East,Kolkata
CUST007238,West,Mumbai
CUST007239,North,Delhi NCR
CUST007240,East,Kolkata
CUST007241,Central,Nagpur
CUST007242,South,Bengaluru
CUST007243,Central,Nagpur
CUST007244,West,Mumbai
CUST007245,East,Kolkata
CUST007246,Central,Nagpur
CUST007247,Central,Nagpur
CUST007248,South,Bengaluru
CUST007249,Central,Nagpur
CUST007250,North,Delhi NCR
CUST007251,North,Delhi NCR
CUST007252,North,Delhi NCR
CUST007253,South,Bengaluru
CUST007254,Central,Nagpur
CUST007255,West,Mumbai
CUST007256,West,Mumbai
CUST007257,North,Delhi NCR
CUST007258,East,Kolkata
CUST007259,South,Bengaluru
CUST007260,East,Kolkata
CUST007261,South,Bengaluru
CUST007262,South,Bengaluru
CUST007263,Central,Nagpur
CUST007264,East,Kolkata
CUST007265,East,Kolkata
CUST007266,North,Delhi NCR
CUST007267,West,Mumbai
CUST007268,East,Kolkata
CUST007269,South,Bengaluru
CUST007270,West,Mumbai
CUST007271,North,Delhi NCR
CUST007272,East,Kolkata
CUST007273,Central,Nagpur
CUST007274,East,Kolkata
CUST007275,North,Delhi NCR
CUST007276,South,Bengaluru
CUST007277,North,Delhi NCR
CUST007278,East,Kolkata
CUST007279,South,Bengaluru
CUST007280,North,Delhi NCR
CUST007281,West,Mumbai
CUST007282,North,Delhi NCR
CUST007283,South,Bengaluru
CUST007284,Central,Nagpur
CUST007285,North,Delhi NCR
CUST007286,South,Bengaluru
CUST007287,South,Bengaluru
CUST007288,East,Kolkata
CUST007289,South,Bengaluru
CUST007290,Central,Nagpur
CUST007291,North,Delhi NCR
CUST007292,Central,Nagpur
CUST007293,East,Kolkata
CUST007294,North,Delhi NCR
CUST007295,North,Delhi NCR
CUST007296,North,Delhi NCR
CUST007297,South,Bengaluru
CUST007298,South,Bengaluru
CUST007299,West,Mumbai
CUST007300,South,Bengaluru
CUST007301,West,Mumbai
CUST007302,South,Bengaluru
CUST007303,South,Bengaluru
CUST007304,South,Bengaluru
CUST007305,South,Bengaluru
CUST007306,Central,Nagpur
CUST007307,South,Bengaluru
CUST007308,South,Bengaluru
CUST007309,Central,Nagpur
CUST007310,West,Mumbai
CUST007311,North,Delhi NCR
CUST007312,Central,Nagpur
CUST007313,North,Delhi NCR
CUST007314,North,Delhi NCR
CUST007315,East,Kolkata
CUST007316,West,Mumbai
CUST007317,North,Delhi NCR
CUST007318,West,Mumbai
CUST007319,North,Delhi NCR
CUST007320,West,Mumbai
CUST007321,North,Delhi NCR
CUST007322,East,Kolkata
CUST007323,West,Mumbai
CUST007324,South,Bengaluru
CUST007325,West,Mumbai
CUST007326,West,Mumbai
CUST007327,West,Mumbai
CUST007328,South,Bengaluru
CUST007329,West,Mumbai
CUST007330,West,Mumbai
CUST007331,South,Bengaluru
CUST007332,West,Mumbai
CUST007333,Central,Nagpur
CUST007334,Central,Nagpur
CUST007335,West,Mumbai
CUST007336,West,Mumbai
CUST007337,Central,Nagpur
CUST007338,South,Bengaluru
CUST007339,West,Mumbai
CUST007340,North,Delhi NCR
CUST007341,South,Bengaluru
CUST007342,Central,Nagpur
CUST007343,South,Bengaluru
CUST007344,Central,Nagpur
CUST007345,East,Kolkata
CUST007346,South,Bengaluru
CUST007347,North,Delhi NCR
CUST007348,East,Kolkata
CUST007349,East,Kolkata
CUST007350,East,Kolkata
CUST007351,North,Delhi NCR
CUST007352,South,Bengaluru
CUST007353,North,Delhi NCR
CUST007354,South,Bengaluru
CUST007355,Central,Nagpur
CUST007356,North,Delhi NCR
CUST007357,West,Mumbai
CUST007358,North,Delhi NCR
CUST007359,East,Kolkata
CUST007360,Central,Nagpur
CUST007361,South,Bengaluru
CUST007362,North,Delhi NCR
CUST007363,East,Kolkata
CUST007364,South,Bengaluru
CUST007365,Central,Nagpur
CUST007366,Central,Nagpur
CUST007367,West,Mumbai
CUST007368,West,Mumbai
CUST007369,West,Mumbai
CUST007370,West,Mumbai
CUST007371,East,Kolkata
CUST007372,Central,Nagpur
CUST007373,South,Bengaluru
CUST007374,North,Delhi NCR
CUST007375,West,Mumbai
CUST007376,West,Mumbai
CUST007377,Central,Nagpur
CUST007378,South,Bengaluru
CUST007379,East,Kolkata
CUST007380,East,Kolkata
CUST007381,South,Bengaluru
CUST007382,West,Mumbai
CUST007383,East,Kolkata
CUST007384,West,Mumbai
CUST007385,East,Kolkata
CUST007386,South,Bengaluru
CUST007387,Central,Nagpur
CUST007388,East,Kolkata
CUST007389,West,Mumbai
CUST007390,East,Kolkata
CUST007391,South,Bengaluru
CUST007392,Central,Nagpur
CUST007393,South,Bengaluru
CUST007394,Central,Nagpur
CUST007395,East,Kolkata
CUST007396,North,Delhi NCR
CUST007397,North,Delhi NCR
CUST007398,Central,Nagpur
CUST007399,East,Kolkata
CUST007400,South,Bengaluru
CUST007401,Central,Nagpur
CUST007402,West,Mumbai
CUST007403,West,Mumbai
CUST007404,West,Mumbai
CUST007405,North,Delhi NCR
CUST007406,North,Delhi NCR
CUST007407,West,Mumbai
CUST007408,North,Delhi NCR
CUST007409,West,Mumbai
CUST007410,North,Delhi NCR
CUST007411,South,Bengaluru
CUST007412,West,Mumbai
CUST007413,West,Mumbai
CUST007414,West,Mumbai
CUST007415,West,Mumbai
CUST007416,North,Delhi NCR
CUST007417,Central,Nagpur
CUST007418,South,Bengaluru
CUST007419,North,Delhi NCR
CUST007420,Central,Nagpur
CUST007421,North,Delhi NCR
CUST007422,East,Kolkata
CUST007423,East,Kolkata
CUST007424,West,Mumbai
CUST007425,North,Delhi NCR
CUST007426,North,Delhi NCR
CUST007427,East,Kolkata
CUST007428,East,Kolkata
CUST007429,West,Mumbai
CUST007430,West,Mumbai
CUST007431,North,Delhi NCR
CUST007432,Central,Nagpur
CUST007433,East,Kolkata
CUST007434,Central,Nagpur
CUST007435,Central,Nagpur
CUST007436,North,Delhi NCR
CUST007437,East,Kolkata
CUST007438,East,Kolkata
CUST007439,East,Kolkata
CUST007440,South,Bengaluru
CUST007441,East,Kolkata
CUST007442,East,Kolkata
CUST007443,North,Delhi NCR
CUST007444,South,Bengaluru
CUST007445,North,Delhi NCR
CUST007446,Central,Nagpur
CUST007447,West,Mumbai
CUST007448,South,Bengaluru
CUST007449,South,Bengaluru
CUST007450,North,Delhi NCR
CUST007451,South,Bengaluru
CUST007452,Central,Nagpur
CUST007453,North,Delhi NCR
CUST007454,North,Delhi NCR
CUST007455,Central,Nagpur
CUST007456,East,Kolkata
CUST007457,North,Delhi NCR
CUST007458,East,Kolkata
CUST007459,West,Mumbai
CUST007460,South,Bengaluru
CUST007461,South,Bengaluru
CUST007462,West,Mumbai
CUST007463,East,Kolkata
CUST007464,Central,Nagpur
CUST007465,South,Bengaluru
CUST007466,South,Bengaluru
CUST007467,North,Delhi NCR
CUST007468,West,Mumbai
CUST007469,East,Kolkata
CUST007470,South,Bengaluru
CUST007471,West,Mumbai
CUST007472,South,Bengaluru
CUST007473,North,Delhi NCR
CUST007474,East,Kolkata
CUST007475,East,Kolkata
CUST007476,East,Kolkata
CUST007477,East,Kolkata
CUST007478,Central,Nagpur
CUST007479,South,Bengaluru
CUST007480,South,Bengaluru
CUST007481,East,Kolkata
CUST007482,North,Delhi NCR
CUST007483,North,Delhi NCR
CUST007484,East,Kolkata
CUST007485,East,Kolkata
CUST007486,West,Mumbai
CUST007487,North,Delhi NCR
CUST007488,Central,Nagpur
CUST007489,East,Kolkata
CUST007490,North,Delhi NCR
CUST007491,South,Bengaluru
CUST007492,South,Bengaluru
CUST007493,East,Kolkata
CUST007494,East,Kolkata
CUST007495,East,Kolkata
CUST007496,East,Kolkata
CUST007497,Central,Nagpur
CUST007498,Central,Nagpur
CUST007499,East,Kolkata
CUST007500,Central,Nagpur
CUST007501,Central,Nagpur
CUST007502,Central,Nagpur
CUST007503,South,Bengaluru
CUST007504,East,Kolkata
CUST007505,South,Bengaluru
CUST007506,North,Delhi NCR
CUST007507,North,Delhi NCR
CUST007508,West,Mumbai
CUST007509,East,Kolkata
CUST007510,Central,Nagpur
CUST007511,West,Mumbai
CUST007512,North,Delhi NCR
CUST007513,Central,Nagpur
CUST007514,East,Kolkata
CUST007515,East,Kolkata
CUST007516,Central,Nagpur
CUST007517,West,Mumbai
CUST007518,North,Delhi NCR
CUST007519,North,Delhi NCR
CUST007520,East,Kolkata
CUST007521,North,Delhi NCR
CUST007522,North,Delhi NCR
CUST007523,West,Mumbai
CUST007524,North,Delhi NCR
CUST007525,North,Delhi NCR
CUST007526,East,Kolkata
CUST007527,North,Delhi NCR
CUST007528,South,Bengaluru
CUST007529,Central,Nagpur
CUST007530,West,Mumbai
CUST007531,Central,Nagpur
CUST007532,South,Bengaluru
CUST007533,West,Mumbai
CUST007534,South,Bengaluru
CUST007535,South,Bengaluru
CUST007536,North,Delhi NCR
CUST007537,Central,Nagpur
CUST007538,North,Delhi NCR
CUST007539,South,Bengaluru
CUST007540,East,Kolkata
CUST007541,East,Kolkata
CUST007542,South,Bengaluru
CUST007543,South,Bengaluru
CUST007544,South,Bengaluru
CUST007545,Central,Nagpur
CUST007546,East,Kolkata
CUST007547,Central,Nagpur
CUST007548,Central,Nagpur
CUST007549,West,Mumbai
CUST007550,Central,Nagpur
CUST007551,North,Delhi NCR
CUST007552,Central,Nagpur
CUST007553,East,Kolkata
CUST007554,West,Mumbai
CUST007555,South,Bengaluru
CUST007556,North,Delhi NCR
CUST007557,Central,Nagpur
CUST007558,East,Kolkata
CUST007559,North,Delhi NCR
CUST007560,West,Mumbai
CUST007561,North,Delhi NCR
CUST007562,East,Kolkata
CUST007563,West,Mumbai
CUST007564,West,Mumbai
CUST007565,East,Kolkata
CUST007566,South,Bengaluru
CUST007567,Central,Nagpur
CUST007568,North,Delhi NCR
CUST007569,North,Delhi NCR
CUST007570,North,Delhi NCR
CUST007571,Central,Nagpur
CUST007572,East,Kolkata
CUST007573,North,Delhi NCR
CUST007574,North,Delhi NCR
CUST007575,North,Delhi NCR
CUST007576,Central,Nagpur
CUST007577,East,Kolkata
CUST007578,North,Delhi NCR
CUST007579,South,Bengaluru
CUST007580,West,Mumbai
CUST007581,East,Kolkata
CUST007582,Central,Nagpur
CUST007583,North,Delhi NCR
CUST007584,North,Delhi NCR
CUST007585,North,Delhi NCR
CUST007586,South,Bengaluru
CUST007587,West,Mumbai
CUST007588,West,Mumbai
CUST007589,South,Bengaluru
CUST007590,West,Mumbai
CUST007591,West,Mumbai
CUST007592,North,Delhi NCR
CUST007593,West,Mumbai
CUST007594,East,Kolkata
CUST007595,North,Delhi NCR
CUST007596,South,Bengaluru
CUST007597,West,Mumbai
CUST007598,West,Mumbai
CUST007599,South,Bengaluru
CUST007600,West,Mumbai
CUST007601,South,Bengaluru
CUST007602,East,Kolkata
CUST007603,North,Delhi NCR
CUST007604,Central,Nagpur
CUST007605,Central,Nagpur
CUST007606,North,Delhi NCR
CUST007607,East,Kolkata
CUST007608,West,Mumbai
CUST007609,East,Kolkata
CUST007610,South,Bengaluru
CUST007611,Central,Nagpur
CUST007612,South,Bengaluru
CUST007613,South,Bengaluru
CUST007614,South,Bengaluru
CUST007615,Central,Nagpur
CUST007616,East,Kolkata
CUST007617,West,Mumbai
CUST007618,Central,Nagpur
CUST007619,Central,Nagpur
CUST007620,Central,Nagpur
CUST007621,Central,Nagpur
CUST007622,Central,Nagpur
CUST007623,Central,Nagpur
CUST007624,West,Mumbai
CUST007625,North,Delhi NCR
CUST007626,North,Delhi NCR
CUST007627,West,Mumbai
CUST007628,South,Bengaluru
CUST007629,Central,Nagpur
CUST007630,Central,Nagpur
CUST007631,West,Mumbai
CUST007632,West,Mumbai
CUST007633,South,Bengaluru
CUST007634,East,Kolkata
CUST007635,Central,Nagpur
CUST007636,Central,Nagpur
CUST007637,South,Bengaluru
CUST007638,Central,Nagpur
CUST007639,East,Kolkata
CUST007640,Central,Nagpur
CUST007641,East,Kolkata
CUST007642,West,Mumbai
CUST007643,North,Delhi NCR
CUST007644,South,Bengaluru
CUST007645,West,Mumbai
CUST007646,Central,Nagpur
CUST007647,North,Delhi NCR
CUST007648,North,Delhi NCR
CUST007649,West,Mumbai
CUST007650,East,Kolkata
CUST007651,Central,Nagpur
CUST007652,North,Delhi NCR
CUST007653,South,Bengaluru
CUST007654,North,Delhi NCR
CUST007655,West,Mumbai
CUST007656,Central,Nagpur
CUST007657,North,Delhi NCR
CUST007658,South,Bengaluru
CUST007659,Central,Nagpur
CUST007660,North,Delhi NCR
CUST007661,Central,Nagpur
CUST007662,Central,Nagpur
CUST007663,North,Delhi NCR
CUST007664,North,Delhi NCR
CUST007665,West,Mumbai
CUST007666,North,Delhi NCR
CUST007667,East,Kolkata
CUST007668,North,Delhi NCR
CUST007669,East,Kolkata
CUST007670,South,Bengaluru
CUST007671,West,Mumbai
CUST007672,Central,Nagpur
CUST007673,East,Kolkata
CUST007674,West,Mumbai
CUST007675,West,Mumbai
CUST007676,Central,Nagpur
CUST007677,South,Bengaluru
CUST007678,South,Bengaluru
CUST007679,South,Bengaluru
CUST007680,West,Mumbai
CUST007681,Central,Nagpur
CUST007682,South,Bengaluru
CUST007683,North,Delhi NCR
CUST007684,West,Mumbai
CUST007685,East,Kolkata
CUST007686,South,Bengaluru
CUST007687,North,Delhi NCR
CUST007688,Central,Nagpur
CUST007689,Central,Nagpur
CUST007690,West,Mumbai
CUST007691,East,Kolkata
CUST007692,South,Bengaluru
CUST007693,East,Kolkata
CUST007694,North,Delhi NCR
CUST007695,South,Bengaluru
CUST007696,East,Kolkata
CUST007697,East,Kolkata
CUST007698,North,Delhi NCR
CUST007699,Central,Nagpur
CUST007700,South,Bengaluru
CUST007701,East,Kolkata
CUST007702,East,Kolkata
CUST007703,East,Kolkata
CUST007704,Central,Nagpur
CUST007705,West,Mumbai
CUST007706,Central,Nagpur
CUST007707,South,Bengaluru
CUST007708,South,Bengaluru
CUST007709,East,Kolkata
CUST007710,East,Kolkata
CUST007711,South,Bengaluru
CUST007712,East,Kolkata
CUST007713,North,Delhi NCR
CUST007714,East,Kolkata
CUST007715,West,Mumbai
CUST007716,East,Kolkata
CUST007717,Central,Nagpur
CUST007718,Central,Nagpur
CUST007719,Central,Nagpur
CUST007720,North,Delhi NCR
CUST007721,Central,Nagpur
CUST007722,South,Bengaluru
CUST007723,East,Kolkata
CUST007724,East,Kolkata
CUST007725,South,Bengaluru
CUST007726,Central,Nagpur
CUST007727,West,Mumbai
CUST007728,Central,Nagpur
CUST007729,Central,Nagpur
CUST007730,East,Kolkata
CUST007731,West,Mumbai
CUST007732,East,Kolkata
CUST007733,East,Kolkata
CUST007734,West,Mumbai
CUST007735,West,Mumbai
CUST007736,Central,Nagpur
CUST007737,West,Mumbai
CUST007738,West,Mumbai
CUST007739,Central,Nagpur
CUST007740,North,Delhi NCR
CUST007741,West,Mumbai
CUST007742,South,Bengaluru
CUST007743,East,Kolkata
CUST007744,West,Mumbai
CUST007745,South,Bengaluru
CUST007746,Central,Nagpur
CUST007747,East,Kolkata
CUST007748,South,Bengaluru
CUST007749,South,Bengaluru
CUST007750,East,Kolkata
CUST007751,Central,Nagpur
CUST007752,North,Delhi NCR
CUST007753,East,Kolkata
CUST007754,Central,Nagpur
CUST007755,East,Kolkata
CUST007756,East,Kolkata
CUST007757,South,Bengaluru
CUST007758,North,Delhi NCR
CUST007759,West,Mumbai
CUST007760,Central,Nagpur
CUST007761,East,Kolkata
CUST007762,East,Kolkata
CUST007763,North,Delhi NCR
CUST007764,Central,Nagpur
CUST007765,Central,Nagpur
CUST007766,Central,Nagpur
CUST007767,South,Bengaluru
CUST007768,West,Mumbai
CUST007769,East,Kolkata
CUST007770,South,Bengaluru
CUST007771,South,Bengaluru
CUST007772,South,Bengaluru
CUST007773,East,Kolkata
CUST007774,North,Delhi NCR
CUST007775,West,Mumbai
CUST007776,East,Kolkata
CUST007777,Central,Nagpur
CUST007778,South,Bengaluru
CUST007779,North,Delhi NCR
CUST007780,South,Bengaluru
CUST007781,Central,Nagpur
CUST007782,South,Bengaluru
CUST007783,West,Mumbai
CUST007784,Central,Nagpur
CUST007785,South,Bengaluru
CUST007786,West,Mumbai
CUST007787,South,Bengaluru
CUST007788,South,Bengaluru
CUST007789,South,Bengaluru
CUST007790,West,Mumbai
CUST007791,Central,Nagpur
CUST007792,South,Bengaluru
CUST007793,South,Bengaluru
CUST007794,Central,Nagpur
CUST007795,East,Kolkata
CUST007796,East,Kolkata
CUST007797,West,Mumbai
CUST007798,North,Delhi NCR
CUST007799,Central,Nagpur
CUST007800,South,Bengaluru
CUST007801,West,Mumbai
CUST007802,East,Kolkata
CUST007803,West,Mumbai
CUST007804,West,Mumbai
CUST007805,North,Delhi NCR
CUST007806,North,Delhi NCR
CUST007807,Central,Nagpur
CUST007808,East,Kolkata
CUST007809,South,Bengaluru
CUST007810,North,Delhi NCR
CUST007811,North,Delhi NCR
CUST007812,Central,Nagpur
CUST007813,Central,Nagpur
CUST007814,South,Bengaluru
CUST007815,South,Bengaluru
CUST007816,East,Kolkata
CUST007817,North,Delhi NCR
CUST007818,East,Kolkata
CUST007819,West,Mumbai
CUST007820,Central,Nagpur
CUST007821,South,Bengaluru
CUST007822,North,Delhi NCR
CUST007823,North,Delhi NCR
CUST007824,South,Bengaluru
CUST007825,West,Mumbai
CUST007826,North,Delhi NCR
CUST007827,West,Mumbai
CUST007828,East,Kolkata
CUST007829,West,Mumbai
CUST007830,East,Kolkata
CUST007831,North,Delhi NCR
CUST007832,North,Delhi NCR
CUST007833,East,Kolkata
CUST007834,East,Kolkata
CUST007835,Central,Nagpur
CUST007836,Central,Nagpur
CUST007837,North,Delhi NCR
CUST007838,South,Bengaluru
CUST007839,South,Bengaluru
CUST007840,North,Delhi NCR
CUST007841,North,Delhi NCR
CUST007842,North,Delhi NCR
CUST007843,East,Kolkata
CUST007844,North,Delhi NCR
CUST007845,North,Delhi NCR
CUST007846,North,Delhi NCR
CUST007847,West,Mumbai
CUST007848,West,Mumbai
CUST007849,Central,Nagpur
CUST007850,North,Delhi NCR
CUST007851,South,Bengaluru
CUST007852,East,Kolkata
CUST007853,West,Mumbai
CUST007854,North,Delhi NCR
CUST007855,South,Bengaluru
CUST007856,East,Kolkata
CUST007857,North,Delhi NCR
CUST007858,South,Bengaluru
CUST007859,West,Mumbai
CUST007860,East,Kolkata
CUST007861,East,Kolkata
CUST007862,East,Kolkata
CUST007863,Central,Nagpur
CUST007864,East,Kolkata
CUST007865,East,Kolkata
CUST007866,Central,Nagpur
CUST007867,North,Delhi NCR
CUST007868,North,Delhi NCR
CUST007869,East,Kolkata
CUST007870,South,Bengaluru
CUST007871,South,Bengaluru
CUST007872,North,Delhi NCR
CUST007873,Central,Nagpur
CUST007874,West,Mumbai
CUST007875,West,Mumbai
CUST007876,North,Delhi NCR
CUST007877,South,Bengaluru
CUST007878,West,Mumbai
CUST007879,East,Kolkata
CUST007880,West,Mumbai
CUST007881,West,Mumbai
CUST007882,East,Kolkata
CUST007883,West,Mumbai
CUST007884,South,Bengaluru
CUST007885,North,Delhi NCR
CUST007886,Central,Nagpur
CUST007887,North,Delhi NCR
CUST007888,South,Bengaluru
CUST007889,North,Delhi NCR
CUST007890,South,Bengaluru
CUST007891,South,Bengaluru
CUST007892,North,Delhi NCR
CUST007893,East,Kolkata
CUST007894,Central,Nagpur
CUST007895,North,Delhi NCR
CUST007896,Central,Nagpur
CUST007897,East,Kolkata
CUST007898,East,Kolkata
CUST007899,East,Kolkata
CUST007900,South,Bengaluru
CUST007901,North,Delhi NCR
CUST007902,East,Kolkata
CUST007903,Central,Nagpur
CUST007904,East,Kolkata
CUST007905,East,Kolkata
CUST007906,West,Mumbai
CUST007907,South,Bengaluru
CUST007908,North,Delhi NCR
CUST007909,East,Kolkata
CUST007910,Central,Nagpur
CUST007911,South,Bengaluru
CUST007912,Central,Nagpur
CUST007913,Central,Nagpur
CUST007914,South,Bengaluru
CUST007915,East,Kolkata
CUST007916,West,Mumbai
CUST007917,East,Kolkata
CUST007918,West,Mumbai
CUST007919,Central,Nagpur
CUST007920,West,Mumbai
CUST007921,Central,Nagpur
CUST007922,Central,Nagpur
CUST007923,Central,Nagpur
CUST007924,Central,Nagpur
CUST007925,South,Bengaluru
CUST007926,North,Delhi NCR
CUST007927,North,Delhi NCR
CUST007928,South,Bengaluru
CUST007929,West,Mumbai
CUST007930,East,Kolkata
CUST007931,East,Kolkata
CUST007932,North,Delhi NCR
CUST007933,West,Mumbai
CUST007934,South,Bengaluru
CUST007935,West,Mumbai
CUST007936,North,Delhi NCR
CUST007937,South,Bengaluru
CUST007938,North,Delhi NCR
CUST007939,South,Bengaluru
CUST007940,Central,Nagpur
CUST007941,East,Kolkata
CUST007942,East,Kolkata
CUST007943,South,Bengaluru
CUST007944,South,Bengaluru
CUST007945,West,Mumbai
CUST007946,Central,Nagpur
CUST007947,West,Mumbai
CUST007948,West,Mumbai
CUST007949,East,Kolkata
CUST007950,North,Delhi NCR
CUST007951,West,Mumbai
CUST007952,Central,Nagpur
CUST007953,East,Kolkata
CUST007954,North,Delhi NCR
CUST007955,West,Mumbai
CUST007956,Central,Nagpur
CUST007957,South,Bengaluru
CUST007958,North,Delhi NCR
CUST007959,West,Mumbai
CUST007960,South,Bengaluru
CUST007961,West,Mumbai
CUST007962,West,Mumbai
CUST007963,South,Bengaluru
CUST007964,North,Delhi NCR
CUST007965,East,Kolkata
CUST007966,East,Kolkata
CUST007967,Central,Nagpur
CUST007968,South,Bengaluru
CUST007969,South,Bengaluru
CUST007970,Central,Nagpur
CUST007971,West,Mumbai
CUST007972,West,Mumbai
CUST007973,Central,Nagpur
CUST007974,West,Mumbai
CUST007975,Central,Nagpur
CUST007976,West,Mumbai
CUST007977,East,Kolkata
CUST007978,North,Delhi NCR
CUST007979,West,Mumbai
CUST007980,West,Mumbai
CUST007981,Central,Nagpur
CUST007982,West,Mumbai
CUST007983,East,Kolkata
CUST007984,East,Kolkata
CUST007985,North,Delhi NCR
CUST007986,North,Delhi NCR
CUST007987,North,Delhi NCR
CUST007988,Central,Nagpur
CUST007989,West,Mumbai
CUST007990,South,Bengaluru
CUST007991,East,Kolkata
CUST007992,East,Kolkata
CUST007993,South,Bengaluru
CUST007994,East,Kolkata
CUST007995,South,Bengaluru
CUST007996,West,Mumbai
CUST007997,West,Mumbai
CUST007998,North,Delhi NCR
CUST007999,East,Kolkata
CUST008000,Central,Nagpur
CUST008001,Central,Nagpur
CUST008002,West,Mumbai
CUST008003,West,Mumbai
CUST008004,North,Delhi NCR
CUST008005,Central,Nagpur
CUST008006,West,Mumbai
CUST008007,Central,Nagpur
CUST008008,Central,Nagpur
CUST008009,South,Bengaluru
CUST008010,North,Delhi NCR
CUST008011,West,Mumbai
CUST008012,East,Kolkata
CUST008013,North,Delhi NCR
CUST008014,South,Bengaluru
CUST008015,Central,Nagpur
CUST008016,South,Bengaluru
CUST008017,South,Bengaluru
CUST008018,West,Mumbai
CUST008019,West,Mumbai
CUST008020,South,Bengaluru
CUST008021,Central,Nagpur
CUST008022,East,Kolkata
CUST008023,North,Delhi NCR
CUST008024,South,Bengaluru
CUST008025,Central,Nagpur
CUST008026,North,Delhi NCR
CUST008027,North,Delhi NCR
CUST008028,West,Mumbai
CUST008029,East,Kolkata
CUST008030,South,Bengaluru
CUST008031,East,Kolkata
CUST008032,North,Delhi NCR
CUST008033,South,Bengaluru
CUST008034,South,Bengaluru
CUST008035,East,Kolkata
CUST008036,West,Mumbai
CUST008037,Central,Nagpur
CUST008038,North,Delhi NCR
CUST008039,South,Bengaluru
CUST008040,South,Bengaluru
CUST008041,East,Kolkata
CUST008042,East,Kolkata
CUST008043,Central,Nagpur
CUST008044,Central,Nagpur
CUST008045,West,Mumbai
CUST008046,North,Delhi NCR
CUST008047,North,Delhi NCR
CUST008048,Central,Nagpur
CUST008049,Central,Nagpur
CUST008050,South,Bengaluru
CUST008051,North,Delhi NCR
CUST008052,West,Mumbai
CUST008053,East,Kolkata
CUST008054,Central,Nagpur
CUST008055,East,Kolkata
CUST008056,West,Mumbai
CUST008057,West,Mumbai
CUST008058,North,Delhi NCR
CUST008059,North,Delhi NCR
CUST008060,West,Mumbai
CUST008061,North,Delhi NCR
CUST008062,South,Bengaluru
CUST008063,West,Mumbai
CUST008064,South,Bengaluru
CUST008065,North,Delhi NCR
CUST008066,North,Delhi NCR
CUST008067,East,Kolkata
CUST008068,West,Mumbai
CUST008069,West,Mumbai
CUST008070,Central,Nagpur
CUST008071,West,Mumbai
CUST008072,West,Mumbai
CUST008073,South,Bengaluru
CUST008074,South,Bengaluru
CUST008075,South,Bengaluru
CUST008076,North,Delhi NCR
CUST008077,Central,Nagpur
CUST008078,South,Bengaluru
CUST008079,East,Kolkata
CUST008080,South,Bengaluru
CUST008081,North,Delhi NCR
CUST008082,Central,Nagpur
CUST008083,South,Bengaluru
CUST008084,North,Delhi NCR
CUST008085,South,Bengaluru
CUST008086,North,Delhi NCR
CUST008087,Central,Nagpur
CUST008088,North,Delhi NCR
CUST008089,South,Bengaluru
CUST008090,South,Bengaluru
CUST008091,North,Delhi NCR
CUST008092,North,Delhi NCR
CUST008093,East,Kolkata
CUST008094,South,Bengaluru
CUST008095,North,Delhi NCR
CUST008096,South,Bengaluru
CUST008097,South,Bengaluru
CUST008098,East,Kolkata
CUST008099,Central,Nagpur
CUST008100,South,Bengaluru
CUST008101,West,Mumbai
CUST008102,West,Mumbai
CUST008103,North,Delhi NCR
CUST008104,East,Kolkata
CUST008105,East,Kolkata
CUST008106,East,Kolkata
CUST008107,North,Delhi NCR
CUST008108,East,Kolkata
CUST008109,North,Delhi NCR
CUST008110,Central,Nagpur
CUST008111,East,Kolkata
CUST008112,North,Delhi NCR
CUST008113,East,Kolkata
CUST008114,Central,Nagpur
CUST008115,West,Mumbai
CUST008116,South,Bengaluru
CUST008117,Central,Nagpur
CUST008118,North,Delhi NCR
CUST008119,South,Bengaluru
CUST008120,North,Delhi NCR
CUST008121,Central,Nagpur
CUST008122,West,Mumbai
CUST008123,East,Kolkata
CUST008124,West,Mumbai
CUST008125,South,Bengaluru
CUST008126,North,Delhi NCR
CUST008127,Central,Nagpur
CUST008128,Central,Nagpur
CUST008129,North,Delhi NCR
CUST008130,North,Delhi NCR
CUST008131,East,Kolkata
CUST008132,North,Delhi NCR
CUST008133,West,Mumbai
CUST008134,Central,Nagpur
CUST008135,South,Bengaluru
CUST008136,South,Bengaluru
CUST008137,Central,Nagpur
CUST008138,South,Bengaluru
CUST008139,South,Bengaluru
CUST008140,North,Delhi NCR
CUST008141,Central,Nagpur
CUST008142,Central,Nagpur
CUST008143,North,Delhi NCR
CUST008144,Central,Nagpur
CUST008145,North,Delhi NCR
CUST008146,North,Delhi NCR
CUST008147,South,Bengaluru
CUST008148,East,Kolkata
CUST008149,Central,Nagpur
CUST008150,West,Mumbai
CUST008151,North,Delhi NCR
CUST008152,East,Kolkata
CUST008153,Central,Nagpur
CUST008154,West,Mumbai
CUST008155,South,Bengaluru
CUST008156,North,Delhi NCR
CUST008157,East,Kolkata
CUST008158,East,Kolkata
CUST008159,South,Bengaluru
CUST008160,North,Delhi NCR
CUST008161,North,Delhi NCR
CUST008162,East,Kolkata
CUST008163,Central,Nagpur
CUST008164,East,Kolkata
CUST008165,East,Kolkata
CUST008166,Central,Nagpur
CUST008167,West,Mumbai
CUST008168,West,Mumbai
CUST008169,East,Kolkata
CUST008170,West,Mumbai
CUST008171,East,Kolkata
CUST008172,West,Mumbai
CUST008173,West,Mumbai
CUST008174,West,Mumbai
CUST008175,Central,Nagpur
CUST008176,South,Bengaluru
CUST008177,West,Mumbai
CUST008178,North,Delhi NCR
CUST008179,East,Kolkata
CUST008180,Central,Nagpur
CUST008181,West,Mumbai
CUST008182,South,Bengaluru
CUST008183,West,Mumbai
CUST008184,South,Bengaluru
CUST008185,East,Kolkata
CUST008186,South,Bengaluru
CUST008187,West,Mumbai
CUST008188,North,Delhi NCR
CUST008189,East,Kolkata
CUST008190,Central,Nagpur
CUST008191,West,Mumbai
CUST008192,East,Kolkata
CUST008193,Central,Nagpur
CUST008194,North,Delhi NCR
CUST008195,Central,Nagpur
CUST008196,South,Bengaluru
CUST008197,Central,Nagpur
CUST008198,Central,Nagpur
CUST008199,West,Mumbai
CUST008200,West,Mumbai
CUST008201,West,Mumbai
CUST008202,South,Bengaluru
CUST008203,North,Delhi NCR
CUST008204,South,Bengaluru
CUST008205,East,Kolkata
CUST008206,West,Mumbai
CUST008207,South,Bengaluru
CUST008208,East,Kolkata
CUST008209,North,Delhi NCR
CUST008210,North,Delhi NCR
CUST008211,Central,Nagpur
CUST008212,Central,Nagpur
CUST008213,Central,Nagpur
CUST008214,South,Bengaluru
CUST008215,East,Kolkata
CUST008216,West,Mumbai
CUST008217,South,Bengaluru
CUST008218,West,Mumbai
CUST008219,West,Mumbai
CUST008220,East,Kolkata
CUST008221,East,Kolkata
CUST008222,South,Bengaluru
CUST008223,Central,Nagpur
CUST008224,Central,Nagpur
CUST008225,Central,Nagpur
CUST008226,West,Mumbai
CUST008227,South,Bengaluru
CUST008228,West,Mumbai
CUST008229,South,Bengaluru
CUST008230,Central,Nagpur
CUST008231,South,Bengaluru
CUST008232,East,Kolkata
CUST008233,North,Delhi NCR
CUST008234,North,Delhi NCR
CUST008235,South,Bengaluru
CUST008236,East,Kolkata
CUST008237,North,Delhi NCR
CUST008238,Central,Nagpur
CUST008239,North,Delhi NCR
CUST008240,Central,Nagpur
CUST008241,South,Bengaluru
CUST008242,South,Bengaluru
CUST008243,North,Delhi NCR
CUST008244,Central,Nagpur
CUST008245,West,Mumbai
CUST008246,North,Delhi NCR
CUST008247,North,Delhi NCR
CUST008248,West,Mumbai
CUST008249,Central,Nagpur
CUST008250,North,Delhi NCR
CUST008251,South,Bengaluru
CUST008252,East,Kolkata
CUST008253,North,Delhi NCR
CUST008254,South,Bengaluru
CUST008255,North,Delhi NCR
CUST008256,East,Kolkata
CUST008257,West,Mumbai
CUST008258,East,Kolkata
CUST008259,South,Bengaluru
CUST008260,East,Kolkata
CUST008261,East,Kolkata
CUST008262,North,Delhi NCR
CUST008263,North,Delhi NCR
CUST008264,North,Delhi NCR
CUST008265,Central,Nagpur
CUST008266,West,Mumbai
CUST008267,North,Delhi NCR
CUST008268,South,Bengaluru
CUST008269,East,Kolkata
CUST008270,North,Delhi NCR
CUST008271,Central,Nagpur
CUST008272,Central,Nagpur
CUST008273,South,Bengaluru
CUST008274,North,Delhi NCR
CUST008275,South,Bengaluru
CUST008276,East,Kolkata
CUST008277,Central,Nagpur
CUST008278,South,Bengaluru
CUST008279,South,Bengaluru
CUST008280,South,Bengaluru
CUST008281,North,Delhi NCR
CUST008282,North,Delhi NCR
CUST008283,East,Kolkata
CUST008284,West,Mumbai
CUST008285,North,Delhi NCR
CUST008286,South,Bengaluru
CUST008287,Central,Nagpur
CUST008288,Central,Nagpur
CUST008289,West,Mumbai
CUST008290,East,Kolkata
CUST008291,East,Kolkata
CUST008292,South,Bengaluru
CUST008293,South,Bengaluru
CUST008294,South,Bengaluru
CUST008295,West,Mumbai
CUST008296,West,Mumbai
CUST008297,West,Mumbai
CUST008298,West,Mumbai
CUST008299,North,Delhi NCR
CUST008300,West,Mumbai
CUST008301,Central,Nagpur
CUST008302,West,Mumbai
CUST008303,East,Kolkata
CUST008304,South,Bengaluru
CUST008305,West,Mumbai
CUST008306,East,Kolkata
CUST008307,South,Bengaluru
CUST008308,East,Kolkata
CUST008309,North,Delhi NCR
CUST008310,Central,Nagpur
CUST008311,West,Mumbai
CUST008312,South,Bengaluru
CUST008313,West,Mumbai
CUST008314,North,Delhi NCR
CUST008315,South,Bengaluru
CUST008316,West,Mumbai
CUST008317,North,Delhi NCR
CUST008318,West,Mumbai
CUST008319,Central,Nagpur
CUST008320,East,Kolkata
CUST008321,South,Bengaluru
CUST008322,West,Mumbai
CUST008323,South,Bengaluru
CUST008324,West,Mumbai
CUST008325,West,Mumbai
CUST008326,North,Delhi NCR
CUST008327,North,Delhi NCR
CUST008328,North,Delhi NCR
CUST008329,North,Delhi NCR
CUST008330,South,Bengaluru
CUST008331,North,Delhi NCR
CUST008332,Central,Nagpur
CUST008333,Central,Nagpur
CUST008334,North,Delhi NCR
CUST008335,South,Bengaluru
CUST008336,West,Mumbai
CUST008337,West,Mumbai
CUST008338,East,Kolkata
CUST008339,Central,Nagpur
CUST008340,West,Mumbai
CUST008341,West,Mumbai
CUST008342,East,Kolkata
CUST008343,East,Kolkata
CUST008344,South,Bengaluru
CUST008345,East,Kolkata
CUST008346,Central,Nagpur
CUST008347,South,Bengaluru
CUST008348,North,Delhi NCR
CUST008349,East,Kolkata
CUST008350,West,Mumbai
CUST008351,Central,Nagpur
CUST008352,East,Kolkata
CUST008353,West,Mumbai
CUST008354,South,Bengaluru
CUST008355,East,Kolkata
CUST008356,East,Kolkata
CUST008357,South,Bengaluru
CUST008358,West,Mumbai
CUST008359,Central,Nagpur
CUST008360,South,Bengaluru
CUST008361,North,Delhi NCR
CUST008362,Central,Nagpur
CUST008363,Central,Nagpur
CUST008364,Central,Nagpur
CUST008365,South,Bengaluru
CUST008366,West,Mumbai
CUST008367,West,Mumbai
CUST008368,West,Mumbai
CUST008369,Central,Nagpur
CUST008370,Central,Nagpur
CUST008371,East,Kolkata
CUST008372,North,Delhi NCR
CUST008373,North,Delhi NCR
CUST008374,Central,Nagpur
CUST008375,Central,Nagpur
CUST008376,North,Delhi NCR
CUST008377,South,Bengaluru
CUST008378,South,Bengaluru
CUST008379,South,Bengaluru
CUST008380,West,Mumbai
CUST008381,East,Kolkata
CUST008382,East,Kolkata
CUST008383,East,Kolkata
CUST008384,West,Mumbai
CUST008385,West,Mumbai
CUST008386,North,Delhi NCR
CUST008387,North,Delhi NCR
CUST008388,South,Bengaluru
CUST008389,East,Kolkata
CUST008390,Central,Nagpur
CUST008391,Central,Nagpur
CUST008392,West,Mumbai
CUST008393,North,Delhi NCR
CUST008394,North,Delhi NCR
CUST008395,East,Kolkata
CUST008396,East,Kolkata
CUST008397,West,Mumbai
CUST008398,North,Delhi NCR
CUST008399,Central,Nagpur
CUST008400,East,Kolkata
CUST008401,East,Kolkata
CUST008402,North,Delhi NCR
CUST008403,Central,Nagpur
CUST008404,East,Kolkata
CUST008405,South,Bengaluru
CUST008406,South,Bengaluru
CUST008407,South,Bengaluru
CUST008408,North,Delhi NCR
CUST008409,Central,Nagpur
CUST008410,Central,Nagpur
CUST008411,Central,Nagpur
CUST008412,South,Bengaluru
CUST008413,East,Kolkata
CUST008414,East,Kolkata
CUST008415,East,Kolkata
CUST008416,East,Kolkata
CUST008417,East,Kolkata
CUST008418,West,Mumbai
CUST008419,North,Delhi NCR
CUST008420,North,Delhi NCR
CUST008421,Central,Nagpur
CUST008422,Central,Nagpur
CUST008423,Central,Nagpur
CUST008424,South,Bengaluru
CUST008425,East,Kolkata
CUST008426,North,Delhi NCR
CUST008427,South,Bengaluru
CUST008428,West,Mumbai
CUST008429,South,Bengaluru
CUST008430,East,Kolkata
CUST008431,North,Delhi NCR
CUST008432,East,Kolkata
CUST008433,West,Mumbai
CUST008434,East,Kolkata
CUST008435,East,Kolkata
CUST008436,Central,Nagpur
CUST008437,South,Bengaluru
CUST008438,South,Bengaluru
CUST008439,West,Mumbai
CUST008440,East,Kolkata
CUST008441,Central,Nagpur
CUST008442,North,Delhi NCR
CUST008443,North,Delhi NCR
CUST008444,South,Bengaluru
CUST008445,East,Kolkata
CUST008446,Central,Nagpur
CUST008447,East,Kolkata
CUST008448,East,Kolkata
CUST008449,North,Delhi NCR
CUST008450,East,Kolkata
CUST008451,East,Kolkata
CUST008452,East,Kolkata
CUST008453,West,Mumbai
CUST008454,East,Kolkata
CUST008455,North,Delhi NCR
CUST008456,North,Delhi NCR
CUST008457,North,Delhi NCR
CUST008458,West,Mumbai
CUST008459,Central,Nagpur
CUST008460,Central,Nagpur
CUST008461,South,Bengaluru
CUST008462,North,Delhi NCR
CUST008463,West,Mumbai
CUST008464,North,Delhi NCR
CUST008465,West,Mumbai
CUST008466,South,Bengaluru
CUST008467,Central,Nagpur
CUST008468,West,Mumbai
CUST008469,West,Mumbai
CUST008470,East,Kolkata
CUST008471,Central,Nagpur
CUST008472,East,Kolkata
CUST008473,West,Mumbai
CUST008474,South,Bengaluru
CUST008475,East,Kolkata
CUST008476,Central,Nagpur
CUST008477,South,Bengaluru
CUST008478,North,Delhi NCR
CUST008479,South,Bengaluru
CUST008480,South,Bengaluru
CUST008481,East,Kolkata
CUST008482,North,Delhi NCR
CUST008483,North,Delhi NCR
CUST008484,South,Bengaluru
CUST008485,East,Kolkata
CUST008486,North,Delhi NCR
CUST008487,South,Bengaluru
CUST008488,South,Bengaluru
CUST008489,North,Delhi NCR
CUST008490,South,Bengaluru
CUST008491,South,Bengaluru
CUST008492,North,Delhi NCR
CUST008493,West,Mumbai
CUST008494,North,Delhi NCR
CUST008495,East,Kolkata
CUST008496,West,Mumbai
CUST008497,Central,Nagpur
CUST008498,East,Kolkata
CUST008499,East,Kolkata
CUST008500,West,Mumbai
CUST008501,Central,Nagpur
CUST008502,South,Bengaluru
CUST008503,West,Mumbai
CUST008504,East,Kolkata
CUST008505,North,Delhi NCR
CUST008506,West,Mumbai
CUST008507,Central,Nagpur
CUST008508,North,Delhi NCR
CUST008509,North,Delhi NCR
CUST008510,Central,Nagpur
CUST008511,East,Kolkata
CUST008512,South,Bengaluru
CUST008513,West,Mumbai
CUST008514,South,Bengaluru
CUST008515,South,Bengaluru
CUST008516,South,Bengaluru
CUST008517,East,Kolkata
CUST008518,North,Delhi NCR
CUST008519,South,Bengaluru
CUST008520,South,Bengaluru
CUST008521,North,Delhi NCR
CUST008522,West,Mumbai
CUST008523,North,Delhi NCR
CUST008524,Central,Nagpur
CUST008525,North,Delhi NCR
CUST008526,South,Bengaluru
CUST008527,North,Delhi NCR
CUST008528,South,Bengaluru
CUST008529,West,Mumbai
CUST008530,North,Delhi NCR
CUST008531,East,Kolkata
CUST008532,West,Mumbai
CUST008533,East,Kolkata
CUST008534,North,Delhi NCR
CUST008535,West,Mumbai
CUST008536,North,Delhi NCR
CUST008537,North,Delhi NCR
CUST008538,East,Kolkata
CUST008539,South,Bengaluru
CUST008540,North,Delhi NCR
CUST008541,West,Mumbai
CUST008542,East,Kolkata
CUST008543,Central,Nagpur
CUST008544,East,Kolkata
CUST008545,East,Kolkata
CUST008546,Central,Nagpur
CUST008547,North,Delhi NCR
CUST008548,South,Bengaluru
CUST008549,West,Mumbai
CUST008550,South,Bengaluru
CUST008551,Central,Nagpur
CUST008552,South,Bengaluru
CUST008553,East,Kolkata
CUST008554,Central,Nagpur
CUST008555,South,Bengaluru
CUST008556,Central,Nagpur
CUST008557,North,Delhi NCR
CUST008558,South,Bengaluru
CUST008559,East,Kolkata
CUST008560,East,Kolkata
CUST008561,Central,Nagpur
CUST008562,Central,Nagpur
CUST008563,West,Mumbai
CUST008564,West,Mumbai
CUST008565,South,Bengaluru
CUST008566,Central,Nagpur
CUST008567,West,Mumbai
CUST008568,North,Delhi NCR
CUST008569,Central,Nagpur
CUST008570,South,Bengaluru
CUST008571,East,Kolkata
CUST008572,East,Kolkata
CUST008573,Central,Nagpur
CUST008574,South,Bengaluru
CUST008575,South,Bengaluru
CUST008576,North,Delhi NCR
CUST008577,South,Bengaluru
CUST008578,North,Delhi NCR
CUST008579,East,Kolkata
CUST008580,Central,Nagpur
CUST008581,East,Kolkata
CUST008582,Central,Nagpur
CUST008583,Central,Nagpur
CUST008584,North,Delhi NCR
CUST008585,East,Kolkata
CUST008586,East,Kolkata
CUST008587,South,Bengaluru
CUST008588,Central,Nagpur
CUST008589,South,Bengaluru
CUST008590,North,Delhi NCR
CUST008591,East,Kolkata
CUST008592,South,Bengaluru
CUST008593,South,Bengaluru
CUST008594,East,Kolkata
CUST008595,West,Mumbai
CUST008596,South,Bengaluru
CUST008597,South,Bengaluru
CUST008598,North,Delhi NCR
CUST008599,South,Bengaluru
CUST008600,East,Kolkata
CUST008601,West,Mumbai
CUST008602,South,Bengaluru
CUST008603,North,Delhi NCR
CUST008604,East,Kolkata
CUST008605,West,Mumbai
CUST008606,North,Delhi NCR
CUST008607,East,Kolkata
CUST008608,North,Delhi NCR
CUST008609,East,Kolkata
CUST008610,West,Mumbai
CUST008611,West,Mumbai
CUST008612,West,Mumbai
CUST008613,West,Mumbai
CUST008614,South,Bengaluru
CUST008615,Central,Nagpur
CUST008616,South,Bengaluru
CUST008617,South,Bengaluru
CUST008618,West,Mumbai
CUST008619,South,Bengaluru
CUST008620,North,Delhi NCR
CUST008621,West,Mumbai
CUST008622,West,Mumbai
CUST008623,East,Kolkata
CUST008624,North,Delhi NCR
CUST008625,West,Mumbai
CUST008626,North,Delhi NCR
CUST008627,East,Kolkata
CUST008628,East,Kolkata
CUST008629,West,Mumbai
CUST008630,Central,Nagpur
CUST008631,North,Delhi NCR
CUST008632,North,Delhi NCR
CUST008633,East,Kolkata
CUST008634,Central,Nagpur
CUST008635,North,Delhi NCR
CUST008636,East,Kolkata
CUST008637,East,Kolkata
CUST008638,South,Bengaluru
CUST008639,West,Mumbai
CUST008640,South,Bengaluru
CUST008641,East,Kolkata
CUST008642,Central,Nagpur
CUST008643,South,Bengaluru
CUST008644,North,Delhi NCR
CUST008645,Central,Nagpur
CUST008646,South,Bengaluru
CUST008647,West,Mumbai
CUST008648,West,Mumbai
CUST008649,East,Kolkata
CUST008650,North,Delhi NCR
CUST008651,Central,Nagpur
CUST008652,West,Mumbai
CUST008653,East,Kolkata
CUST008654,Central,Nagpur
CUST008655,West,Mumbai
CUST008656,West,Mumbai
CUST008657,North,Delhi NCR
CUST008658,West,Mumbai
CUST008659,South,Bengaluru
CUST008660,North,Delhi NCR
CUST008661,South,Bengaluru
CUST008662,North,Delhi NCR
CUST008663,North,Delhi NCR
CUST008664,West,Mumbai
CUST008665,East,Kolkata
CUST008666,South,Bengaluru
CUST008667,North,Delhi NCR
CUST008668,West,Mumbai
CUST008669,West,Mumbai
CUST008670,East,Kolkata
CUST008671,North,Delhi NCR
CUST008672,North,Delhi NCR
CUST008673,North,Delhi NCR
CUST008674,North,Delhi NCR
CUST008675,Central,Nagpur
CUST008676,South,Bengaluru
CUST008677,West,Mumbai
CUST008678,Central,Nagpur
CUST008679,Central,Nagpur
CUST008680,South,Bengaluru
CUST008681,East,Kolkata
CUST008682,East,Kolkata
CUST008683,North,Delhi NCR
CUST008684,West,Mumbai
CUST008685,East,Kolkata
CUST008686,South,Bengaluru
CUST008687,East,Kolkata
CUST008688,West,Mumbai
CUST008689,North,Delhi NCR
CUST008690,West,Mumbai
CUST008691,Central,Nagpur
CUST008692,West,Mumbai
CUST008693,West,Mumbai
CUST008694,North,Delhi NCR
CUST008695,West,Mumbai
CUST008696,West,Mumbai
CUST008697,East,Kolkata
CUST008698,East,Kolkata
CUST008699,West,Mumbai
CUST008700,North,Delhi NCR
CUST008701,South,Bengaluru
CUST008702,West,Mumbai
CUST008703,Central,Nagpur
CUST008704,South,Bengaluru
CUST008705,East,Kolkata
CUST008706,Central,Nagpur
CUST008707,North,Delhi NCR
CUST008708,South,Bengaluru
CUST008709,North,Delhi NCR
CUST008710,South,Bengaluru
CUST008711,West,Mumbai
CUST008712,South,Bengaluru
CUST008713,Central,Nagpur
CUST008714,Central,Nagpur
CUST008715,Central,Nagpur
CUST008716,West,Mumbai
CUST008717,West,Mumbai
CUST008718,East,Kolkata
CUST008719,Central,Nagpur
CUST008720,North,Delhi NCR
CUST008721,West,Mumbai
CUST008722,North,Delhi NCR
CUST008723,South,Bengaluru
CUST008724,South,Bengaluru
CUST008725,West,Mumbai
CUST008726,West,Mumbai
CUST008727,North,Delhi NCR
CUST008728,West,Mumbai
CUST008729,South,Bengaluru
CUST008730,North,Delhi NCR
CUST008731,East,Kolkata
CUST008732,East,Kolkata
CUST008733,South,Bengaluru
CUST008734,South,Bengaluru
CUST008735,Central,Nagpur
CUST008736,South,Bengaluru
CUST008737,Central,Nagpur
CUST008738,Central,Nagpur
CUST008739,South,Bengaluru
CUST008740,East,Kolkata
CUST008741,West,Mumbai
CUST008742,East,Kolkata
CUST008743,East,Kolkata
CUST008744,South,Bengaluru
CUST008745,North,Delhi NCR
CUST008746,North,Delhi NCR
CUST008747,South,Bengaluru
CUST008748,West,Mumbai
CUST008749,South,Bengaluru
CUST008750,North,Delhi NCR
CUST008751,South,Bengaluru
CUST008752,East,Kolkata
CUST008753,South,Bengaluru
CUST008754,South,Bengaluru
CUST008755,North,Delhi NCR
CUST008756,South,Bengaluru
CUST008757,South,Bengaluru
CUST008758,Central,Nagpur
CUST008759,Central,Nagpur
CUST008760,South,Bengaluru
CUST008761,North,Delhi NCR
CUST008762,North,Delhi NCR
CUST008763,South,Bengaluru
CUST008764,East,Kolkata
CUST008765,East,Kolkata
CUST008766,South,Bengaluru
CUST008767,South,Bengaluru
CUST008768,South,Bengaluru
CUST008769,East,Kolkata
CUST008770,West,Mumbai
CUST008771,North,Delhi NCR
CUST008772,East,Kolkata
CUST008773,West,Mumbai
CUST008774,West,Mumbai
CUST008775,East,Kolkata
CUST008776,East,Kolkata
CUST008777,West,Mumbai
CUST008778,South,Bengaluru
CUST008779,East,Kolkata
CUST008780,South,Bengaluru
CUST008781,East,Kolkata
CUST008782,North,Delhi NCR
CUST008783,South,Bengaluru
CUST008784,North,Delhi NCR
CUST008785,South,Bengaluru
CUST008786,East,Kolkata
CUST008787,East,Kolkata
CUST008788,Central,Nagpur
CUST008789,North,Delhi NCR
CUST008790,Central,Nagpur
CUST008791,South,Bengaluru
CUST008792,West,Mumbai
CUST008793,West,Mumbai
CUST008794,Central,Nagpur
CUST008795,North,Delhi NCR
CUST008796,Central,Nagpur
CUST008797,North,Delhi NCR
CUST008798,Central,Nagpur
CUST008799,West,Mumbai
CUST008800,East,Kolkata
CUST008801,South,Bengaluru
CUST008802,North,Delhi NCR
CUST008803,Central,Nagpur
CUST008804,West,Mumbai
CUST008805,Central,Nagpur
CUST008806,West,Mumbai
CUST008807,Central,Nagpur
CUST008808,Central,Nagpur
CUST008809,East,Kolkata
CUST008810,West,Mumbai
CUST008811,South,Bengaluru
CUST008812,West,Mumbai
CUST008813,West,Mumbai
CUST008814,East,Kolkata
CUST008815,West,Mumbai
CUST008816,South,Bengaluru
CUST008817,West,Mumbai
CUST008818,East,Kolkata
CUST008819,South,Bengaluru
CUST008820,Central,Nagpur
CUST008821,North,Delhi NCR
CUST008822,West,Mumbai
CUST008823,South,Bengaluru
CUST008824,South,Bengaluru
CUST008825,North,Delhi NCR
CUST008826,North,Delhi NCR
CUST008827,North,Delhi NCR
CUST008828,Central,Nagpur
CUST008829,Central,Nagpur
CUST008830,East,Kolkata
CUST008831,North,Delhi NCR
CUST008832,Central,Nagpur
CUST008833,West,Mumbai
CUST008834,East,Kolkata
CUST008835,Central,Nagpur
CUST008836,East,Kolkata
CUST008837,South,Bengaluru
CUST008838,West,Mumbai
CUST008839,East,Kolkata
CUST008840,West,Mumbai
CUST008841,West,Mumbai
CUST008842,Central,Nagpur
CUST008843,South,Bengaluru
CUST008844,North,Delhi NCR
CUST008845,East,Kolkata
CUST008846,West,Mumbai
CUST008847,Central,Nagpur
CUST008848,South,Bengaluru
CUST008849,West,Mumbai
CUST008850,Central,Nagpur
CUST008851,Central,Nagpur
CUST008852,Central,Nagpur
CUST008853,Central,Nagpur
CUST008854,West,Mumbai
CUST008855,South,Bengaluru
CUST008856,East,Kolkata
CUST008857,West,Mumbai
CUST008858,South,Bengaluru
CUST008859,West,Mumbai
CUST008860,East,Kolkata
CUST008861,West,Mumbai
CUST008862,East,Kolkata
CUST008863,West,Mumbai
CUST008864,North,Delhi NCR
CUST008865,West,Mumbai
CUST008866,Central,Nagpur
CUST008867,Central,Nagpur
CUST008868,Central,Nagpur
CUST008869,South,Bengaluru
CUST008870,North,Delhi NCR
CUST008871,West,Mumbai
CUST008872,North,Delhi NCR
CUST008873,South,Bengaluru
CUST008874,West,Mumbai
CUST008875,East,Kolkata
CUST008876,West,Mumbai
CUST008877,West,Mumbai
CUST008878,North,Delhi NCR
CUST008879,West,Mumbai
CUST008880,East,Kolkata
CUST008881,East,Kolkata
CUST008882,East,Kolkata
CUST008883,East,Kolkata
CUST008884,East,Kolkata
CUST008885,South,Bengaluru
CUST008886,South,Bengaluru
CUST008887,North,Delhi NCR
CUST008888,South,Bengaluru
CUST008889,South,Bengaluru
CUST008890,East,Kolkata
CUST008891,Central,Nagpur
CUST008892,North,Delhi NCR
CUST008893,South,Bengaluru
CUST008894,North,Delhi NCR
CUST008895,Central,Nagpur
CUST008896,West,Mumbai
CUST008897,South,Bengaluru
CUST008898,East,Kolkata
CUST008899,West,Mumbai
CUST008900,Central,Nagpur
CUST008901,East,Kolkata
CUST008902,South,Bengaluru
CUST008903,West,Mumbai
CUST008904,West,Mumbai
CUST008905,West,Mumbai
CUST008906,North,Delhi NCR
CUST008907,West,Mumbai
CUST008908,North,Delhi NCR
CUST008909,Central,Nagpur
CUST008910,Central,Nagpur
CUST008911,East,Kolkata
CUST008912,West,Mumbai
CUST008913,North,Delhi NCR
CUST008914,Central,Nagpur
CUST008915,South,Bengaluru
CUST008916,South,Bengaluru
CUST008917,West,Mumbai
CUST008918,Central,Nagpur
CUST008919,East,Kolkata
CUST008920,East,Kolkata
CUST008921,East,Kolkata
CUST008922,South,Bengaluru
CUST008923,East,Kolkata
CUST008924,Central,Nagpur
CUST008925,South,Bengaluru
CUST008926,West,Mumbai
CUST008927,West,Mumbai
CUST008928,Central,Nagpur
CUST008929,West,Mumbai
CUST008930,Central,Nagpur
CUST008931,West,Mumbai
CUST008932,Central,Nagpur
CUST008933,West,Mumbai
CUST008934,Central,Nagpur
CUST008935,Central,Nagpur
CUST008936,Central,Nagpur
CUST008937,East,Kolkata
CUST008938,West,Mumbai
CUST008939,Central,Nagpur
CUST008940,South,Bengaluru
CUST008941,North,Delhi NCR
CUST008942,Central,Nagpur
CUST008943,West,Mumbai
CUST008944,East,Kolkata
CUST008945,West,Mumbai
CUST008946,North,Delhi NCR
CUST008947,East,Kolkata
CUST008948,South,Bengaluru
CUST008949,South,Bengaluru
CUST008950,Central,Nagpur
CUST008951,East,Kolkata
CUST008952,North,Delhi NCR
CUST008953,South,Bengaluru
CUST008954,South,Bengaluru
CUST008955,Central,Nagpur
CUST008956,South,Bengaluru
CUST008957,South,Bengaluru
CUST008958,South,Bengaluru
CUST008959,North,Delhi NCR
CUST008960,West,Mumbai
CUST008961,East,Kolkata
CUST008962,East,Kolkata
CUST008963,South,Bengaluru
CUST008964,West,Mumbai
CUST008965,North,Delhi NCR
CUST008966,Central,Nagpur
CUST008967,East,Kolkata
CUST008968,South,Bengaluru
CUST008969,East,Kolkata
CUST008970,Central,Nagpur
CUST008971,North,Delhi NCR
CUST008972,East,Kolkata
CUST008973,East,Kolkata
CUST008974,Central,Nagpur
CUST008975,East,Kolkata
CUST008976,West,Mumbai
CUST008977,West,Mumbai
CUST008978,Central,Nagpur
CUST008979,South,Bengaluru
CUST008980,West,Mumbai
CUST008981,South,Bengaluru
CUST008982,Central,Nagpur
CUST008983,Central,Nagpur
CUST008984,South,Bengaluru
CUST008985,East,Kolkata
CUST008986,Central,Nagpur
CUST008987,North,Delhi NCR
CUST008988,West,Mumbai
CUST008989,Central,Nagpur
CUST008990,Central,Nagpur
CUST008991,North,Delhi NCR
CUST008992,West,Mumbai
CUST008993,West,Mumbai
CUST008994,North,Delhi NCR
CUST008995,West,Mumbai
CUST008996,West,Mumbai
CUST008997,Central,Nagpur
CUST008998,North,Delhi NCR
CUST008999,Central,Nagpur
CUST009000,East,Kolkata
CUST009001,South,Bengaluru
CUST009002,South,Bengaluru
CUST009003,West,Mumbai
CUST009004,Central,Nagpur
CUST009005,South,Bengaluru
CUST009006,Central,Nagpur
CUST009007,West,Mumbai
CUST009008,North,Delhi NCR
CUST009009,East,Kolkata
CUST009010,Central,Nagpur
CUST009011,North,Delhi NCR
CUST009012,North,Delhi NCR
CUST009013,North,Delhi NCR
CUST009014,East,Kolkata
CUST009015,North,Delhi NCR
CUST009016,Central,Nagpur
CUST009017,North,Delhi NCR
CUST009018,North,Delhi NCR
CUST009019,South,Bengaluru
CUST009020,West,Mumbai
CUST009021,Central,Nagpur
CUST009022,South,Bengaluru
CUST009023,East,Kolkata
CUST009024,West,Mumbai
CUST009025,West,Mumbai
CUST009026,North,Delhi NCR
CUST009027,Central,Nagpur
CUST009028,Central,Nagpur
CUST009029,West,Mumbai
CUST009030,East,Kolkata
CUST009031,South,Bengaluru
CUST009032,Central,Nagpur
CUST009033,Central,Nagpur
CUST009034,East,Kolkata
CUST009035,West,Mumbai
CUST009036,South,Bengaluru
CUST009037,West,Mumbai
CUST009038,North,Delhi NCR
CUST009039,Central,Nagpur
CUST009040,East,Kolkata
CUST009041,East,Kolkata
CUST009042,North,Delhi NCR
CUST009043,East,Kolkata
CUST009044,North,Delhi NCR
CUST009045,Central,Nagpur
CUST009046,West,Mumbai
CUST009047,East,Kolkata
CUST009048,Central,Nagpur
CUST009049,Central,Nagpur
CUST009050,North,Delhi NCR
CUST009051,North,Delhi NCR
CUST009052,South,Bengaluru
CUST009053,North,Delhi NCR
CUST009054,East,Kolkata
CUST009055,East,Kolkata
CUST009056,East,Kolkata
CUST009057,North,Delhi NCR
CUST009058,Central,Nagpur
CUST009059,Central,Nagpur
CUST009060,East,Kolkata
CUST009061,North,Delhi NCR
CUST009062,South,Bengaluru
CUST009063,West,Mumbai
CUST009064,West,Mumbai
CUST009065,South,Bengaluru
CUST009066,Central,Nagpur
CUST009067,Central,Nagpur
CUST009068,East,Kolkata
CUST009069,South,Bengaluru
CUST009070,East,Kolkata
CUST009071,North,Delhi NCR
CUST009072,East,Kolkata
CUST009073,North,Delhi NCR
CUST009074,North,Delhi NCR
CUST009075,East,Kolkata
CUST009076,East,Kolkata
CUST009077,Central,Nagpur
CUST009078,East,Kolkata
CUST009079,Central,Nagpur
CUST009080,Central,Nagpur
CUST009081,South,Bengaluru
CUST009082,Central,Nagpur
CUST009083,East,Kolkata
CUST009084,East,Kolkata
CUST009085,North,Delhi NCR
CUST009086,South,Bengaluru
CUST009087,East,Kolkata
CUST009088,South,Bengaluru
CUST009089,East,Kolkata
CUST009090,North,Delhi NCR
CUST009091,South,Bengaluru
CUST009092,West,Mumbai
CUST009093,West,Mumbai
CUST009094,Central,Nagpur
CUST009095,Central,Nagpur
CUST009096,Central,Nagpur
CUST009097,North,Delhi NCR
CUST009098,West,Mumbai
CUST009099,South,Bengaluru
CUST009100,South,Bengaluru
CUST009101,South,Bengaluru
CUST009102,East,Kolkata
CUST009103,North,Delhi NCR
CUST009104,East,Kolkata
CUST009105,North,Delhi NCR
CUST009106,East,Kolkata
CUST009107,West,Mumbai
CUST009108,North,Delhi NCR
CUST009109,North,Delhi NCR
CUST009110,Central,Nagpur
CUST009111,West,Mumbai
CUST009112,South,Bengaluru
CUST009113,Central,Nagpur
CUST009114,South,Bengaluru
CUST009115,Central,Nagpur
CUST009116,North,Delhi NCR
CUST009117,West,Mumbai
CUST009118,North,Delhi NCR
CUST009119,North,Delhi NCR
CUST009120,East,Kolkata
CUST009121,North,Delhi NCR
CUST009122,East,Kolkata
CUST009123,South,Bengaluru
CUST009124,North,Delhi NCR
CUST009125,Central,Nagpur
CUST009126,Central,Nagpur
CUST009127,Central,Nagpur
CUST009128,North,Delhi NCR
CUST009129,South,Bengaluru
CUST009130,South,Bengaluru
CUST009131,South,Bengaluru
CUST009132,East,Kolkata
CUST009133,East,Kolkata
CUST009134,East,Kolkata
CUST009135,South,Bengaluru
CUST009136,Central,Nagpur
CUST009137,Central,Nagpur
CUST009138,South,Bengaluru
CUST009139,South,Bengaluru
CUST009140,East,Kolkata
CUST009141,South,Bengaluru
CUST009142,Central,Nagpur
CUST009143,East,Kolkata
CUST009144,North,Delhi NCR
CUST009145,North,Delhi NCR
CUST009146,North,Delhi NCR
CUST009147,South,Bengaluru
CUST009148,South,Bengaluru
CUST009149,Central,Nagpur
CUST009150,Central,Nagpur
CUST009151,North,Delhi NCR
CUST009152,Central,Nagpur
CUST009153,East,Kolkata
CUST009154,South,Bengaluru
CUST009155,East,Kolkata
CUST009156,East,Kolkata
CUST009157,North,Delhi NCR
CUST009158,Central,Nagpur
CUST009159,North,Delhi NCR
CUST009160,North,Delhi NCR
CUST009161,South,Bengaluru
CUST009162,North,Delhi NCR
CUST009163,North,Delhi NCR
CUST009164,South,Bengaluru
CUST009165,South,Bengaluru
CUST009166,North,Delhi NCR
CUST009167,Central,Nagpur
CUST009168,Central,Nagpur
CUST009169,West,Mumbai
CUST009170,East,Kolkata
CUST009171,Central,Nagpur
CUST009172,South,Bengaluru
CUST009173,East,Kolkata
CUST009174,North,Delhi NCR
CUST009175,West,Mumbai
CUST009176,North,Delhi NCR
CUST009177,West,Mumbai
CUST009178,West,Mumbai
CUST009179,South,Bengaluru
CUST009180,West,Mumbai
CUST009181,South,Bengaluru
CUST009182,South,Bengaluru
CUST009183,East,Kolkata
CUST009184,South,Bengaluru
CUST009185,West,Mumbai
CUST009186,South,Bengaluru
CUST009187,East,Kolkata
CUST009188,Central,Nagpur
CUST009189,South,Bengaluru
CUST009190,East,Kolkata
CUST009191,Central,Nagpur
CUST009192,South,Bengaluru
CUST009193,North,Delhi NCR
CUST009194,South,Bengaluru
CUST009195,Central,Nagpur
CUST009196,West,Mumbai
CUST009197,Central,Nagpur
CUST009198,South,Bengaluru
CUST009199,Central,Nagpur
CUST009200,South,Bengaluru
CUST009201,West,Mumbai
CUST009202,Central,Nagpur
CUST009203,South,Bengaluru
CUST009204,Central,Nagpur
CUST009205,West,Mumbai
CUST009206,West,Mumbai
CUST009207,West,Mumbai
CUST009208,North,Delhi NCR
CUST009209,West,Mumbai
CUST009210,South,Bengaluru
CUST009211,South,Bengaluru
CUST009212,North,Delhi NCR
CUST009213,North,Delhi NCR
CUST009214,Central,Nagpur
CUST009215,South,Bengaluru
CUST009216,South,Bengaluru
CUST009217,East,Kolkata
CUST009218,West,Mumbai
CUST009219,East,Kolkata
CUST009220,East,Kolkata
CUST009221,Central,Nagpur
CUST009222,East,Kolkata
CUST009223,West,Mumbai
CUST009224,Central,Nagpur
CUST009225,West,Mumbai
CUST009226,North,Delhi NCR
CUST009227,South,Bengaluru
CUST009228,West,Mumbai
CUST009229,East,Kolkata
CUST009230,South,Bengaluru
CUST009231,South,Bengaluru
CUST009232,North,Delhi NCR
CUST009233,South,Bengaluru
CUST009234,West,Mumbai
CUST009235,North,Delhi NCR
CUST009236,Central,Nagpur
CUST009237,South,Bengaluru
CUST009238,Central,Nagpur
CUST009239,South,Bengaluru
CUST009240,Central,Nagpur
CUST009241,East,Kolkata
CUST009242,Central,Nagpur
CUST009243,North,Delhi NCR
CUST009244,West,Mumbai
CUST009245,South,Bengaluru
CUST009246,South,Bengaluru
CUST009247,North,Delhi NCR
CUST009248,Central,Nagpur
CUST009249,West,Mumbai
CUST009250,Central,Nagpur
CUST009251,East,Kolkata
CUST009252,North,Delhi NCR
CUST009253,South,Bengaluru
CUST009254,East,Kolkata
CUST009255,North,Delhi NCR
CUST009256,Central,Nagpur
CUST009257,Central,Nagpur
CUST009258,East,Kolkata
CUST009259,East,Kolkata
CUST009260,West,Mumbai
CUST009261,West,Mumbai
CUST009262,North,Delhi NCR
CUST009263,East,Kolkata
CUST009264,West,Mumbai
CUST009265,Central,Nagpur
CUST009266,East,Kolkata
CUST009267,Central,Nagpur
CUST009268,East,Kolkata
CUST009269,South,Bengaluru
CUST009270,East,Kolkata
CUST009271,West,Mumbai
CUST009272,Central,Nagpur
CUST009273,South,Bengaluru
CUST009274,South,Bengaluru
CUST009275,West,Mumbai
CUST009276,West,Mumbai
CUST009277,South,Bengaluru
CUST009278,West,Mumbai
CUST009279,North,Delhi NCR
CUST009280,South,Bengaluru
CUST009281,Central,Nagpur
CUST009282,East,Kolkata
CUST009283,Central,Nagpur
CUST009284,South,Bengaluru
CUST009285,South,Bengaluru
CUST009286,Central,Nagpur
CUST009287,Central,Nagpur
CUST009288,Central,Nagpur
CUST009289,South,Bengaluru
CUST009290,Central,Nagpur
CUST009291,East,Kolkata
CUST009292,Central,Nagpur
CUST009293,Central,Nagpur
CUST009294,East,Kolkata
CUST009295,South,Bengaluru
CUST009296,Central,Nagpur
CUST009297,East,Kolkata
CUST009298,East,Kolkata
CUST009299,West,Mumbai
CUST009300,Central,Nagpur
CUST009301,North,Delhi NCR
CUST009302,Central,Nagpur
CUST009303,East,Kolkata
CUST009304,North,Delhi NCR
CUST009305,South,Bengaluru
CUST009306,East,Kolkata
CUST009307,West,Mumbai
CUST009308,East,Kolkata
CUST009309,North,Delhi NCR
CUST009310,East,Kolkata
CUST009311,South,Bengaluru
CUST009312,South,Bengaluru
CUST009313,West,Mumbai
CUST009314,Central,Nagpur
CUST009315,North,Delhi NCR
CUST009316,West,Mumbai
CUST009317,East,Kolkata
CUST009318,South,Bengaluru
CUST009319,West,Mumbai
CUST009320,South,Bengaluru
CUST009321,West,Mumbai
CUST009322,East,Kolkata
CUST009323,North,Delhi NCR
CUST009324,West,Mumbai
CUST009325,Central,Nagpur
CUST009326,East,Kolkata
CUST009327,West,Mumbai
CUST009328,North,Delhi NCR
CUST009329,South,Bengaluru
CUST009330,South,Bengaluru
CUST009331,West,Mumbai
CUST009332,South,Bengaluru
CUST009333,West,Mumbai
CUST009334,South,Bengaluru
CUST009335,West,Mumbai
CUST009336,South,Bengaluru
CUST009337,East,Kolkata
CUST009338,North,Delhi NCR
CUST009339,West,Mumbai
CUST009340,North,Delhi NCR
CUST009341,Central,Nagpur
CUST009342,Central,Nagpur
CUST009343,East,Kolkata
CUST009344,Central,Nagpur
CUST009345,Central,Nagpur
CUST009346,North,Delhi NCR
CUST009347,West,Mumbai
CUST009348,South,Bengaluru
CUST009349,Central,Nagpur
CUST009350,Central,Nagpur
CUST009351,Central,Nagpur
CUST009352,East,Kolkata
CUST009353,North,Delhi NCR
CUST009354,North,Delhi NCR
CUST009355,North,Delhi NCR
CUST009356,Central,Nagpur
CUST009357,East,Kolkata
CUST009358,South,Bengaluru
CUST009359,East,Kolkata
CUST009360,North,Delhi NCR
CUST009361,East,Kolkata
CUST009362,East,Kolkata
CUST009363,West,Mumbai
CUST009364,North,Delhi NCR
CUST009365,Central,Nagpur
CUST009366,North,Delhi NCR
CUST009367,East,Kolkata
CUST009368,South,Bengaluru
CUST009369,West,Mumbai
CUST009370,West,Mumbai
CUST009371,North,Delhi NCR
CUST009372,East,Kolkata
CUST009373,East,Kolkata
CUST009374,East,Kolkata
CUST009375,North,Delhi NCR
CUST009376,North,Delhi NCR
CUST009377,East,Kolkata
CUST009378,South,Bengaluru
CUST009379,East,Kolkata
CUST009380,North,Delhi NCR
CUST009381,West,Mumbai
CUST009382,North,Delhi NCR
CUST009383,West,Mumbai
CUST009384,Central,Nagpur
CUST009385,South,Bengaluru
CUST009386,North,Delhi NCR
CUST009387,North,Delhi NCR
CUST009388,South,Bengaluru
CUST009389,North,Delhi NCR
CUST009390,Central,Nagpur
CUST009391,Central,Nagpur
CUST009392,Central,Nagpur
CUST009393,Central,Nagpur
CUST009394,East,Kolkata
CUST009395,South,Bengaluru
CUST009396,East,Kolkata
CUST009397,South,Bengaluru
CUST009398,Central,Nagpur
CUST009399,East,Kolkata
CUST009400,South,Bengaluru
CUST009401,West,Mumbai
CUST009402,South,Bengaluru
CUST009403,South,Bengaluru
CUST009404,South,Bengaluru
CUST009405,North,Delhi NCR
CUST009406,North,Delhi NCR
CUST009407,East,Kolkata
CUST009408,Central,Nagpur
CUST009409,South,Bengaluru
CUST009410,West,Mumbai
CUST009411,South,Bengaluru
CUST009412,South,Bengaluru
CUST009413,North,Delhi NCR
CUST009414,East,Kolkata
CUST009415,West,Mumbai
CUST009416,South,Bengaluru
CUST009417,East,Kolkata
CUST009418,East,Kolkata
CUST009419,South,Bengaluru
CUST009420,West,Mumbai
CUST009421,East,Kolkata
CUST009422,North,Delhi NCR
CUST009423,East,Kolkata
CUST009424,South,Bengaluru
CUST009425,West,Mumbai
CUST009426,South,Bengaluru
CUST009427,Central,Nagpur
CUST009428,West,Mumbai
CUST009429,North,Delhi NCR
CUST009430,East,Kolkata
CUST009431,Central,Nagpur
CUST009432,South,Bengaluru
CUST009433,West,Mumbai
CUST009434,West,Mumbai
CUST009435,West,Mumbai
CUST009436,North,Delhi NCR
CUST009437,South,Bengaluru
CUST009438,South,Bengaluru
CUST009439,South,Bengaluru
CUST009440,Central,Nagpur
CUST009441,North,Delhi NCR
CUST009442,East,Kolkata
CUST009443,Central,Nagpur
CUST009444,Central,Nagpur
CUST009445,West,Mumbai
CUST009446,Central,Nagpur
CUST009447,East,Kolkata
CUST009448,West,Mumbai
CUST009449,East,Kolkata
CUST009450,North,Delhi NCR
CUST009451,North,Delhi NCR
CUST009452,Central,Nagpur
CUST009453,North,Delhi NCR
CUST009454,South,Bengaluru
CUST009455,West,Mumbai
CUST009456,East,Kolkata
CUST009457,East,Kolkata
CUST009458,Central,Nagpur
CUST009459,West,Mumbai
CUST009460,Central,Nagpur
CUST009461,West,Mumbai
CUST009462,Central,Nagpur
CUST009463,West,Mumbai
CUST009464,East,Kolkata
CUST009465,Central,Nagpur
CUST009466,Central,Nagpur
CUST009467,North,Delhi NCR
CUST009468,Central,Nagpur
CUST009469,West,Mumbai
CUST009470,Central,Nagpur
CUST009471,West,Mumbai
CUST009472,Central,Nagpur
CUST009473,South,Bengaluru
CUST009474,North,Delhi NCR
CUST009475,North,Delhi NCR
CUST009476,South,Bengaluru
CUST009477,South,Bengaluru
CUST009478,East,Kolkata
CUST009479,North,Delhi NCR
CUST009480,North,Delhi NCR
CUST009481,East,Kolkata
CUST009482,West,Mumbai
CUST009483,North,Delhi NCR
CUST009484,East,Kolkata
CUST009485,West,Mumbai
CUST009486,West,Mumbai
CUST009487,North,Delhi NCR
CUST009488,West,Mumbai
CUST009489,North,Delhi NCR
CUST009490,South,Bengaluru
CUST009491,South,Bengaluru
CUST009492,Central,Nagpur
CUST009493,North,Delhi NCR
CUST009494,West,Mumbai
CUST009495,Central,Nagpur
CUST009496,Central,Nagpur
CUST009497,South,Bengaluru
CUST009498,North,Delhi NCR
CUST009499,South,Bengaluru
CUST009500,West,Mumbai
CUST009501,North,Delhi NCR
CUST009502,West,Mumbai
CUST009503,South,Bengaluru
CUST009504,West,Mumbai
CUST009505,West,Mumbai
CUST009506,East,Kolkata
CUST009507,West,Mumbai
CUST009508,Central,Nagpur
CUST009509,South,Bengaluru
CUST009510,East,Kolkata
CUST009511,West,Mumbai
CUST009512,Central,Nagpur
CUST009513,East,Kolkata
CUST009514,South,Bengaluru
CUST009515,Central,Nagpur
CUST009516,Central,Nagpur
CUST009517,East,Kolkata
CUST009518,North,Delhi NCR
CUST009519,South,Bengaluru
CUST009520,East,Kolkata
CUST009521,West,Mumbai
CUST009522,West,Mumbai
CUST009523,Central,Nagpur
CUST009524,North,Delhi NCR
CUST009525,East,Kolkata
CUST009526,West,Mumbai
CUST009527,Central,Nagpur
CUST009528,North,Delhi NCR
CUST009529,Central,Nagpur
CUST009530,North,Delhi NCR
CUST009531,North,Delhi NCR
CUST009532,Central,Nagpur
CUST009533,West,Mumbai
CUST009534,Central,Nagpur
CUST009535,West,Mumbai
CUST009536,West,Mumbai
CUST009537,East,Kolkata
CUST009538,East,Kolkata
CUST009539,East,Kolkata
CUST009540,South,Bengaluru
CUST009541,Central,Nagpur
CUST009542,South,Bengaluru
CUST009543,West,Mumbai
CUST009544,West,Mumbai
CUST009545,East,Kolkata
CUST009546,West,Mumbai
CUST009547,North,Delhi NCR
CUST009548,South,Bengaluru
CUST009549,East,Kolkata
CUST009550,South,Bengaluru
CUST009551,Central,Nagpur
CUST009552,Central,Nagpur
CUST009553,West,Mumbai
CUST009554,South,Bengaluru
CUST009555,North,Delhi NCR
CUST009556,West,Mumbai
CUST009557,Central,Nagpur
CUST009558,East,Kolkata
CUST009559,Central,Nagpur
CUST009560,Central,Nagpur
CUST009561,East,Kolkata
CUST009562,South,Bengaluru
CUST009563,North,Delhi NCR
CUST009564,West,Mumbai
CUST009565,East,Kolkata
CUST009566,North,Delhi NCR
CUST009567,North,Delhi NCR
CUST009568,Central,Nagpur
CUST009569,South,Bengaluru
CUST009570,South,Bengaluru
CUST009571,West,Mumbai
CUST009572,South,Bengaluru
CUST009573,Central,Nagpur
CUST009574,West,Mumbai
CUST009575,South,Bengaluru
CUST009576,South,Bengaluru
CUST009577,Central,Nagpur
CUST009578,East,Kolkata
CUST009579,Central,Nagpur
CUST009580,South,Bengaluru
CUST009581,North,Delhi NCR
CUST009582,Central,Nagpur
CUST009583,South,Bengaluru
CUST009584,Central,Nagpur
CUST009585,West,Mumbai
CUST009586,South,Bengaluru
CUST009587,West,Mumbai
CUST009588,North,Delhi NCR
CUST009589,South,Bengaluru
CUST009590,South,Bengaluru
CUST009591,West,Mumbai
CUST009592,East,Kolkata
CUST009593,West,Mumbai
CUST009594,East,Kolkata
CUST009595,West,Mumbai
CUST009596,North,Delhi NCR
CUST009597,West,Mumbai
CUST009598,North,Delhi NCR
CUST009599,North,Delhi NCR
CUST009600,West,Mumbai
CUST009601,North,Delhi NCR
CUST009602,West,Mumbai
CUST009603,North,Delhi NCR
CUST009604,North,Delhi NCR
CUST009605,Central,Nagpur
CUST009606,North,Delhi NCR
CUST009607,Central,Nagpur
CUST009608,South,Bengaluru
CUST009609,West,Mumbai
CUST009610,Central,Nagpur
CUST009611,North,Delhi NCR
CUST009612,South,Bengaluru
CUST009613,East,Kolkata
CUST009614,Central,Nagpur
CUST009615,North,Delhi NCR
CUST009616,North,Delhi NCR
CUST009617,South,Bengaluru
CUST009618,South,Bengaluru
CUST009619,South,Bengaluru
CUST009620,North,Delhi NCR
CUST009621,Central,Nagpur
CUST009622,West,Mumbai
CUST009623,North,Delhi NCR
CUST009624,East,Kolkata
CUST009625,West,Mumbai
CUST009626,West,Mumbai
CUST009627,Central,Nagpur
CUST009628,West,Mumbai
CUST009629,West,Mumbai
CUST009630,North,Delhi NCR
CUST009631,North,Delhi NCR
CUST009632,West,Mumbai
CUST009633,Central,Nagpur
CUST009634,South,Bengaluru
CUST009635,West,Mumbai
CUST009636,South,Bengaluru
CUST009637,East,Kolkata
CUST009638,West,Mumbai
CUST009639,West,Mumbai
CUST009640,North,Delhi NCR
CUST009641,Central,Nagpur
CUST009642,Central,Nagpur
CUST009643,East,Kolkata
CUST009644,South,Bengaluru
CUST009645,East,Kolkata
CUST009646,Central,Nagpur
CUST009647,East,Kolkata
CUST009648,North,Delhi NCR
CUST009649,North,Delhi NCR
CUST009650,Central,Nagpur
CUST009651,West,Mumbai
CUST009652,West,Mumbai
CUST009653,North,Delhi NCR
CUST009654,North,Delhi NCR
CUST009655,South,Bengaluru
CUST009656,South,Bengaluru
CUST009657,South,Bengaluru
CUST009658,East,Kolkata
CUST009659,South,Bengaluru
CUST009660,North,Delhi NCR
CUST009661,East,Kolkata
CUST009662,West,Mumbai
CUST009663,West,Mumbai
CUST009664,South,Bengaluru
CUST009665,South,Bengaluru
CUST009666,East,Kolkata
CUST009667,North,Delhi NCR
CUST009668,Central,Nagpur
CUST009669,Central,Nagpur
CUST009670,North,Delhi NCR
CUST009671,Central,Nagpur
CUST009672,North,Delhi NCR
CUST009673,East,Kolkata
CUST009674,West,Mumbai
CUST009675,South,Bengaluru
CUST009676,South,Bengaluru
CUST009677,North,Delhi NCR
CUST009678,West,Mumbai
CUST009679,North,Delhi NCR
CUST009680,East,Kolkata
CUST009681,South,Bengaluru
CUST009682,Central,Nagpur
CUST009683,Central,Nagpur
CUST009684,Central,Nagpur
CUST009685,West,Mumbai
CUST009686,East,Kolkata
CUST009687,South,Bengaluru
CUST009688,North,Delhi NCR
CUST009689,Central,Nagpur
CUST009690,South,Bengaluru
CUST009691,East,Kolkata
CUST009692,North,Delhi NCR
CUST009693,South,Bengaluru
CUST009694,West,Mumbai
CUST009695,East,Kolkata
CUST009696,East,Kolkata
CUST009697,South,Bengaluru
CUST009698,North,Delhi NCR
CUST009699,Central,Nagpur
CUST009700,East,Kolkata
CUST009701,South,Bengaluru
CUST009702,South,Bengaluru
CUST009703,West,Mumbai
CUST009704,East,Kolkata
CUST009705,South,Bengaluru
CUST009706,Central,Nagpur
CUST009707,Central,Nagpur
CUST009708,North,Delhi NCR
CUST009709,West,Mumbai
CUST009710,Central,Nagpur
CUST009711,East,Kolkata
CUST009712,North,Delhi NCR
CUST009713,North,Delhi NCR
CUST009714,West,Mumbai
CUST009715,Central,Nagpur
CUST009716,North,Delhi NCR
CUST009717,East,Kolkata
CUST009718,East,Kolkata
CUST009719,South,Bengaluru
CUST009720,West,Mumbai
CUST009721,Central,Nagpur
CUST009722,South,Bengaluru
CUST009723,North,Delhi NCR
CUST009724,South,Bengaluru
CUST009725,South,Bengaluru
CUST009726,West,Mumbai
CUST009727,East,Kolkata
CUST009728,North,Delhi NCR
CUST009729,South,Bengaluru
CUST009730,West,Mumbai
CUST009731,East,Kolkata
CUST009732,East,Kolkata
CUST009733,South,Bengaluru
CUST009734,South,Bengaluru
CUST009735,North,Delhi NCR
CUST009736,North,Delhi NCR
CUST009737,North,Delhi NCR
CUST009738,West,Mumbai
CUST009739,North,Delhi NCR
CUST009740,East,Kolkata
CUST009741,Central,Nagpur
CUST009742,West,Mumbai
CUST009743,East,Kolkata
CUST009744,North,Delhi NCR
CUST009745,East,Kolkata
CUST009746,Central,Nagpur
CUST009747,South,Bengaluru
CUST009748,Central,Nagpur
CUST009749,West,Mumbai
CUST009750,South,Bengaluru
CUST009751,North,Delhi NCR
CUST009752,North,Delhi NCR
CUST009753,South,Bengaluru
CUST009754,South,Bengaluru
CUST009755,West,Mumbai
CUST009756,East,Kolkata
CUST009757,East,Kolkata
CUST009758,West,Mumbai
CUST009759,West,Mumbai
CUST009760,West,Mumbai
CUST009761,Central,Nagpur
CUST009762,South,Bengaluru
CUST009763,Central,Nagpur
CUST009764,East,Kolkata
CUST009765,North,Delhi NCR
CUST009766,North,Delhi NCR
CUST009767,North,Delhi NCR
CUST009768,Central,Nagpur
CUST009769,North,Delhi NCR
CUST009770,Central,Nagpur
CUST009771,West,Mumbai
CUST009772,East,Kolkata
CUST009773,Central,Nagpur
CUST009774,Central,Nagpur
CUST009775,Central,Nagpur
CUST009776,East,Kolkata
CUST009777,South,Bengaluru
CUST009778,North,Delhi NCR
CUST009779,Central,Nagpur
CUST009780,Central,Nagpur
CUST009781,East,Kolkata
CUST009782,North,Delhi NCR
CUST009783,Central,Nagpur
CUST009784,South,Bengaluru
CUST009785,East,Kolkata
CUST009786,West,Mumbai
CUST009787,North,Delhi NCR
CUST009788,North,Delhi NCR
CUST009789,North,Delhi NCR
CUST009790,Central,Nagpur
CUST009791,Central,Nagpur
CUST009792,East,Kolkata
CUST009793,East,Kolkata
CUST009794,East,Kolkata
CUST009795,South,Bengaluru
CUST009796,East,Kolkata
CUST009797,South,Bengaluru
CUST009798,West,Mumbai
CUST009799,South,Bengaluru
CUST009800,West,Mumbai
CUST009801,Central,Nagpur
CUST009802,South,Bengaluru
CUST009803,North,Delhi NCR
CUST009804,East,Kolkata
CUST009805,North,Delhi NCR
CUST009806,South,Bengaluru
CUST009807,West,Mumbai
CUST009808,East,Kolkata
CUST009809,East,Kolkata
CUST009810,West,Mumbai
CUST009811,North,Delhi NCR
CUST009812,East,Kolkata
CUST009813,North,Delhi NCR
CUST009814,East,Kolkata
CUST009815,South,Bengaluru
CUST009816,Central,Nagpur
CUST009817,South,Bengaluru
CUST009818,South,Bengaluru
CUST009819,North,Delhi NCR
CUST009820,North,Delhi NCR
CUST009821,South,Bengaluru
CUST009822,South,Bengaluru
CUST009823,West,Mumbai
CUST009824,Central,Nagpur
CUST009825,Central,Nagpur
CUST009826,Central,Nagpur
CUST009827,Central,Nagpur
CUST009828,East,Kolkata
CUST009829,South,Bengaluru
CUST009830,West,Mumbai
CUST009831,South,Bengaluru
CUST009832,West,Mumbai
CUST009833,Central,Nagpur
CUST009834,North,Delhi NCR
CUST009835,West,Mumbai
CUST009836,Central,Nagpur
CUST009837,East,Kolkata
CUST009838,South,Bengaluru
CUST009839,South,Bengaluru
CUST009840,North,Delhi NCR
CUST009841,South,Bengaluru
CUST009842,West,Mumbai
CUST009843,East,Kolkata
CUST009844,South,Bengaluru
CUST009845,East,Kolkata
CUST009846,Central,Nagpur
CUST009847,North,Delhi NCR
CUST009848,North,Delhi NCR
CUST009849,Central,Nagpur
CUST009850,West,Mumbai
CUST009851,East,Kolkata
CUST009852,Central,Nagpur
CUST009853,East,Kolkata
CUST009854,East,Kolkata
CUST009855,South,Bengaluru
CUST009856,Central,Nagpur
CUST009857,West,Mumbai
CUST009858,South,Bengaluru
CUST009859,West,Mumbai
CUST009860,West,Mumbai
CUST009861,North,Delhi NCR
CUST009862,North,Delhi NCR
CUST009863,East,Kolkata
CUST009864,West,Mumbai
CUST009865,West,Mumbai
CUST009866,South,Bengaluru
CUST009867,Central,Nagpur
CUST009868,East,Kolkata
CUST009869,South,Bengaluru
CUST009870,North,Delhi NCR
CUST009871,Central,Nagpur
CUST009872,West,Mumbai
CUST009873,East,Kolkata
CUST009874,South,Bengaluru
CUST009875,North,Delhi NCR
CUST009876,North,Delhi NCR
CUST009877,North,Delhi NCR
CUST009878,East,Kolkata
CUST009879,North,Delhi NCR
CUST009880,North,Delhi NCR
CUST009881,South,Bengaluru
CUST009882,West,Mumbai
CUST009883,East,Kolkata
CUST009884,North,Delhi NCR
CUST009885,West,Mumbai
CUST009886,East,Kolkata
CUST009887,North,Delhi NCR
CUST009888,West,Mumbai
CUST009889,Central,Nagpur
CUST009890,East,Kolkata
CUST009891,North,Delhi NCR
CUST009892,South,Bengaluru
CUST009893,East,Kolkata
CUST009894,Central,Nagpur
CUST009895,Central,Nagpur
CUST009896,Central,Nagpur
CUST009897,Central,Nagpur
CUST009898,East,Kolkata
CUST009899,West,Mumbai
CUST009900,West,Mumbai
CUST009901,West,Mumbai
CUST009902,West,Mumbai
CUST009903,North,Delhi NCR
CUST009904,Central,Nagpur
CUST009905,North,Delhi NCR
CUST009906,East,Kolkata
CUST009907,East,Kolkata
CUST009908,Central,Nagpur
CUST009909,North,Delhi NCR
CUST009910,East,Kolkata
CUST009911,South,Bengaluru
CUST009912,North,Delhi NCR
CUST009913,South,Bengaluru
CUST009914,East,Kolkata
CUST009915,Central,Nagpur
CUST009916,South,Bengaluru
CUST009917,Central,Nagpur
CUST009918,West,Mumbai
CUST009919,Central,Nagpur
CUST009920,Central,Nagpur
CUST009921,West,Mumbai
CUST009922,West,Mumbai
CUST009923,North,Delhi NCR
CUST009924,West,Mumbai
CUST009925,North,Delhi NCR
CUST009926,West,Mumbai
CUST009927,West,Mumbai
CUST009928,West,Mumbai
CUST009929,West,Mumbai
CUST009930,South,Bengaluru
CUST009931,South,Bengaluru
CUST009932,East,Kolkata
CUST009933,East,Kolkata
CUST009934,South,Bengaluru
CUST009935,East,Kolkata
CUST009936,East,Kolkata
CUST009937,South,Bengaluru
CUST009938,West,Mumbai
CUST009939,South,Bengaluru
CUST009940,South,Bengaluru
CUST009941,East,Kolkata
CUST009942,North,Delhi NCR
CUST009943,West,Mumbai
CUST009944,West,Mumbai
CUST009945,Central,Nagpur
CUST009946,South,Bengaluru
CUST009947,East,Kolkata
CUST009948,East,Kolkata
CUST009949,West,Mumbai
CUST009950,West,Mumbai
CUST009951,Central,Nagpur
CUST009952,Central,Nagpur
CUST009953,North,Delhi NCR
CUST009954,South,Bengaluru
CUST009955,West,Mumbai
CUST009956,East,Kolkata
CUST009957,East,Kolkata
CUST009958,North,Delhi NCR
CUST009959,East,Kolkata
CUST009960,West,Mumbai
CUST009961,North,Delhi NCR
CUST009962,East,Kolkata
CUST009963,Central,Nagpur
CUST009964,East,Kolkata
CUST009965,Central,Nagpur
CUST009966,South,Bengaluru
CUST009967,North,Delhi NCR
CUST009968,West,Mumbai
CUST009969,South,Bengaluru
CUST009970,North,Delhi NCR
CUST009971,North,Delhi NCR
CUST009972,Central,Nagpur
CUST009973,West,Mumbai
CUST009974,South,Bengaluru
CUST009975,East,Kolkata
CUST009976,South,Bengaluru
CUST009977,North,Delhi NCR
CUST009978,Central,Nagpur
CUST009979,Central,Nagpur
CUST009980,South,Bengaluru
CUST009981,South,Bengaluru
CUST009982,Central,Nagpur
CUST009983,East,Kolkata
CUST009984,South,Bengaluru
CUST009985,South,Bengaluru
CUST009986,East,Kolkata
CUST009987,East,Kolkata
CUST009988,North,Delhi NCR
CUST009989,East,Kolkata
CUST009990,East,Kolkata
CUST009991,South,Bengaluru
CUST009992,South,Bengaluru
CUST009993,East,Kolkata
CUST009994,South,Bengaluru
CUST009995,Central,Nagpur
CUST009996,East,Kolkata
CUST009997,East,Kolkata
CUST009998,South,Bengaluru
CUST009999,Central,Nagpur
CUST010000,North,Delhi NCR
CUST010001,East,Kolkata
CUST010002,North,Delhi NCR
CUST010003,West,Mumbai
CUST010004,South,Bengaluru
CUST010005,South,Bengaluru
CUST010006,North,Delhi NCR
CUST010007,West,Mumbai
CUST010008,South,Bengaluru
CUST010009,South,Bengaluru
CUST010010,Central,Nagpur
CUST010011,North,Delhi NCR
CUST010012,East,Kolkata
CUST010013,North,Delhi NCR
CUST010014,North,Delhi NCR
CUST010015,North,Delhi NCR
CUST010016,North,Delhi NCR
CUST010017,Central,Nagpur
CUST010018,East,Kolkata
CUST010019,Central,Nagpur
CUST010020,South,Bengaluru
CUST010021,West,Mumbai
CUST010022,North,Delhi NCR
CUST010023,North,Delhi NCR
CUST010024,North,Delhi NCR
CUST010025,Central,Nagpur
CUST010026,West,Mumbai
CUST010027,West,Mumbai
CUST010028,Central,Nagpur
CUST010029,South,Bengaluru
CUST010030,West,Mumbai
CUST010031,East,Kolkata
CUST010032,East,Kolkata
CUST010033,West,Mumbai
CUST010034,East,Kolkata
CUST010035,North,Delhi NCR
CUST010036,North,Delhi NCR
CUST010037,East,Kolkata
CUST010038,East,Kolkata
CUST010039,West,Mumbai
CUST010040,East,Kolkata
CUST010041,North,Delhi NCR
CUST010042,South,Bengaluru
CUST010043,East,Kolkata
CUST010044,Central,Nagpur
CUST010045,East,Kolkata
CUST010046,West,Mumbai
CUST010047,West,Mumbai
CUST010048,South,Bengaluru
CUST010049,Central,Nagpur
CUST010050,West,Mumbai
CUST010051,Central,Nagpur
CUST010052,West,Mumbai
CUST010053,West,Mumbai
CUST010054,North,Delhi NCR
CUST010055,East,Kolkata
CUST010056,North,Delhi NCR
CUST010057,West,Mumbai
CUST010058,West,Mumbai
CUST010059,East,Kolkata
CUST010060,South,Bengaluru
CUST010061,North,Delhi NCR
CUST010062,West,Mumbai
CUST010063,West,Mumbai
CUST010064,East,Kolkata
CUST010065,West,Mumbai
CUST010066,West,Mumbai
CUST010067,East,Kolkata
CUST010068,North,Delhi NCR
CUST010069,Central,Nagpur
CUST010070,East,Kolkata
CUST010071,West,Mumbai
CUST010072,Central,Nagpur
CUST010073,South,Bengaluru
CUST010074,West,Mumbai
CUST010075,North,Delhi NCR
CUST010076,Central,Nagpur
CUST010077,North,Delhi NCR
CUST010078,East,Kolkata
CUST010079,South,Bengaluru
CUST010080,North,Delhi NCR
CUST010081,East,Kolkata
CUST010082,Central,Nagpur
CUST010083,North,Delhi NCR
CUST010084,South,Bengaluru
CUST010085,North,Delhi NCR
CUST010086,North,Delhi NCR
CUST010087,South,Bengaluru
CUST010088,East,Kolkata
CUST010089,West,Mumbai
CUST010090,West,Mumbai
CUST010091,West,Mumbai
CUST010092,West,Mumbai
CUST010093,South,Bengaluru
CUST010094,Central,Nagpur
CUST010095,North,Delhi NCR
CUST010096,West,Mumbai
CUST010097,North,Delhi NCR
CUST010098,West,Mumbai
CUST010099,North,Delhi NCR
CUST010100,South,Bengaluru
CUST010101,South,Bengaluru
CUST010102,West,Mumbai
CUST010103,North,Delhi NCR
CUST010104,South,Bengaluru
CUST010105,South,Bengaluru
CUST010106,West,Mumbai
CUST010107,Central,Nagpur
CUST010108,West,Mumbai
CUST010109,East,Kolkata
CUST010110,South,Bengaluru
CUST010111,Central,Nagpur
CUST010112,North,Delhi NCR
CUST010113,North,Delhi NCR
CUST010114,South,Bengaluru
CUST010115,South,Bengaluru
CUST010116,East,Kolkata
CUST010117,Central,Nagpur
CUST010118,West,Mumbai
CUST010119,South,Bengaluru
CUST010120,South,Bengaluru
CUST010121,West,Mumbai
CUST010122,South,Bengaluru
CUST010123,Central,Nagpur
CUST010124,East,Kolkata
CUST010125,East,Kolkata
CUST010126,Central,Nagpur
CUST010127,South,Bengaluru
CUST010128,East,Kolkata
CUST010129,East,Kolkata
CUST010130,South,Bengaluru
CUST010131,North,Delhi NCR
CUST010132,South,Bengaluru
CUST010133,North,Delhi NCR
CUST010134,West,Mumbai
CUST010135,North,Delhi NCR
CUST010136,South,Bengaluru
CUST010137,Central,Nagpur
CUST010138,East,Kolkata
CUST010139,West,Mumbai
CUST010140,West,Mumbai
CUST010141,South,Bengaluru
CUST010142,West,Mumbai
CUST010143,South,Bengaluru
CUST010144,West,Mumbai
CUST010145,West,Mumbai
CUST010146,Central,Nagpur
CUST010147,Central,Nagpur
CUST010148,North,Delhi NCR
CUST010149,South,Bengaluru
CUST010150,East,Kolkata
CUST010151,South,Bengaluru
CUST010152,West,Mumbai
CUST010153,Central,Nagpur
CUST010154,South,Bengaluru
CUST010155,Central,Nagpur
CUST010156,Central,Nagpur
CUST010157,Central,Nagpur
CUST010158,North,Delhi NCR
CUST010159,South,Bengaluru
CUST010160,North,Delhi NCR
CUST010161,North,Delhi NCR
CUST010162,North,Delhi NCR
CUST010163,East,Kolkata
CUST010164,North,Delhi NCR
CUST010165,South,Bengaluru
CUST010166,Central,Nagpur
CUST010167,Central,Nagpur
CUST010168,Central,Nagpur
CUST010169,North,Delhi NCR
CUST010170,West,Mumbai
CUST010171,West,Mumbai
CUST010172,North,Delhi NCR
CUST010173,Central,Nagpur
CUST010174,East,Kolkata
CUST010175,Central,Nagpur
CUST010176,North,Delhi NCR
CUST010177,West,Mumbai
CUST010178,North,Delhi NCR
CUST010179,Central,Nagpur
CUST010180,West,Mumbai
CUST010181,North,Delhi NCR
CUST010182,South,Bengaluru
CUST010183,South,Bengaluru
CUST010184,North,Delhi NCR
CUST010185,North,Delhi NCR
CUST010186,Central,Nagpur
CUST010187,Central,Nagpur
CUST010188,East,Kolkata
CUST010189,Central,Nagpur
CUST010190,West,Mumbai
CUST010191,North,Delhi NCR
CUST010192,West,Mumbai
CUST010193,North,Delhi NCR
CUST010194,Central,Nagpur
CUST010195,South,Bengaluru
CUST010196,North,Delhi NCR
CUST010197,South,Bengaluru
CUST010198,West,Mumbai
CUST010199,Central,Nagpur
CUST010200,East,Kolkata
CUST010201,North,Delhi NCR
CUST010202,Central,Nagpur
CUST010203,West,Mumbai
CUST010204,East,Kolkata
CUST010205,East,Kolkata
CUST010206,Central,Nagpur
CUST010207,South,Bengaluru
CUST010208,North,Delhi NCR
CUST010209,North,Delhi NCR
CUST010210,West,Mumbai
CUST010211,Central,Nagpur
CUST010212,West,Mumbai
CUST010213,West,Mumbai
CUST010214,South,Bengaluru
CUST010215,East,Kolkata
CUST010216,North,Delhi NCR
CUST010217,South,Bengaluru
CUST010218,West,Mumbai
CUST010219,Central,Nagpur
CUST010220,Central,Nagpur
CUST010221,Central,Nagpur
CUST010222,North,Delhi NCR
CUST010223,Central,Nagpur
CUST010224,South,Bengaluru
CUST010225,West,Mumbai
CUST010226,Central,Nagpur
CUST010227,Central,Nagpur
CUST010228,West,Mumbai
CUST010229,South,Bengaluru
CUST010230,East,Kolkata
CUST010231,West,Mumbai
CUST010232,East,Kolkata
CUST010233,East,Kolkata
CUST010234,East,Kolkata
CUST010235,East,Kolkata
CUST010236,North,Delhi NCR
CUST010237,Central,Nagpur
CUST010238,North,Delhi NCR
CUST010239,Central,Nagpur
CUST010240,North,Delhi NCR
CUST010241,East,Kolkata
CUST010242,East,Kolkata
CUST010243,East,Kolkata
CUST010244,East,Kolkata
CUST010245,Central,Nagpur
CUST010246,North,Delhi NCR
CUST010247,Central,Nagpur
CUST010248,West,Mumbai
CUST010249,West,Mumbai
CUST010250,North,Delhi NCR
CUST010251,North,Delhi NCR
CUST010252,South,Bengaluru
CUST010253,South,Bengaluru
CUST010254,West,Mumbai
CUST010255,Central,Nagpur
CUST010256,East,Kolkata
CUST010257,West,Mumbai
CUST010258,North,Delhi NCR
CUST010259,West,Mumbai
CUST010260,North,Delhi NCR
CUST010261,West,Mumbai
CUST010262,South,Bengaluru
CUST010263,East,Kolkata
CUST010264,South,Bengaluru
CUST010265,East,Kolkata
CUST010266,Central,Nagpur
CUST010267,Central,Nagpur
CUST010268,South,Bengaluru
CUST010269,South,Bengaluru
CUST010270,East,Kolkata
CUST010271,West,Mumbai
CUST010272,North,Delhi NCR
CUST010273,West,Mumbai
CUST010274,Central,Nagpur
CUST010275,Central,Nagpur
CUST010276,East,Kolkata
CUST010277,South,Bengaluru
CUST010278,South,Bengaluru
CUST010279,West,Mumbai
CUST010280,East,Kolkata
CUST010281,North,Delhi NCR
CUST010282,West,Mumbai
CUST010283,North,Delhi NCR
CUST010284,Central,Nagpur
CUST010285,East,Kolkata
CUST010286,South,Bengaluru
CUST010287,North,Delhi NCR
CUST010288,North,Delhi NCR
CUST010289,Central,Nagpur
CUST010290,East,Kolkata
CUST010291,Central,Nagpur
CUST010292,Central,Nagpur
CUST010293,North,Delhi NCR
CUST010294,South,Bengaluru
CUST010295,Central,Nagpur
CUST010296,East,Kolkata
CUST010297,East,Kolkata
CUST010298,East,Kolkata
CUST010299,West,Mumbai
CUST010300,Central,Nagpur
CUST010301,Central,Nagpur
CUST010302,West,Mumbai
CUST010303,East,Kolkata
CUST010304,South,Bengaluru
CUST010305,North,Delhi NCR
CUST010306,West,Mumbai
CUST010307,North,Delhi NCR
CUST010308,West,Mumbai
CUST010309,East,Kolkata
CUST010310,West,Mumbai
CUST010311,Central,Nagpur
CUST010312,East,Kolkata
CUST010313,East,Kolkata
CUST010314,East,Kolkata
CUST010315,South,Bengaluru
CUST010316,North,Delhi NCR
CUST010317,North,Delhi NCR
CUST010318,West,Mumbai
CUST010319,Central,Nagpur
CUST010320,North,Delhi NCR
CUST010321,South,Bengaluru
CUST010322,West,Mumbai
CUST010323,West,Mumbai
CUST010324,West,Mumbai
CUST010325,West,Mumbai
CUST010326,North,Delhi NCR
CUST010327,South,Bengaluru
CUST010328,East,Kolkata
CUST010329,North,Delhi NCR
CUST010330,South,Bengaluru
CUST010331,South,Bengaluru
CUST010332,Central,Nagpur
CUST010333,South,Bengaluru
CUST010334,Central,Nagpur
CUST010335,West,Mumbai
CUST010336,West,Mumbai
CUST010337,Central,Nagpur
CUST010338,Central,Nagpur
CUST010339,South,Bengaluru
CUST010340,East,Kolkata
CUST010341,East,Kolkata
CUST010342,Central,Nagpur
CUST010343,North,Delhi NCR
CUST010344,East,Kolkata
CUST010345,South,Bengaluru
CUST010346,South,Bengaluru
CUST010347,West,Mumbai
CUST010348,South,Bengaluru
CUST010349,West,Mumbai
CUST010350,Central,Nagpur
CUST010351,West,Mumbai
CUST010352,North,Delhi NCR
CUST010353,North,Delhi NCR
CUST010354,East,Kolkata
CUST010355,East,Kolkata
CUST010356,West,Mumbai
CUST010357,East,Kolkata
CUST010358,North,Delhi NCR
CUST010359,Central,Nagpur
CUST010360,Central,Nagpur
CUST010361,West,Mumbai
CUST010362,West,Mumbai
CUST010363,Central,Nagpur
CUST010364,East,Kolkata
CUST010365,North,Delhi NCR
CUST010366,West,Mumbai
CUST010367,East,Kolkata
CUST010368,West,Mumbai
CUST010369,West,Mumbai
CUST010370,East,Kolkata
CUST010371,South,Bengaluru
CUST010372,East,Kolkata
CUST010373,West,Mumbai
CUST010374,West,Mumbai
CUST010375,East,Kolkata
CUST010376,East,Kolkata
CUST010377,Central,Nagpur
CUST010378,South,Bengaluru
CUST010379,North,Delhi NCR
CUST010380,West,Mumbai
CUST010381,Central,Nagpur
CUST010382,West,Mumbai
CUST010383,East,Kolkata
CUST010384,South,Bengaluru
CUST010385,East,Kolkata
CUST010386,North,Delhi NCR
CUST010387,East,Kolkata
CUST010388,South,Bengaluru
CUST010389,South,Bengaluru
CUST010390,East,Kolkata
CUST010391,Central,Nagpur
CUST010392,South,Bengaluru
CUST010393,Central,Nagpur
CUST010394,East,Kolkata
CUST010395,Central,Nagpur
CUST010396,South,Bengaluru
CUST010397,Central,Nagpur
CUST010398,West,Mumbai
CUST010399,West,Mumbai
CUST010400,East,Kolkata
CUST010401,East,Kolkata
CUST010402,East,Kolkata
CUST010403,Central,Nagpur
CUST010404,West,Mumbai
CUST010405,North,Delhi NCR
CUST010406,West,Mumbai
CUST010407,Central,Nagpur
CUST010408,West,Mumbai
CUST010409,East,Kolkata
CUST010410,South,Bengaluru
CUST010411,West,Mumbai
CUST010412,West,Mumbai
CUST010413,South,Bengaluru
CUST010414,East,Kolkata
CUST010415,South,Bengaluru
CUST010416,North,Delhi NCR
CUST010417,North,Delhi NCR
CUST010418,North,Delhi NCR
CUST010419,East,Kolkata
CUST010420,East,Kolkata
CUST010421,East,Kolkata
CUST010422,Central,Nagpur
CUST010423,South,Bengaluru
CUST010424,South,Bengaluru
CUST010425,South,Bengaluru
CUST010426,South,Bengaluru
CUST010427,East,Kolkata
CUST010428,South,Bengaluru
CUST010429,South,Bengaluru
CUST010430,West,Mumbai
CUST010431,Central,Nagpur
CUST010432,South,Bengaluru
CUST010433,North,Delhi NCR
CUST010434,South,Bengaluru
CUST010435,East,Kolkata
CUST010436,Central,Nagpur
CUST010437,North,Delhi NCR
CUST010438,North,Delhi NCR
CUST010439,East,Kolkata
CUST010440,Central,Nagpur
CUST010441,East,Kolkata
CUST010442,Central,Nagpur
CUST010443,West,Mumbai
CUST010444,North,Delhi NCR
CUST010445,East,Kolkata
CUST010446,West,Mumbai
CUST010447,East,Kolkata
CUST010448,North,Delhi NCR
CUST010449,North,Delhi NCR
CUST010450,West,Mumbai
CUST010451,East,Kolkata
CUST010452,East,Kolkata
CUST010453,South,Bengaluru
CUST010454,South,Bengaluru
CUST010455,West,Mumbai
CUST010456,North,Delhi NCR
CUST010457,East,Kolkata
CUST010458,South,Bengaluru
CUST010459,West,Mumbai
CUST010460,West,Mumbai
CUST010461,East,Kolkata
CUST010462,South,Bengaluru
CUST010463,South,Bengaluru
CUST010464,South,Bengaluru
CUST010465,South,Bengaluru
CUST010466,West,Mumbai
CUST010467,North,Delhi NCR
CUST010468,North,Delhi NCR
CUST010469,East,Kolkata
CUST010470,South,Bengaluru
CUST010471,Central,Nagpur
CUST010472,West,Mumbai
CUST010473,West,Mumbai
CUST010474,East,Kolkata
CUST010475,East,Kolkata
CUST010476,East,Kolkata
CUST010477,North,Delhi NCR
CUST010478,East,Kolkata
CUST010479,Central,Nagpur
CUST010480,South,Bengaluru
CUST010481,North,Delhi NCR
CUST010482,East,Kolkata
CUST010483,South,Bengaluru
CUST010484,West,Mumbai
CUST010485,Central,Nagpur
CUST010486,Central,Nagpur
CUST010487,South,Bengaluru
CUST010488,Central,Nagpur
CUST010489,North,Delhi NCR
CUST010490,South,Bengaluru
CUST010491,South,Bengaluru
CUST010492,Central,Nagpur
CUST010493,West,Mumbai
CUST010494,South,Bengaluru
CUST010495,North,Delhi NCR
CUST010496,West,Mumbai
CUST010497,West,Mumbai
CUST010498,Central,Nagpur
CUST010499,East,Kolkata
CUST010500,North,Delhi NCR
CUST010501,South,Bengaluru
CUST010502,West,Mumbai
CUST010503,South,Bengaluru
CUST010504,North,Delhi NCR
CUST010505,Central,Nagpur
CUST010506,East,Kolkata
CUST010507,South,Bengaluru
CUST010508,East,Kolkata
CUST010509,West,Mumbai
CUST010510,North,Delhi NCR
CUST010511,East,Kolkata
CUST010512,South,Bengaluru
CUST010513,North,Delhi NCR
CUST010514,North,Delhi NCR
CUST010515,East,Kolkata
CUST010516,East,Kolkata
CUST010517,East,Kolkata
CUST010518,West,Mumbai
CUST010519,East,Kolkata
CUST010520,East,Kolkata
CUST010521,Central,Nagpur
CUST010522,West,Mumbai
CUST010523,Central,Nagpur
CUST010524,South,Bengaluru
CUST010525,West,Mumbai
CUST010526,West,Mumbai
CUST010527,East,Kolkata
CUST010528,North,Delhi NCR
CUST010529,East,Kolkata
CUST010530,Central,Nagpur
CUST010531,West,Mumbai
CUST010532,North,Delhi NCR
CUST010533,South,Bengaluru
CUST010534,East,Kolkata
CUST010535,Central,Nagpur
CUST010536,East,Kolkata
CUST010537,Central,Nagpur
CUST010538,West,Mumbai
CUST010539,South,Bengaluru
CUST010540,North,Delhi NCR
CUST010541,Central,Nagpur
CUST010542,East,Kolkata
CUST010543,Central,Nagpur
CUST010544,Central,Nagpur
CUST010545,East,Kolkata
CUST010546,North,Delhi NCR
CUST010547,Central,Nagpur
CUST010548,East,Kolkata
CUST010549,North,Delhi NCR
CUST010550,East,Kolkata
CUST010551,North,Delhi NCR
CUST010552,South,Bengaluru
CUST010553,South,Bengaluru
CUST010554,East,Kolkata
CUST010555,East,Kolkata
CUST010556,Central,Nagpur
CUST010557,South,Bengaluru
CUST010558,West,Mumbai
CUST010559,Central,Nagpur
CUST010560,West,Mumbai
CUST010561,South,Bengaluru
CUST010562,West,Mumbai
CUST010563,South,Bengaluru
CUST010564,East,Kolkata
CUST010565,West,Mumbai
CUST010566,South,Bengaluru
CUST010567,North,Delhi NCR
CUST010568,Central,Nagpur
CUST010569,West,Mumbai
CUST010570,North,Delhi NCR
CUST010571,South,Bengaluru
CUST010572,South,Bengaluru
CUST010573,Central,Nagpur
CUST010574,Central,Nagpur
CUST010575,West,Mumbai
CUST010576,East,Kolkata
CUST010577,North,Delhi NCR
CUST010578,South,Bengaluru
CUST010579,North,Delhi NCR
CUST010580,West,Mumbai
CUST010581,North,Delhi NCR
CUST010582,West,Mumbai
CUST010583,Central,Nagpur
CUST010584,South,Bengaluru
CUST010585,West,Mumbai
CUST010586,Central,Nagpur
CUST010587,East,Kolkata
CUST010588,East,Kolkata
CUST010589,South,Bengaluru
CUST010590,East,Kolkata
CUST010591,Central,Nagpur
CUST010592,West,Mumbai
CUST010593,South,Bengaluru
CUST010594,East,Kolkata
CUST010595,West,Mumbai
CUST010596,North,Delhi NCR
CUST010597,West,Mumbai
CUST010598,South,Bengaluru
CUST010599,South,Bengaluru
CUST010600,East,Kolkata
CUST010601,East,Kolkata
CUST010602,Central,Nagpur
CUST010603,South,Bengaluru
CUST010604,South,Bengaluru
CUST010605,South,Bengaluru
CUST010606,Central,Nagpur
CUST010607,Central,Nagpur
CUST010608,East,Kolkata
CUST010609,West,Mumbai
CUST010610,Central,Nagpur
CUST010611,Central,Nagpur
CUST010612,West,Mumbai
CUST010613,East,Kolkata
CUST010614,Central,Nagpur
CUST010615,South,Bengaluru
CUST010616,South,Bengaluru
CUST010617,West,Mumbai
CUST010618,North,Delhi NCR
CUST010619,East,Kolkata
CUST010620,Central,Nagpur
CUST010621,North,Delhi NCR
CUST010622,Central,Nagpur
CUST010623,East,Kolkata
CUST010624,Central,Nagpur
CUST010625,West,Mumbai
CUST010626,North,Delhi NCR
CUST010627,West,Mumbai
CUST010628,North,Delhi NCR
CUST010629,South,Bengaluru
CUST010630,Central,Nagpur
CUST010631,Central,Nagpur
CUST010632,North,Delhi NCR
CUST010633,South,Bengaluru
CUST010634,North,Delhi NCR
CUST010635,South,Bengaluru
CUST010636,Central,Nagpur
CUST010637,North,Delhi NCR
CUST010638,West,Mumbai
CUST010639,Central,Nagpur
CUST010640,Central,Nagpur
CUST010641,South,Bengaluru
CUST010642,West,Mumbai
CUST010643,East,Kolkata
CUST010644,North,Delhi NCR
CUST010645,South,Bengaluru
CUST010646,West,Mumbai
CUST010647,West,Mumbai
CUST010648,East,Kolkata
CUST010649,West,Mumbai
CUST010650,West,Mumbai
CUST010651,South,Bengaluru
CUST010652,South,Bengaluru
CUST010653,Central,Nagpur
CUST010654,Central,Nagpur
CUST010655,North,Delhi NCR
CUST010656,West,Mumbai
CUST010657,North,Delhi NCR
CUST010658,Central,Nagpur
CUST010659,East,Kolkata
CUST010660,West,Mumbai
CUST010661,West,Mumbai
CUST010662,West,Mumbai
CUST010663,South,Bengaluru
CUST010664,Central,Nagpur
CUST010665,East,Kolkata
CUST010666,East,Kolkata
CUST010667,South,Bengaluru
CUST010668,North,Delhi NCR
CUST010669,East,Kolkata
CUST010670,South,Bengaluru
CUST010671,West,Mumbai
CUST010672,South,Bengaluru
CUST010673,Central,Nagpur
CUST010674,West,Mumbai
CUST010675,East,Kolkata
CUST010676,West,Mumbai
CUST010677,West,Mumbai
CUST010678,West,Mumbai
CUST010679,East,Kolkata
CUST010680,Central,Nagpur
CUST010681,South,Bengaluru
CUST010682,East,Kolkata
CUST010683,South,Bengaluru
CUST010684,East,Kolkata
CUST010685,Central,Nagpur
CUST010686,West,Mumbai
CUST010687,South,Bengaluru
CUST010688,Central,Nagpur
CUST010689,West,Mumbai
CUST010690,East,Kolkata
CUST010691,North,Delhi NCR
CUST010692,East,Kolkata
CUST010693,Central,Nagpur
CUST010694,East,Kolkata
CUST010695,North,Delhi NCR
CUST010696,North,Delhi NCR
CUST010697,Central,Nagpur
CUST010698,East,Kolkata
CUST010699,West,Mumbai
CUST010700,South,Bengaluru
CUST010701,North,Delhi NCR
CUST010702,East,Kolkata
CUST010703,West,Mumbai
CUST010704,South,Bengaluru
CUST010705,West,Mumbai
CUST010706,East,Kolkata
CUST010707,South,Bengaluru
CUST010708,South,Bengaluru
CUST010709,South,Bengaluru
CUST010710,South,Bengaluru
CUST010711,West,Mumbai
CUST010712,South,Bengaluru
CUST010713,West,Mumbai
CUST010714,South,Bengaluru
CUST010715,South,Bengaluru
CUST010716,Central,Nagpur
CUST010717,Central,Nagpur
CUST010718,East,Kolkata
CUST010719,South,Bengaluru
CUST010720,West,Mumbai
CUST010721,North,Delhi NCR
CUST010722,East,Kolkata
CUST010723,East,Kolkata
CUST010724,West,Mumbai
CUST010725,North,Delhi NCR
CUST010726,North,Delhi NCR
CUST010727,South,Bengaluru
CUST010728,North,Delhi NCR
CUST010729,East,Kolkata
CUST010730,Central,Nagpur
CUST010731,South,Bengaluru
CUST010732,East,Kolkata
CUST010733,South,Bengaluru
CUST010734,North,Delhi NCR
CUST010735,West,Mumbai
CUST010736,South,Bengaluru
CUST010737,East,Kolkata
CUST010738,West,Mumbai
CUST010739,Central,Nagpur
CUST010740,North,Delhi NCR
CUST010741,East,Kolkata
CUST010742,Central,Nagpur
CUST010743,East,Kolkata
CUST010744,North,Delhi NCR
CUST010745,South,Bengaluru
CUST010746,West,Mumbai
CUST010747,West,Mumbai
CUST010748,South,Bengaluru
CUST010749,North,Delhi NCR
CUST010750,South,Bengaluru
CUST010751,South,Bengaluru
CUST010752,West,Mumbai
CUST010753,Central,Nagpur
CUST010754,North,Delhi NCR
CUST010755,West,Mumbai
CUST010756,West,Mumbai
CUST010757,West,Mumbai
CUST010758,Central,Nagpur
CUST010759,North,Delhi NCR
CUST010760,West,Mumbai
CUST010761,North,Delhi NCR
CUST010762,Central,Nagpur
CUST010763,East,Kolkata
CUST010764,North,Delhi NCR
CUST010765,West,Mumbai
CUST010766,West,Mumbai
CUST010767,East,Kolkata
CUST010768,South,Bengaluru
CUST010769,North,Delhi NCR
CUST010770,Central,Nagpur
CUST010771,North,Delhi NCR
CUST010772,Central,Nagpur
CUST010773,East,Kolkata
CUST010774,West,Mumbai
CUST010775,West,Mumbai
CUST010776,Central,Nagpur
CUST010777,North,Delhi NCR
CUST010778,Central,Nagpur
CUST010779,North,Delhi NCR
CUST010780,Central,Nagpur
CUST010781,South,Bengaluru
CUST010782,Central,Nagpur
CUST010783,North,Delhi NCR
CUST010784,East,Kolkata
CUST010785,East,Kolkata
CUST010786,Central,Nagpur
CUST010787,North,Delhi NCR
CUST010788,North,Delhi NCR
CUST010789,West,Mumbai
CUST010790,North,Delhi NCR
CUST010791,West,Mumbai
CUST010792,North,Delhi NCR
CUST010793,Central,Nagpur
CUST010794,East,Kolkata
CUST010795,Central,Nagpur
CUST010796,North,Delhi NCR
CUST010797,South,Bengaluru
CUST010798,East,Kolkata
CUST010799,North,Delhi NCR
CUST010800,North,Delhi NCR
CUST010801,South,Bengaluru
CUST010802,West,Mumbai
CUST010803,West,Mumbai
CUST010804,North,Delhi NCR
CUST010805,North,Delhi NCR
CUST010806,West,Mumbai
CUST010807,South,Bengaluru
CUST010808,West,Mumbai
CUST010809,South,Bengaluru
CUST010810,South,Bengaluru
CUST010811,South,Bengaluru
CUST010812,South,Bengaluru
CUST010813,West,Mumbai
CUST010814,East,Kolkata
CUST010815,West,Mumbai
CUST010816,North,Delhi NCR
CUST010817,East,Kolkata
CUST010818,East,Kolkata
CUST010819,Central,Nagpur
CUST010820,East,Kolkata
CUST010821,North,Delhi NCR
CUST010822,West,Mumbai
CUST010823,North,Delhi NCR
CUST010824,Central,Nagpur
CUST010825,South,Bengaluru
CUST010826,West,Mumbai
CUST010827,West,Mumbai
CUST010828,East,Kolkata
CUST010829,East,Kolkata
CUST010830,North,Delhi NCR
CUST010831,North,Delhi NCR
CUST010832,West,Mumbai
CUST010833,Central,Nagpur
CUST010834,Central,Nagpur
CUST010835,South,Bengaluru
CUST010836,South,Bengaluru
CUST010837,South,Bengaluru
CUST010838,West,Mumbai
CUST010839,West,Mumbai
CUST010840,West,Mumbai
CUST010841,Central,Nagpur
CUST010842,South,Bengaluru
CUST010843,West,Mumbai
CUST010844,East,Kolkata
CUST010845,Central,Nagpur
CUST010846,South,Bengaluru
CUST010847,North,Delhi NCR
CUST010848,South,Bengaluru
CUST010849,West,Mumbai
CUST010850,Central,Nagpur
CUST010851,Central,Nagpur
CUST010852,North,Delhi NCR
CUST010853,East,Kolkata
CUST010854,North,Delhi NCR
CUST010855,South,Bengaluru
CUST010856,Central,Nagpur
CUST010857,Central,Nagpur
CUST010858,North,Delhi NCR
CUST010859,North,Delhi NCR
CUST010860,West,Mumbai
CUST010861,East,Kolkata
CUST010862,East,Kolkata
CUST010863,Central,Nagpur
CUST010864,Central,Nagpur
CUST010865,Central,Nagpur
CUST010866,West,Mumbai
CUST010867,Central,Nagpur
CUST010868,West,Mumbai
CUST010869,Central,Nagpur
CUST010870,East,Kolkata
CUST010871,North,Delhi NCR
CUST010872,Central,Nagpur
CUST010873,Central,Nagpur
CUST010874,South,Bengaluru
CUST010875,East,Kolkata
CUST010876,East,Kolkata
CUST010877,West,Mumbai
CUST010878,West,Mumbai
CUST010879,South,Bengaluru
CUST010880,Central,Nagpur
CUST010881,Central,Nagpur
CUST010882,Central,Nagpur
CUST010883,East,Kolkata
CUST010884,North,Delhi NCR
CUST010885,Central,Nagpur
CUST010886,North,Delhi NCR
CUST010887,North,Delhi NCR
CUST010888,South,Bengaluru
CUST010889,North,Delhi NCR
CUST010890,West,Mumbai
CUST010891,East,Kolkata
CUST010892,South,Bengaluru
CUST010893,North,Delhi NCR
CUST010894,South,Bengaluru
CUST010895,West,Mumbai
CUST010896,West,Mumbai
CUST010897,South,Bengaluru
CUST010898,North,Delhi NCR
CUST010899,East,Kolkata
CUST010900,West,Mumbai
CUST010901,North,Delhi NCR
CUST010902,West,Mumbai
CUST010903,North,Delhi NCR
CUST010904,South,Bengaluru
CUST010905,West,Mumbai
CUST010906,North,Delhi NCR
CUST010907,South,Bengaluru
CUST010908,North,Delhi NCR
CUST010909,South,Bengaluru
CUST010910,West,Mumbai
CUST010911,South,Bengaluru
CUST010912,North,Delhi NCR
CUST010913,South,Bengaluru
CUST010914,North,Delhi NCR
CUST010915,West,Mumbai
CUST010916,Central,Nagpur
CUST010917,North,Delhi NCR
CUST010918,West,Mumbai
CUST010919,South,Bengaluru
CUST010920,North,Delhi NCR
CUST010921,West,Mumbai
CUST010922,South,Bengaluru
CUST010923,East,Kolkata
CUST010924,East,Kolkata
CUST010925,East,Kolkata
CUST010926,North,Delhi NCR
CUST010927,South,Bengaluru
CUST010928,West,Mumbai
CUST010929,Central,Nagpur
CUST010930,North,Delhi NCR
CUST010931,East,Kolkata
CUST010932,Central,Nagpur
CUST010933,South,Bengaluru
CUST010934,East,Kolkata
CUST010935,Central,Nagpur
CUST010936,Central,Nagpur
CUST010937,West,Mumbai
CUST010938,West,Mumbai
CUST010939,West,Mumbai
CUST010940,South,Bengaluru
CUST010941,Central,Nagpur
CUST010942,North,Delhi NCR
CUST010943,North,Delhi NCR
CUST010944,West,Mumbai
CUST010945,Central,Nagpur
CUST010946,Central,Nagpur
CUST010947,West,Mumbai
CUST010948,South,Bengaluru
CUST010949,South,Bengaluru
CUST010950,East,Kolkata
CUST010951,South,Bengaluru
CUST010952,East,Kolkata
CUST010953,North,Delhi NCR
CUST010954,South,Bengaluru
CUST010955,Central,Nagpur
CUST010956,West,Mumbai
CUST010957,North,Delhi NCR
CUST010958,South,Bengaluru
CUST010959,South,Bengaluru
CUST010960,South,Bengaluru
CUST010961,West,Mumbai
CUST010962,Central,Nagpur
CUST010963,West,Mumbai
CUST010964,East,Kolkata
CUST010965,North,Delhi NCR
CUST010966,North,Delhi NCR
CUST010967,Central,Nagpur
CUST010968,West,Mumbai
CUST010969,East,Kolkata
CUST010970,East,Kolkata
CUST010971,Central,Nagpur
CUST010972,Central,Nagpur
CUST010973,North,Delhi NCR
CUST010974,South,Bengaluru
CUST010975,North,Delhi NCR
CUST010976,South,Bengaluru
CUST010977,West,Mumbai
CUST010978,South,Bengaluru
CUST010979,North,Delhi NCR
CUST010980,East,Kolkata
CUST010981,East,Kolkata
CUST010982,West,Mumbai
CUST010983,North,Delhi NCR
CUST010984,South,Bengaluru
CUST010985,West,Mumbai
CUST010986,West,Mumbai
CUST010987,Central,Nagpur
CUST010988,Central,Nagpur
CUST010989,Central,Nagpur
CUST010990,East,Kolkata
CUST010991,Central,Nagpur
CUST010992,East,Kolkata
CUST010993,Central,Nagpur
CUST010994,South,Bengaluru
CUST010995,East,Kolkata
CUST010996,West,Mumbai
CUST010997,South,Bengaluru
CUST010998,North,Delhi NCR
CUST010999,Central,Nagpur
CUST011000,East,Kolkata
CUST011001,Central,Nagpur
CUST011002,South,Bengaluru
CUST011003,Central,Nagpur
CUST011004,West,Mumbai
CUST011005,West,Mumbai
CUST011006,West,Mumbai
CUST011007,South,Bengaluru
CUST011008,Central,Nagpur
CUST011009,Central,Nagpur
CUST011010,West,Mumbai
CUST011011,Central,Nagpur
CUST011012,Central,Nagpur
CUST011013,West,Mumbai
CUST011014,East,Kolkata
CUST011015,Central,Nagpur
CUST011016,North,Delhi NCR
CUST011017,East,Kolkata
CUST011018,Central,Nagpur
CUST011019,Central,Nagpur
CUST011020,South,Bengaluru
CUST011021,North,Delhi NCR
CUST011022,South,Bengaluru
CUST011023,Central,Nagpur
CUST011024,East,Kolkata
CUST011025,North,Delhi NCR
CUST011026,North,Delhi NCR
CUST011027,South,Bengaluru
CUST011028,South,Bengaluru
CUST011029,North,Delhi NCR
CUST011030,East,Kolkata
CUST011031,East,Kolkata
CUST011032,North,Delhi NCR
CUST011033,South,Bengaluru
CUST011034,West,Mumbai
CUST011035,Central,Nagpur
CUST011036,Central,Nagpur
CUST011037,East,Kolkata
CUST011038,North,Delhi NCR
CUST011039,Central,Nagpur
CUST011040,Central,Nagpur
CUST011041,South,Bengaluru
CUST011042,East,Kolkata
CUST011043,North,Delhi NCR
CUST011044,Central,Nagpur
CUST011045,West,Mumbai
CUST011046,North,Delhi NCR
CUST011047,West,Mumbai
CUST011048,East,Kolkata
CUST011049,East,Kolkata
CUST011050,South,Bengaluru
CUST011051,Central,Nagpur
CUST011052,East,Kolkata
CUST011053,Central,Nagpur
CUST011054,North,Delhi NCR
CUST011055,East,Kolkata
CUST011056,South,Bengaluru
CUST011057,Central,Nagpur
CUST011058,East,Kolkata
CUST011059,West,Mumbai
CUST011060,North,Delhi NCR
CUST011061,West,Mumbai
CUST011062,North,Delhi NCR
CUST011063,South,Bengaluru
CUST011064,South,Bengaluru
CUST011065,North,Delhi NCR
CUST011066,East,Kolkata
CUST011067,South,Bengaluru
CUST011068,East,Kolkata
CUST011069,West,Mumbai
CUST011070,North,Delhi NCR
CUST011071,West,Mumbai
CUST011072,South,Bengaluru
CUST011073,South,Bengaluru
CUST011074,East,Kolkata
CUST011075,West,Mumbai
CUST011076,West,Mumbai
CUST011077,North,Delhi NCR
CUST011078,East,Kolkata
CUST011079,South,Bengaluru
CUST011080,South,Bengaluru
CUST011081,Central,Nagpur
CUST011082,North,Delhi NCR
CUST011083,East,Kolkata
CUST011084,East,Kolkata
CUST011085,South,Bengaluru
CUST011086,West,Mumbai
CUST011087,East,Kolkata
CUST011088,West,Mumbai
CUST011089,South,Bengaluru
CUST011090,Central,Nagpur
CUST011091,West,Mumbai
CUST011092,South,Bengaluru
CUST011093,Central,Nagpur
CUST011094,Central,Nagpur
CUST011095,East,Kolkata
CUST011096,North,Delhi NCR
CUST011097,East,Kolkata
CUST011098,West,Mumbai
CUST011099,South,Bengaluru
CUST011100,North,Delhi NCR
CUST011101,East,Kolkata
CUST011102,Central,Nagpur
CUST011103,South,Bengaluru
CUST011104,East,Kolkata
CUST011105,North,Delhi NCR
CUST011106,West,Mumbai
CUST011107,Central,Nagpur
CUST011108,West,Mumbai
CUST011109,East,Kolkata
CUST011110,North,Delhi NCR
CUST011111,East,Kolkata
CUST011112,Central,Nagpur
CUST011113,North,Delhi NCR
CUST011114,South,Bengaluru
CUST011115,Central,Nagpur
CUST011116,East,Kolkata
CUST011117,North,Delhi NCR
CUST011118,North,Delhi NCR
CUST011119,East,Kolkata
CUST011120,East,Kolkata
CUST011121,Central,Nagpur
CUST011122,Central,Nagpur
CUST011123,East,Kolkata
CUST011124,East,Kolkata
CUST011125,Central,Nagpur
CUST011126,West,Mumbai
CUST011127,South,Bengaluru
CUST011128,West,Mumbai
CUST011129,West,Mumbai
CUST011130,South,Bengaluru
CUST011131,Central,Nagpur
CUST011132,South,Bengaluru
CUST011133,East,Kolkata
CUST011134,East,Kolkata
CUST011135,West,Mumbai
CUST011136,Central,Nagpur
CUST011137,South,Bengaluru
CUST011138,South,Bengaluru
CUST011139,West,Mumbai
CUST011140,Central,Nagpur
CUST011141,Central,Nagpur
CUST011142,West,Mumbai
CUST011143,West,Mumbai
CUST011144,West,Mumbai
CUST011145,Central,Nagpur
CUST011146,North,Delhi NCR
CUST011147,East,Kolkata
CUST011148,North,Delhi NCR
CUST011149,East,Kolkata
CUST011150,South,Bengaluru
CUST011151,South,Bengaluru
CUST011152,Central,Nagpur
CUST011153,West,Mumbai
CUST011154,East,Kolkata
CUST011155,Central,Nagpur
CUST011156,North,Delhi NCR
CUST011157,West,Mumbai
CUST011158,North,Delhi NCR
CUST011159,South,Bengaluru
CUST011160,North,Delhi NCR
CUST011161,East,Kolkata
CUST011162,West,Mumbai
CUST011163,West,Mumbai
CUST011164,East,Kolkata
CUST011165,Central,Nagpur
CUST011166,South,Bengaluru
CUST011167,North,Delhi NCR
CUST011168,North,Delhi NCR
CUST011169,North,Delhi NCR
CUST011170,East,Kolkata
CUST011171,East,Kolkata
CUST011172,Central,Nagpur
CUST011173,North,Delhi NCR
CUST011174,South,Bengaluru
CUST011175,Central,Nagpur
CUST011176,North,Delhi NCR
CUST011177,East,Kolkata
CUST011178,North,Delhi NCR
CUST011179,East,Kolkata
CUST011180,Central,Nagpur
CUST011181,South,Bengaluru
CUST011182,South,Bengaluru
CUST011183,East,Kolkata
CUST011184,West,Mumbai
CUST011185,Central,Nagpur
CUST011186,North,Delhi NCR
CUST011187,East,Kolkata
CUST011188,West,Mumbai
CUST011189,North,Delhi NCR
CUST011190,Central,Nagpur
CUST011191,South,Bengaluru
CUST011192,East,Kolkata
CUST011193,Central,Nagpur
CUST011194,West,Mumbai
CUST011195,Central,Nagpur
CUST011196,West,Mumbai
CUST011197,South,Bengaluru
CUST011198,West,Mumbai
CUST011199,West,Mumbai
CUST011200,South,Bengaluru
CUST011201,North,Delhi NCR
CUST011202,West,Mumbai
CUST011203,East,Kolkata
CUST011204,West,Mumbai
CUST011205,North,Delhi NCR
CUST011206,East,Kolkata
CUST011207,Central,Nagpur
CUST011208,Central,Nagpur
CUST011209,Central,Nagpur
CUST011210,South,Bengaluru
CUST011211,North,Delhi NCR
CUST011212,East,Kolkata
CUST011213,East,Kolkata
CUST011214,South,Bengaluru
CUST011215,North,Delhi NCR
CUST011216,North,Delhi NCR
CUST011217,South,Bengaluru
CUST011218,West,Mumbai
CUST011219,North,Delhi NCR
CUST011220,North,Delhi NCR
CUST011221,South,Bengaluru
CUST011222,Central,Nagpur
CUST011223,Central,Nagpur
CUST011224,East,Kolkata
CUST011225,North,Delhi NCR
CUST011226,North,Delhi NCR
CUST011227,Central,Nagpur
CUST011228,East,Kolkata
CUST011229,North,Delhi NCR
CUST011230,Central,Nagpur
CUST011231,East,Kolkata
CUST011232,South,Bengaluru
CUST011233,East,Kolkata
CUST011234,South,Bengaluru
CUST011235,Central,Nagpur
CUST011236,West,Mumbai
CUST011237,North,Delhi NCR
CUST011238,West,Mumbai
CUST011239,North,Delhi NCR
CUST011240,East,Kolkata
CUST011241,West,Mumbai
CUST011242,North,Delhi NCR
CUST011243,West,Mumbai
CUST011244,South,Bengaluru
CUST011245,West,Mumbai
CUST011246,East,Kolkata
CUST011247,North,Delhi NCR
CUST011248,West,Mumbai
CUST011249,South,Bengaluru
CUST011250,Central,Nagpur
CUST011251,Central,Nagpur
CUST011252,North,Delhi NCR
CUST011253,West,Mumbai
CUST011254,South,Bengaluru
CUST011255,West,Mumbai
CUST011256,East,Kolkata
CUST011257,South,Bengaluru
CUST011258,West,Mumbai
CUST011259,South,Bengaluru
CUST011260,Central,Nagpur
CUST011261,Central,Nagpur
CUST011262,North,Delhi NCR
CUST011263,West,Mumbai
CUST011264,Central,Nagpur
CUST011265,North,Delhi NCR
CUST011266,West,Mumbai
CUST011267,Central,Nagpur
CUST011268,South,Bengaluru
CUST011269,East,Kolkata
CUST011270,West,Mumbai
CUST011271,South,Bengaluru
CUST011272,South,Bengaluru
CUST011273,South,Bengaluru
CUST011274,South,Bengaluru
CUST011275,West,Mumbai
CUST011276,South,Bengaluru
CUST011277,South,Bengaluru
CUST011278,Central,Nagpur
CUST011279,East,Kolkata
CUST011280,Central,Nagpur
CUST011281,West,Mumbai
CUST011282,Central,Nagpur
CUST011283,North,Delhi NCR
CUST011284,Central,Nagpur
CUST011285,Central,Nagpur
CUST011286,North,Delhi NCR
CUST011287,South,Bengaluru
CUST011288,East,Kolkata
CUST011289,East,Kolkata
CUST011290,West,Mumbai
CUST011291,West,Mumbai
CUST011292,South,Bengaluru
CUST011293,West,Mumbai
CUST011294,Central,Nagpur
CUST011295,East,Kolkata
CUST011296,Central,Nagpur
CUST011297,West,Mumbai
CUST011298,Central,Nagpur
CUST011299,Central,Nagpur
CUST011300,North,Delhi NCR
CUST011301,Central,Nagpur
CUST011302,North,Delhi NCR
CUST011303,Central,Nagpur
CUST011304,Central,Nagpur
CUST011305,South,Bengaluru
CUST011306,North,Delhi NCR
CUST011307,East,Kolkata
CUST011308,South,Bengaluru
CUST011309,East,Kolkata
CUST011310,North,Delhi NCR
CUST011311,North,Delhi NCR
CUST011312,East,Kolkata
CUST011313,West,Mumbai
CUST011314,South,Bengaluru
CUST011315,South,Bengaluru
CUST011316,North,Delhi NCR
CUST011317,South,Bengaluru
CUST011318,South,Bengaluru
CUST011319,South,Bengaluru
CUST011320,South,Bengaluru
CUST011321,South,Bengaluru
CUST011322,West,Mumbai
CUST011323,South,Bengaluru
CUST011324,West,Mumbai
CUST011325,West,Mumbai
CUST011326,West,Mumbai
CUST011327,East,Kolkata
CUST011328,Central,Nagpur
CUST011329,South,Bengaluru
CUST011330,Central,Nagpur
CUST011331,South,Bengaluru
CUST011332,North,Delhi NCR
CUST011333,Central,Nagpur
CUST011334,Central,Nagpur
CUST011335,North,Delhi NCR
CUST011336,East,Kolkata
CUST011337,East,Kolkata
CUST011338,South,Bengaluru
CUST011339,East,Kolkata
CUST011340,West,Mumbai
CUST011341,East,Kolkata
CUST011342,East,Kolkata
CUST011343,Central,Nagpur
CUST011344,South,Bengaluru
CUST011345,West,Mumbai
CUST011346,South,Bengaluru
CUST011347,Central,Nagpur
CUST011348,South,Bengaluru
CUST011349,Central,Nagpur
CUST011350,West,Mumbai
CUST011351,South,Bengaluru
CUST011352,West,Mumbai
CUST011353,South,Bengaluru
CUST011354,South,Bengaluru
CUST011355,South,Bengaluru
CUST011356,West,Mumbai
CUST011357,South,Bengaluru
CUST011358,East,Kolkata
CUST011359,East,Kolkata
CUST011360,North,Delhi NCR
CUST011361,South,Bengaluru
CUST011362,South,Bengaluru
CUST011363,South,Bengaluru
CUST011364,Central,Nagpur
CUST011365,South,Bengaluru
CUST011366,East,Kolkata
CUST011367,West,Mumbai
CUST011368,West,Mumbai
CUST011369,West,Mumbai
CUST011370,East,Kolkata
CUST011371,Central,Nagpur
CUST011372,Central,Nagpur
CUST011373,South,Bengaluru
CUST011374,North,Delhi NCR
CUST011375,South,Bengaluru
CUST011376,Central,Nagpur
CUST011377,Central,Nagpur
CUST011378,West,Mumbai
CUST011379,West,Mumbai
CUST011380,South,Bengaluru
CUST011381,East,Kolkata
CUST011382,North,Delhi NCR
CUST011383,East,Kolkata
CUST011384,North,Delhi NCR
CUST011385,North,Delhi NCR
CUST011386,Central,Nagpur
CUST011387,Central,Nagpur
CUST011388,West,Mumbai
CUST011389,West,Mumbai
CUST011390,South,Bengaluru
CUST011391,East,Kolkata
CUST011392,West,Mumbai
CUST011393,East,Kolkata
CUST011394,South,Bengaluru
CUST011395,South,Bengaluru
CUST011396,Central,Nagpur
CUST011397,South,Bengaluru
CUST011398,Central,Nagpur
CUST011399,West,Mumbai
CUST011400,Central,Nagpur
CUST011401,East,Kolkata
CUST011402,South,Bengaluru
CUST011403,North,Delhi NCR
CUST011404,East,Kolkata
CUST011405,South,Bengaluru
CUST011406,North,Delhi NCR
CUST011407,Central,Nagpur
CUST011408,Central,Nagpur
CUST011409,South,Bengaluru
CUST011410,West,Mumbai
CUST011411,East,Kolkata
CUST011412,East,Kolkata
CUST011413,West,Mumbai
CUST011414,East,Kolkata
CUST011415,Central,Nagpur
CUST011416,North,Delhi NCR
CUST011417,West,Mumbai
CUST011418,Central,Nagpur
CUST011419,Central,Nagpur
CUST011420,North,Delhi NCR
CUST011421,North,Delhi NCR
CUST011422,West,Mumbai
CUST011423,Central,Nagpur
CUST011424,Central,Nagpur
CUST011425,Central,Nagpur
CUST011426,North,Delhi NCR
CUST011427,East,Kolkata
CUST011428,West,Mumbai
CUST011429,West,Mumbai
CUST011430,West,Mumbai
CUST011431,South,Bengaluru
CUST011432,East,Kolkata
CUST011433,East,Kolkata
CUST011434,Central,Nagpur
CUST011435,South,Bengaluru
CUST011436,South,Bengaluru
CUST011437,North,Delhi NCR
CUST011438,North,Delhi NCR
CUST011439,Central,Nagpur
CUST011440,Central,Nagpur
CUST011441,South,Bengaluru
CUST011442,West,Mumbai
CUST011443,East,Kolkata
CUST011444,Central,Nagpur
CUST011445,South,Bengaluru
CUST011446,Central,Nagpur
CUST011447,South,Bengaluru
CUST011448,West,Mumbai
CUST011449,South,Bengaluru
CUST011450,West,Mumbai
CUST011451,South,Bengaluru
CUST011452,Central,Nagpur
CUST011453,West,Mumbai
CUST011454,South,Bengaluru
CUST011455,Central,Nagpur
CUST011456,West,Mumbai
CUST011457,East,Kolkata
CUST011458,North,Delhi NCR
CUST011459,Central,Nagpur
CUST011460,West,Mumbai
CUST011461,West,Mumbai
CUST011462,Central,Nagpur
CUST011463,West,Mumbai
CUST011464,South,Bengaluru
CUST011465,South,Bengaluru
CUST011466,North,Delhi NCR
CUST011467,North,Delhi NCR
CUST011468,West,Mumbai
CUST011469,Central,Nagpur
CUST011470,North,Delhi NCR
CUST011471,East,Kolkata
CUST011472,North,Delhi NCR
CUST011473,East,Kolkata
CUST011474,West,Mumbai
CUST011475,Central,Nagpur
CUST011476,Central,Nagpur
CUST011477,South,Bengaluru
CUST011478,Central,Nagpur
CUST011479,West,Mumbai
CUST011480,South,Bengaluru
CUST011481,South,Bengaluru
CUST011482,North,Delhi NCR
CUST011483,Central,Nagpur
CUST011484,South,Bengaluru
CUST011485,South,Bengaluru
CUST011486,East,Kolkata
CUST011487,North,Delhi NCR
CUST011488,Central,Nagpur
CUST011489,West,Mumbai
CUST011490,North,Delhi NCR
CUST011491,North,Delhi NCR
CUST011492,North,Delhi NCR
CUST011493,Central,Nagpur
CUST011494,East,Kolkata
CUST011495,West,Mumbai
CUST011496,North,Delhi NCR
CUST011497,South,Bengaluru
CUST011498,East,Kolkata
CUST011499,South,Bengaluru
CUST011500,West,Mumbai
CUST011501,Central,Nagpur
CUST011502,South,Bengaluru
CUST011503,West,Mumbai
CUST011504,Central,Nagpur
CUST011505,Central,Nagpur
CUST011506,North,Delhi NCR
CUST011507,North,Delhi NCR
CUST011508,Central,Nagpur
CUST011509,Central,Nagpur
CUST011510,South,Bengaluru
CUST011511,East,Kolkata
CUST011512,East,Kolkata
CUST011513,West,Mumbai
CUST011514,West,Mumbai
CUST011515,South,Bengaluru
CUST011516,Central,Nagpur
CUST011517,North,Delhi NCR
CUST011518,North,Delhi NCR
CUST011519,Central,Nagpur
CUST011520,North,Delhi NCR
CUST011521,Central,Nagpur
CUST011522,South,Bengaluru
CUST011523,South,Bengaluru
CUST011524,North,Delhi NCR
CUST011525,Central,Nagpur
CUST011526,South,Bengaluru
CUST011527,North,Delhi NCR
CUST011528,East,Kolkata
CUST011529,North,Delhi NCR
CUST011530,West,Mumbai
CUST011531,North,Delhi NCR
CUST011532,East,Kolkata
CUST011533,South,Bengaluru
CUST011534,North,Delhi NCR
CUST011535,North,Delhi NCR
CUST011536,East,Kolkata
CUST011537,South,Bengaluru
CUST011538,North,Delhi NCR
CUST011539,North,Delhi NCR
CUST011540,Central,Nagpur
CUST011541,West,Mumbai
CUST011542,West,Mumbai
CUST011543,Central,Nagpur
CUST011544,North,Delhi NCR
CUST011545,West,Mumbai
CUST011546,West,Mumbai
CUST011547,South,Bengaluru
CUST011548,East,Kolkata
CUST011549,West,Mumbai
CUST011550,West,Mumbai
CUST011551,South,Bengaluru
CUST011552,West,Mumbai
CUST011553,West,Mumbai
CUST011554,North,Delhi NCR
CUST011555,East,Kolkata
CUST011556,East,Kolkata
CUST011557,South,Bengaluru
CUST011558,North,Delhi NCR
CUST011559,North,Delhi NCR
CUST011560,West,Mumbai
CUST011561,Central,Nagpur
CUST011562,East,Kolkata
CUST011563,Central,Nagpur
CUST011564,Central,Nagpur
CUST011565,West,Mumbai
CUST011566,East,Kolkata
CUST011567,Central,Nagpur
CUST011568,West,Mumbai
CUST011569,Central,Nagpur
CUST011570,Central,Nagpur
CUST011571,North,Delhi NCR
CUST011572,West,Mumbai
CUST011573,West,Mumbai
CUST011574,Central,Nagpur
CUST011575,South,Bengaluru
CUST011576,Central,Nagpur
CUST011577,East,Kolkata
CUST011578,South,Bengaluru
CUST011579,North,Delhi NCR
CUST011580,South,Bengaluru
CUST011581,Central,Nagpur
CUST011582,West,Mumbai
CUST011583,West,Mumbai
CUST011584,Central,Nagpur
CUST011585,South,Bengaluru
CUST011586,West,Mumbai
CUST011587,South,Bengaluru
CUST011588,Central,Nagpur
CUST011589,East,Kolkata
CUST011590,Central,Nagpur
CUST011591,West,Mumbai
CUST011592,West,Mumbai
CUST011593,Central,Nagpur
CUST011594,West,Mumbai
CUST011595,South,Bengaluru
CUST011596,East,Kolkata
CUST011597,East,Kolkata
CUST011598,North,Delhi NCR
CUST011599,East,Kolkata
CUST011600,East,Kolkata
CUST011601,South,Bengaluru
CUST011602,North,Delhi NCR
CUST011603,East,Kolkata
CUST011604,East,Kolkata
CUST011605,North,Delhi NCR
CUST011606,West,Mumbai
CUST011607,North,Delhi NCR
CUST011608,North,Delhi NCR
CUST011609,East,Kolkata
CUST011610,South,Bengaluru
CUST011611,Central,Nagpur
CUST011612,North,Delhi NCR
CUST011613,South,Bengaluru
CUST011614,West,Mumbai
CUST011615,South,Bengaluru
CUST011616,Central,Nagpur
CUST011617,West,Mumbai
CUST011618,Central,Nagpur
CUST011619,Central,Nagpur
CUST011620,North,Delhi NCR
CUST011621,East,Kolkata
CUST011622,West,Mumbai
CUST011623,North,Delhi NCR
CUST011624,East,Kolkata
CUST011625,West,Mumbai
CUST011626,West,Mumbai
CUST011627,East,Kolkata
CUST011628,Central,Nagpur
CUST011629,West,Mumbai
CUST011630,North,Delhi NCR
CUST011631,South,Bengaluru
CUST011632,Central,Nagpur
CUST011633,North,Delhi NCR
CUST011634,North,Delhi NCR
CUST011635,South,Bengaluru
CUST011636,Central,Nagpur
CUST011637,West,Mumbai
CUST011638,North,Delhi NCR
CUST011639,South,Bengaluru
CUST011640,Central,Nagpur
CUST011641,South,Bengaluru
CUST011642,East,Kolkata
CUST011643,East,Kolkata
CUST011644,West,Mumbai
CUST011645,West,Mumbai
CUST011646,Central,Nagpur
CUST011647,North,Delhi NCR
CUST011648,East,Kolkata
CUST011649,West,Mumbai
CUST011650,East,Kolkata
CUST011651,West,Mumbai
CUST011652,West,Mumbai
CUST011653,South,Bengaluru
CUST011654,North,Delhi NCR
CUST011655,Central,Nagpur
CUST011656,Central,Nagpur
CUST011657,Central,Nagpur
CUST011658,South,Bengaluru
CUST011659,South,Bengaluru
CUST011660,South,Bengaluru
CUST011661,North,Delhi NCR
CUST011662,North,Delhi NCR
CUST011663,South,Bengaluru
CUST011664,Central,Nagpur
CUST011665,South,Bengaluru
CUST011666,East,Kolkata
CUST011667,East,Kolkata
CUST011668,South,Bengaluru
CUST011669,Central,Nagpur
CUST011670,North,Delhi NCR
CUST011671,Central,Nagpur
CUST011672,West,Mumbai
CUST011673,South,Bengaluru
CUST011674,West,Mumbai
CUST011675,East,Kolkata
CUST011676,Central,Nagpur
CUST011677,North,Delhi NCR
CUST011678,North,Delhi NCR
CUST011679,East,Kolkata
CUST011680,Central,Nagpur
CUST011681,North,Delhi NCR
CUST011682,West,Mumbai
CUST011683,Central,Nagpur
CUST011684,East,Kolkata
CUST011685,Central,Nagpur
CUST011686,West,Mumbai
CUST011687,South,Bengaluru
CUST011688,Central,Nagpur
CUST011689,West,Mumbai
CUST011690,North,Delhi NCR
CUST011691,East,Kolkata
CUST011692,West,Mumbai
CUST011693,Central,Nagpur
CUST011694,West,Mumbai
CUST011695,East,Kolkata
CUST011696,South,Bengaluru
CUST011697,North,Delhi NCR
CUST011698,North,Delhi NCR
CUST011699,West,Mumbai
CUST011700,Central,Nagpur
CUST011701,North,Delhi NCR
CUST011702,West,Mumbai
CUST011703,East,Kolkata
CUST011704,North,Delhi NCR
CUST011705,South,Bengaluru
CUST011706,South,Bengaluru
CUST011707,West,Mumbai
CUST011708,South,Bengaluru
CUST011709,Central,Nagpur
CUST011710,South,Bengaluru
CUST011711,North,Delhi NCR
CUST011712,North,Delhi NCR
CUST011713,East,Kolkata
CUST011714,East,Kolkata
CUST011715,West,Mumbai
CUST011716,East,Kolkata
CUST011717,North,Delhi NCR
CUST011718,South,Bengaluru
CUST011719,East,Kolkata
CUST011720,South,Bengaluru
CUST011721,West,Mumbai
CUST011722,Central,Nagpur
CUST011723,South,Bengaluru
CUST011724,East,Kolkata
CUST011725,Central,Nagpur
CUST011726,South,Bengaluru
CUST011727,East,Kolkata
CUST011728,South,Bengaluru
CUST011729,West,Mumbai
CUST011730,West,Mumbai
CUST011731,North,Delhi NCR
CUST011732,North,Delhi NCR
CUST011733,North,Delhi NCR
CUST011734,North,Delhi NCR
CUST011735,North,Delhi NCR
CUST011736,West,Mumbai
CUST011737,Central,Nagpur
CUST011738,East,Kolkata
CUST011739,Central,Nagpur
CUST011740,West,Mumbai
CUST011741,Central,Nagpur
CUST011742,West,Mumbai
CUST011743,North,Delhi NCR
CUST011744,East,Kolkata
CUST011745,East,Kolkata
CUST011746,West,Mumbai
CUST011747,West,Mumbai
CUST011748,North,Delhi NCR
CUST011749,West,Mumbai
CUST011750,Central,Nagpur
CUST011751,North,Delhi NCR
CUST011752,East,Kolkata
CUST011753,Central,Nagpur
CUST011754,North,Delhi NCR
CUST011755,North,Delhi NCR
CUST011756,Central,Nagpur
CUST011757,North,Delhi NCR
CUST011758,West,Mumbai
CUST011759,Central,Nagpur
CUST011760,East,Kolkata
CUST011761,East,Kolkata
CUST011762,East,Kolkata
CUST011763,South,Bengaluru
CUST011764,South,Bengaluru
CUST011765,East,Kolkata
CUST011766,Central,Nagpur
CUST011767,Central,Nagpur
CUST011768,Central,Nagpur
CUST011769,North,Delhi NCR
CUST011770,South,Bengaluru
CUST011771,West,Mumbai
CUST011772,East,Kolkata
CUST011773,South,Bengaluru
CUST011774,South,Bengaluru
CUST011775,North,Delhi NCR
CUST011776,South,Bengaluru
CUST011777,East,Kolkata
CUST011778,East,Kolkata
CUST011779,East,Kolkata
CUST011780,South,Bengaluru
CUST011781,South,Bengaluru
CUST011782,Central,Nagpur
CUST011783,East,Kolkata
CUST011784,South,Bengaluru
CUST011785,West,Mumbai
CUST011786,East,Kolkata
CUST011787,East,Kolkata
CUST011788,South,Bengaluru
CUST011789,West,Mumbai
CUST011790,North,Delhi NCR
CUST011791,Central,Nagpur
CUST011792,East,Kolkata
CUST011793,East,Kolkata
CUST011794,South,Bengaluru
CUST011795,East,Kolkata
CUST011796,West,Mumbai
CUST011797,East,Kolkata
CUST011798,North,Delhi NCR
CUST011799,East,Kolkata
CUST011800,South,Bengaluru
CUST011801,North,Delhi NCR
CUST011802,Central,Nagpur
CUST011803,South,Bengaluru
CUST011804,East,Kolkata
CUST011805,North,Delhi NCR
CUST011806,South,Bengaluru
CUST011807,South,Bengaluru
CUST011808,North,Delhi NCR
CUST011809,Central,Nagpur
CUST011810,South,Bengaluru
CUST011811,East,Kolkata
CUST011812,East,Kolkata
CUST011813,East,Kolkata
CUST011814,East,Kolkata
CUST011815,East,Kolkata
CUST011816,North,Delhi NCR
CUST011817,West,Mumbai
CUST011818,North,Delhi NCR
CUST011819,East,Kolkata
CUST011820,South,Bengaluru
CUST011821,East,Kolkata
CUST011822,North,Delhi NCR
CUST011823,West,Mumbai
CUST011824,East,Kolkata
CUST011825,North,Delhi NCR
CUST011826,North,Delhi NCR
CUST011827,East,Kolkata
CUST011828,West,Mumbai
CUST011829,East,Kolkata
CUST011830,West,Mumbai
CUST011831,West,Mumbai
CUST011832,Central,Nagpur
CUST011833,Central,Nagpur
CUST011834,Central,Nagpur
CUST011835,West,Mumbai
CUST011836,East,Kolkata
CUST011837,East,Kolkata
CUST011838,West,Mumbai
CUST011839,North,Delhi NCR
CUST011840,West,Mumbai
CUST011841,East,Kolkata
CUST011842,East,Kolkata
CUST011843,Central,Nagpur
CUST011844,West,Mumbai
CUST011845,Central,Nagpur
CUST011846,Central,Nagpur
CUST011847,Central,Nagpur
CUST011848,South,Bengaluru
CUST011849,North,Delhi NCR
CUST011850,South,Bengaluru
CUST011851,West,Mumbai
CUST011852,Central,Nagpur
CUST011853,Central,Nagpur
CUST011854,West,Mumbai
CUST011855,West,Mumbai
CUST011856,Central,Nagpur
CUST011857,West,Mumbai
CUST011858,North,Delhi NCR
CUST011859,East,Kolkata
CUST011860,South,Bengaluru
CUST011861,West,Mumbai
CUST011862,West,Mumbai
CUST011863,South,Bengaluru
CUST011864,South,Bengaluru
CUST011865,North,Delhi NCR
CUST011866,South,Bengaluru
CUST011867,Central,Nagpur
CUST011868,West,Mumbai
CUST011869,Central,Nagpur
CUST011870,Central,Nagpur
CUST011871,Central,Nagpur
CUST011872,North,Delhi NCR
CUST011873,South,Bengaluru
CUST011874,North,Delhi NCR
CUST011875,North,Delhi NCR
CUST011876,South,Bengaluru
CUST011877,South,Bengaluru
CUST011878,North,Delhi NCR
CUST011879,Central,Nagpur
CUST011880,East,Kolkata
CUST011881,West,Mumbai
CUST011882,West,Mumbai
CUST011883,Central,Nagpur
CUST011884,North,Delhi NCR
CUST011885,South,Bengaluru
CUST011886,South,Bengaluru
CUST011887,East,Kolkata
CUST011888,East,Kolkata
CUST011889,West,Mumbai
CUST011890,East,Kolkata
CUST011891,South,Bengaluru
CUST011892,East,Kolkata
CUST011893,Central,Nagpur
CUST011894,East,Kolkata
CUST011895,East,Kolkata
CUST011896,North,Delhi NCR
CUST011897,North,Delhi NCR
CUST011898,South,Bengaluru
CUST011899,North,Delhi NCR
CUST011900,East,Kolkata
CUST011901,Central,Nagpur
CUST011902,East,Kolkata
CUST011903,West,Mumbai
CUST011904,Central,Nagpur
CUST011905,West,Mumbai
CUST011906,West,Mumbai
CUST011907,West,Mumbai
CUST011908,South,Bengaluru
CUST011909,East,Kolkata
CUST011910,South,Bengaluru
CUST011911,West,Mumbai
CUST011912,East,Kolkata
CUST011913,Central,Nagpur
CUST011914,North,Delhi NCR
CUST011915,North,Delhi NCR
CUST011916,West,Mumbai
CUST011917,West,Mumbai
CUST011918,West,Mumbai
CUST011919,South,Bengaluru
CUST011920,North,Delhi NCR
CUST011921,South,Bengaluru
CUST011922,East,Kolkata
CUST011923,East,Kolkata
CUST011924,Central,Nagpur
CUST011925,Central,Nagpur
CUST011926,West,Mumbai
CUST011927,North,Delhi NCR
CUST011928,North,Delhi NCR
CUST011929,East,Kolkata
CUST011930,West,Mumbai
CUST011931,West,Mumbai
CUST011932,South,Bengaluru
CUST011933,North,Delhi NCR
CUST011934,South,Bengaluru
CUST011935,West,Mumbai
CUST011936,Central,Nagpur
CUST011937,Central,Nagpur
CUST011938,East,Kolkata
CUST011939,North,Delhi NCR
CUST011940,Central,Nagpur
CUST011941,North,Delhi NCR
CUST011942,South,Bengaluru
CUST011943,Central,Nagpur
CUST011944,East,Kolkata
CUST011945,North,Delhi NCR
CUST011946,East,Kolkata
CUST011947,North,Delhi NCR
CUST011948,South,Bengaluru
CUST011949,Central,Nagpur
CUST011950,South,Bengaluru
CUST011951,Central,Nagpur
CUST011952,East,Kolkata
CUST011953,West,Mumbai
CUST011954,West,Mumbai
CUST011955,East,Kolkata
CUST011956,North,Delhi NCR
CUST011957,Central,Nagpur
CUST011958,East,Kolkata
CUST011959,West,Mumbai
CUST011960,East,Kolkata
CUST011961,West,Mumbai
CUST011962,South,Bengaluru
CUST011963,Central,Nagpur
CUST011964,South,Bengaluru
CUST011965,West,Mumbai
CUST011966,East,Kolkata
CUST011967,East,Kolkata
CUST011968,North,Delhi NCR
CUST011969,South,Bengaluru
CUST011970,North,Delhi NCR
CUST011971,East,Kolkata
CUST011972,West,Mumbai
CUST011973,East,Kolkata
CUST011974,West,Mumbai
CUST011975,South,Bengaluru
CUST011976,South,Bengaluru
CUST011977,East,Kolkata
CUST011978,South,Bengaluru
CUST011979,Central,Nagpur
CUST011980,Central,Nagpur
CUST011981,East,Kolkata
CUST011982,West,Mumbai
CUST011983,North,Delhi NCR
CUST011984,North,Delhi NCR
CUST011985,South,Bengaluru
CUST011986,South,Bengaluru
CUST011987,South,Bengaluru
CUST011988,East,Kolkata
CUST011989,West,Mumbai
CUST011990,East,Kolkata
CUST011991,East,Kolkata
CUST011992,North,Delhi NCR
CUST011993,South,Bengaluru
CUST011994,Central,Nagpur
CUST011995,Central,Nagpur
CUST011996,North,Delhi NCR
CUST011997,North,Delhi NCR
CUST011998,Central,Nagpur
CUST011999,North,Delhi NCR
CUST012000,East,Kolkata
CUST012001,Central,Nagpur
CUST012002,West,Mumbai
CUST012003,East,Kolkata
CUST012004,South,Bengaluru
CUST012005,West,Mumbai
CUST012006,West,Mumbai
CUST012007,Central,Nagpur
CUST012008,East,Kolkata
CUST012009,Central,Nagpur
CUST012010,West,Mumbai
CUST012011,North,Delhi NCR
CUST012012,South,Bengaluru
CUST012013,West,Mumbai
CUST012014,North,Delhi NCR
CUST012015,West,Mumbai
CUST012016,South,Bengaluru
CUST012017,South,Bengaluru
CUST012018,East,Kolkata
CUST012019,Central,Nagpur
CUST012020,Central,Nagpur
CUST012021,East,Kolkata
CUST012022,North,Delhi NCR
CUST012023,Central,Nagpur
CUST012024,Central,Nagpur
CUST012025,West,Mumbai
CUST012026,West,Mumbai
CUST012027,East,Kolkata
CUST012028,North,Delhi NCR
CUST012029,North,Delhi NCR
CUST012030,North,Delhi NCR
CUST012031,Central,Nagpur
CUST012032,North,Delhi NCR
CUST012033,East,Kolkata
CUST012034,South,Bengaluru
CUST012035,North,Delhi NCR
CUST012036,Central,Nagpur
CUST012037,North,Delhi NCR
CUST012038,Central,Nagpur
CUST012039,West,Mumbai
CUST012040,West,Mumbai
CUST012041,North,Delhi NCR
CUST012042,Central,Nagpur
CUST012043,East,Kolkata
CUST012044,East,Kolkata
CUST012045,West,Mumbai
CUST012046,South,Bengaluru
CUST012047,South,Bengaluru
CUST012048,South,Bengaluru
CUST012049,East,Kolkata
CUST012050,West,Mumbai
CUST012051,South,Bengaluru
CUST012052,South,Bengaluru
CUST012053,Central,Nagpur
CUST012054,East,Kolkata
CUST012055,Central,Nagpur
CUST012056,South,Bengaluru
CUST012057,South,Bengaluru
CUST012058,South,Bengaluru
CUST012059,East,Kolkata
CUST012060,West,Mumbai
CUST012061,East,Kolkata
CUST012062,South,Bengaluru
CUST012063,Central,Nagpur
CUST012064,East,Kolkata
CUST012065,South,Bengaluru
CUST012066,North,Delhi NCR
CUST012067,East,Kolkata
CUST012068,West,Mumbai
CUST012069,Central,Nagpur
CUST012070,South,Bengaluru
CUST012071,North,Delhi NCR
CUST012072,Central,Nagpur
CUST012073,East,Kolkata
CUST012074,North,Delhi NCR
CUST012075,North,Delhi NCR
CUST012076,East,Kolkata
CUST012077,West,Mumbai
CUST012078,South,Bengaluru
CUST012079,South,Bengaluru
CUST012080,West,Mumbai
CUST012081,Central,Nagpur
CUST012082,East,Kolkata
CUST012083,East,Kolkata
CUST012084,South,Bengaluru
CUST012085,North,Delhi NCR
CUST012086,North,Delhi NCR
CUST012087,Central,Nagpur
CUST012088,North,Delhi NCR
CUST012089,Central,Nagpur
CUST012090,South,Bengaluru
CUST012091,West,Mumbai
CUST012092,Central,Nagpur
CUST012093,West,Mumbai
CUST012094,West,Mumbai
CUST012095,South,Bengaluru
CUST012096,East,Kolkata
CUST012097,West,Mumbai
CUST012098,East,Kolkata
CUST012099,North,Delhi NCR
CUST012100,Central,Nagpur
CUST012101,North,Delhi NCR
CUST012102,Central,Nagpur
CUST012103,Central,Nagpur
CUST012104,North,Delhi NCR
CUST012105,West,Mumbai
CUST012106,West,Mumbai
CUST012107,South,Bengaluru
CUST012108,Central,Nagpur
CUST012109,North,Delhi NCR
CUST012110,South,Bengaluru
CUST012111,Central,Nagpur
CUST012112,West,Mumbai
CUST012113,North,Delhi NCR
CUST012114,North,Delhi NCR
CUST012115,South,Bengaluru
CUST012116,North,Delhi NCR
CUST012117,North,Delhi NCR
CUST012118,East,Kolkata
CUST012119,North,Delhi NCR
CUST012120,South,Bengaluru
CUST012121,South,Bengaluru
CUST012122,Central,Nagpur
CUST012123,Central,Nagpur
CUST012124,Central,Nagpur
CUST012125,South,Bengaluru
CUST012126,East,Kolkata
CUST012127,East,Kolkata
CUST012128,Central,Nagpur
CUST012129,West,Mumbai
CUST012130,Central,Nagpur
CUST012131,East,Kolkata
CUST012132,Central,Nagpur
CUST012133,West,Mumbai
CUST012134,West,Mumbai
CUST012135,West,Mumbai
CUST012136,South,Bengaluru
CUST012137,West,Mumbai
CUST012138,South,Bengaluru
CUST012139,West,Mumbai
CUST012140,South,Bengaluru
CUST012141,West,Mumbai
CUST012142,East,Kolkata
CUST012143,West,Mumbai
CUST012144,South,Bengaluru
CUST012145,West,Mumbai
CUST012146,Central,Nagpur
CUST012147,North,Delhi NCR
CUST012148,South,Bengaluru
CUST012149,West,Mumbai
CUST012150,Central,Nagpur
CUST012151,West,Mumbai
CUST012152,East,Kolkata
CUST012153,South,Bengaluru
CUST012154,Central,Nagpur
CUST012155,Central,Nagpur
CUST012156,Central,Nagpur
CUST012157,South,Bengaluru
CUST012158,East,Kolkata
CUST012159,South,Bengaluru
CUST012160,Central,Nagpur
CUST012161,Central,Nagpur
CUST012162,North,Delhi NCR
CUST012163,South,Bengaluru
CUST012164,East,Kolkata
CUST012165,East,Kolkata
CUST012166,East,Kolkata
CUST012167,South,Bengaluru
CUST012168,West,Mumbai
CUST012169,Central,Nagpur
CUST012170,Central,Nagpur
CUST012171,East,Kolkata
CUST012172,Central,Nagpur
CUST012173,West,Mumbai
CUST012174,North,Delhi NCR
CUST012175,West,Mumbai
CUST012176,South,Bengaluru
CUST012177,West,Mumbai
CUST012178,West,Mumbai
CUST012179,Central,Nagpur
CUST012180,Central,Nagpur
CUST012181,Central,Nagpur
CUST012182,East,Kolkata
CUST012183,East,Kolkata
CUST012184,East,Kolkata
CUST012185,Central,Nagpur
CUST012186,South,Bengaluru
CUST012187,East,Kolkata
CUST012188,West,Mumbai
CUST012189,North,Delhi NCR
CUST012190,West,Mumbai
CUST012191,South,Bengaluru
CUST012192,South,Bengaluru
CUST012193,West,Mumbai
CUST012194,North,Delhi NCR
CUST012195,North,Delhi NCR
CUST012196,East,Kolkata
CUST012197,East,Kolkata
CUST012198,North,Delhi NCR
CUST012199,South,Bengaluru
CUST012200,South,Bengaluru
CUST012201,East,Kolkata
CUST012202,South,Bengaluru
CUST012203,North,Delhi NCR
CUST012204,East,Kolkata
CUST012205,Central,Nagpur
CUST012206,East,Kolkata
CUST012207,South,Bengaluru
CUST012208,East,Kolkata
CUST012209,North,Delhi NCR
CUST012210,South,Bengaluru
CUST012211,East,Kolkata
CUST012212,East,Kolkata
CUST012213,East,Kolkata
CUST012214,Central,Nagpur
CUST012215,West,Mumbai
CUST012216,North,Delhi NCR
CUST012217,East,Kolkata
CUST012218,East,Kolkata
CUST012219,North,Delhi NCR
CUST012220,South,Bengaluru
CUST012221,Central,Nagpur
CUST012222,South,Bengaluru
CUST012223,East,Kolkata
CUST012224,South,Bengaluru
CUST012225,North,Delhi NCR
CUST012226,South,Bengaluru
CUST012227,West,Mumbai
CUST012228,Central,Nagpur
CUST012229,West,Mumbai
CUST012230,Central,Nagpur
CUST012231,West,Mumbai
CUST012232,West,Mumbai
CUST012233,East,Kolkata
CUST012234,North,Delhi NCR
CUST012235,East,Kolkata
CUST012236,Central,Nagpur
CUST012237,East,Kolkata
CUST012238,West,Mumbai
CUST012239,North,Delhi NCR
CUST012240,South,Bengaluru
CUST012241,South,Bengaluru
CUST012242,South,Bengaluru
CUST012243,Central,Nagpur
CUST012244,East,Kolkata
CUST012245,West,Mumbai
CUST012246,West,Mumbai
CUST012247,East,Kolkata
CUST012248,Central,Nagpur
CUST012249,South,Bengaluru
CUST012250,North,Delhi NCR
CUST012251,West,Mumbai
CUST012252,West,Mumbai
CUST012253,South,Bengaluru
CUST012254,Central,Nagpur
CUST012255,North,Delhi NCR
CUST012256,South,Bengaluru
CUST012257,North,Delhi NCR
CUST012258,North,Delhi NCR
CUST012259,West,Mumbai
CUST012260,West,Mumbai
CUST012261,West,Mumbai
CUST012262,Central,Nagpur
CUST012263,North,Delhi NCR
CUST012264,West,Mumbai
CUST012265,North,Delhi NCR
CUST012266,Central,Nagpur
CUST012267,West,Mumbai
CUST012268,West,Mumbai
CUST012269,East,Kolkata
CUST012270,South,Bengaluru
CUST012271,West,Mumbai
CUST012272,Central,Nagpur
CUST012273,North,Delhi NCR
CUST012274,Central,Nagpur
CUST012275,West,Mumbai
CUST012276,North,Delhi NCR
CUST012277,Central,Nagpur
CUST012278,North,Delhi NCR
CUST012279,West,Mumbai
CUST012280,North,Delhi NCR
CUST012281,North,Delhi NCR
CUST012282,West,Mumbai
CUST012283,West,Mumbai
CUST012284,West,Mumbai
CUST012285,South,Bengaluru
CUST012286,Central,Nagpur
CUST012287,North,Delhi NCR
CUST012288,Central,Nagpur
CUST012289,South,Bengaluru
CUST012290,West,Mumbai
CUST012291,Central,Nagpur
CUST012292,South,Bengaluru
CUST012293,East,Kolkata
CUST012294,Central,Nagpur
CUST012295,Central,Nagpur
CUST012296,South,Bengaluru
CUST012297,East,Kolkata
CUST012298,South,Bengaluru
CUST012299,East,Kolkata
CUST012300,South,Bengaluru
CUST012301,North,Delhi NCR
CUST012302,Central,Nagpur
CUST012303,West,Mumbai
CUST012304,East,Kolkata
CUST012305,North,Delhi NCR
CUST012306,North,Delhi NCR
CUST012307,East,Kolkata
CUST012308,West,Mumbai
CUST012309,South,Bengaluru
CUST012310,West,Mumbai
CUST012311,South,Bengaluru
CUST012312,North,Delhi NCR
CUST012313,East,Kolkata
CUST012314,North,Delhi NCR
CUST012315,North,Delhi NCR
CUST012316,North,Delhi NCR
CUST012317,South,Bengaluru
CUST012318,East,Kolkata
CUST012319,Central,Nagpur
CUST012320,South,Bengaluru
CUST012321,North,Delhi NCR
CUST012322,North,Delhi NCR
CUST012323,South,Bengaluru
CUST012324,South,Bengaluru
CUST012325,South,Bengaluru
CUST012326,Central,Nagpur
CUST012327,South,Bengaluru
CUST012328,West,Mumbai
CUST012329,West,Mumbai
CUST012330,North,Delhi NCR
CUST012331,South,Bengaluru
CUST012332,East,Kolkata
CUST012333,East,Kolkata
CUST012334,North,Delhi NCR
CUST012335,West,Mumbai
CUST012336,South,Bengaluru
CUST012337,South,Bengaluru
CUST012338,West,Mumbai
CUST012339,Central,Nagpur
CUST012340,Central,Nagpur
CUST012341,Central,Nagpur
CUST012342,East,Kolkata
CUST012343,North,Delhi NCR
CUST012344,South,Bengaluru
CUST012345,South,Bengaluru
CUST012346,South,Bengaluru
CUST012347,South,Bengaluru
CUST012348,North,Delhi NCR
CUST012349,North,Delhi NCR
CUST012350,West,Mumbai
CUST012351,East,Kolkata
CUST012352,North,Delhi NCR
CUST012353,East,Kolkata
CUST012354,Central,Nagpur
CUST012355,East,Kolkata
CUST012356,South,Bengaluru
CUST012357,South,Bengaluru
CUST012358,South,Bengaluru
CUST012359,South,Bengaluru
CUST012360,Central,Nagpur
CUST012361,Central,Nagpur
CUST012362,South,Bengaluru
CUST012363,Central,Nagpur
CUST012364,Central,Nagpur
CUST012365,North,Delhi NCR
CUST012366,East,Kolkata
CUST012367,West,Mumbai
CUST012368,East,Kolkata
CUST012369,East,Kolkata
CUST012370,East,Kolkata
CUST012371,West,Mumbai
CUST012372,South,Bengaluru
CUST012373,East,Kolkata
CUST012374,South,Bengaluru
CUST012375,Central,Nagpur
CUST012376,North,Delhi NCR
CUST012377,North,Delhi NCR
CUST012378,North,Delhi NCR
CUST012379,South,Bengaluru
CUST012380,West,Mumbai
CUST012381,Central,Nagpur
CUST012382,East,Kolkata
CUST012383,North,Delhi NCR
CUST012384,South,Bengaluru
CUST012385,North,Delhi NCR
CUST012386,East,Kolkata
CUST012387,West,Mumbai
CUST012388,North,Delhi NCR
CUST012389,West,Mumbai
CUST012390,South,Bengaluru
CUST012391,West,Mumbai
CUST012392,Central,Nagpur
CUST012393,West,Mumbai
CUST012394,West,Mumbai
CUST012395,West,Mumbai
CUST012396,North,Delhi NCR
CUST012397,North,Delhi NCR
CUST012398,South,Bengaluru
CUST012399,West,Mumbai
CUST012400,West,Mumbai
CUST012401,West,Mumbai
CUST012402,South,Bengaluru
CUST012403,Central,Nagpur
CUST012404,East,Kolkata
CUST012405,South,Bengaluru
CUST012406,West,Mumbai
CUST012407,North,Delhi NCR
CUST012408,East,Kolkata
CUST012409,West,Mumbai
CUST012410,West,Mumbai
CUST012411,South,Bengaluru
CUST012412,North,Delhi NCR
CUST012413,North,Delhi NCR
CUST012414,North,Delhi NCR
CUST012415,Central,Nagpur
CUST012416,West,Mumbai
CUST012417,East,Kolkata
CUST012418,East,Kolkata
CUST012419,South,Bengaluru
CUST012420,North,Delhi NCR
CUST012421,North,Delhi NCR
CUST012422,West,Mumbai
CUST012423,North,Delhi NCR
CUST012424,North,Delhi NCR
CUST012425,West,Mumbai
CUST012426,East,Kolkata
CUST012427,East,Kolkata
CUST012428,South,Bengaluru
CUST012429,North,Delhi NCR
CUST012430,East,Kolkata
CUST012431,South,Bengaluru
CUST012432,East,Kolkata
CUST012433,North,Delhi NCR
CUST012434,South,Bengaluru
CUST012435,North,Delhi NCR
CUST012436,East,Kolkata
CUST012437,South,Bengaluru
CUST012438,South,Bengaluru
CUST012439,East,Kolkata
CUST012440,East,Kolkata
CUST012441,South,Bengaluru
CUST012442,West,Mumbai
CUST012443,South,Bengaluru
CUST012444,South,Bengaluru
CUST012445,East,Kolkata
CUST012446,North,Delhi NCR
CUST012447,East,Kolkata
CUST012448,East,Kolkata
CUST012449,North,Delhi NCR
CUST012450,East,Kolkata
CUST012451,North,Delhi NCR
CUST012452,West,Mumbai
CUST012453,North,Delhi NCR
CUST012454,North,Delhi NCR
CUST012455,South,Bengaluru
CUST012456,West,Mumbai
CUST012457,West,Mumbai
CUST012458,East,Kolkata
CUST012459,North,Delhi NCR
CUST012460,South,Bengaluru
CUST012461,West,Mumbai
CUST012462,North,Delhi NCR
CUST012463,West,Mumbai
CUST012464,South,Bengaluru
CUST012465,North,Delhi NCR
CUST012466,West,Mumbai
CUST012467,North,Delhi NCR
CUST012468,South,Bengaluru
CUST012469,North,Delhi NCR
CUST012470,East,Kolkata
CUST012471,North,Delhi NCR
CUST012472,North,Delhi NCR
CUST012473,East,Kolkata
CUST012474,Central,Nagpur
CUST012475,North,Delhi NCR
CUST012476,East,Kolkata
CUST012477,Central,Nagpur
CUST012478,South,Bengaluru
CUST012479,East,Kolkata
CUST012480,Central,Nagpur
CUST012481,West,Mumbai
CUST012482,South,Bengaluru
CUST012483,West,Mumbai
CUST012484,West,Mumbai
CUST012485,East,Kolkata
CUST012486,East,Kolkata
CUST012487,Central,Nagpur
CUST012488,Central,Nagpur
CUST012489,Central,Nagpur
CUST012490,West,Mumbai
CUST012491,South,Bengaluru
CUST012492,North,Delhi NCR
CUST012493,North,Delhi NCR
CUST012494,Central,Nagpur
CUST012495,South,Bengaluru
CUST012496,North,Delhi NCR
CUST012497,South,Bengaluru
CUST012498,North,Delhi NCR
CUST012499,East,Kolkata
CUST012500,East,Kolkata
CUST012501,South,Bengaluru
CUST012502,West,Mumbai
CUST012503,East,Kolkata
CUST012504,Central,Nagpur
CUST012505,West,Mumbai
CUST012506,North,Delhi NCR
CUST012507,South,Bengaluru
CUST012508,West,Mumbai
CUST012509,East,Kolkata
CUST012510,West,Mumbai
CUST012511,South,Bengaluru
CUST012512,North,Delhi NCR
CUST012513,West,Mumbai
CUST012514,West,Mumbai
CUST012515,West,Mumbai
CUST012516,East,Kolkata
CUST012517,North,Delhi NCR
CUST012518,West,Mumbai
CUST012519,West,Mumbai
CUST012520,West,Mumbai
CUST012521,North,Delhi NCR
CUST012522,West,Mumbai
CUST012523,West,Mumbai
CUST012524,Central,Nagpur
CUST012525,East,Kolkata
CUST012526,West,Mumbai
CUST012527,East,Kolkata
CUST012528,West,Mumbai
CUST012529,West,Mumbai
CUST012530,West,Mumbai
CUST012531,Central,Nagpur
CUST012532,North,Delhi NCR
CUST012533,West,Mumbai
CUST012534,West,Mumbai
CUST012535,East,Kolkata
CUST012536,East,Kolkata
CUST012537,West,Mumbai
CUST012538,East,Kolkata
CUST012539,East,Kolkata
CUST012540,Central,Nagpur
CUST012541,West,Mumbai
CUST012542,South,Bengaluru
CUST012543,Central,Nagpur
CUST012544,South,Bengaluru
CUST012545,North,Delhi NCR
CUST012546,Central,Nagpur
CUST012547,South,Bengaluru
CUST012548,South,Bengaluru
CUST012549,South,Bengaluru
CUST012550,East,Kolkata
CUST012551,North,Delhi NCR
CUST012552,North,Delhi NCR
CUST012553,South,Bengaluru
CUST012554,South,Bengaluru
CUST012555,North,Delhi NCR
CUST012556,Central,Nagpur
CUST012557,East,Kolkata
CUST012558,North,Delhi NCR
CUST012559,North,Delhi NCR
CUST012560,Central,Nagpur
CUST012561,South,Bengaluru
CUST012562,North,Delhi NCR
CUST012563,West,Mumbai
CUST012564,Central,Nagpur
CUST012565,South,Bengaluru
CUST012566,West,Mumbai
CUST012567,East,Kolkata
CUST012568,North,Delhi NCR
CUST012569,West,Mumbai
CUST012570,Central,Nagpur
CUST012571,Central,Nagpur
CUST012572,North,Delhi NCR
CUST012573,East,Kolkata
CUST012574,West,Mumbai
CUST012575,North,Delhi NCR
CUST012576,Central,Nagpur
CUST012577,North,Delhi NCR
CUST012578,South,Bengaluru
CUST012579,Central,Nagpur
CUST012580,East,Kolkata
CUST012581,West,Mumbai
CUST012582,East,Kolkata
CUST012583,West,Mumbai
CUST012584,North,Delhi NCR
CUST012585,West,Mumbai
CUST012586,North,Delhi NCR
CUST012587,North,Delhi NCR
CUST012588,East,Kolkata
CUST012589,East,Kolkata
CUST012590,North,Delhi NCR
CUST012591,West,Mumbai
CUST012592,South,Bengaluru
CUST012593,Central,Nagpur
CUST012594,North,Delhi NCR
CUST012595,South,Bengaluru
CUST012596,South,Bengaluru
CUST012597,East,Kolkata
CUST012598,East,Kolkata
CUST012599,North,Delhi NCR
CUST012600,East,Kolkata
CUST012601,Central,Nagpur
CUST012602,North,Delhi NCR
CUST012603,South,Bengaluru
CUST012604,East,Kolkata
CUST012605,West,Mumbai
CUST012606,North,Delhi NCR
CUST012607,South,Bengaluru
CUST012608,South,Bengaluru
CUST012609,West,Mumbai
CUST012610,North,Delhi NCR
CUST012611,West,Mumbai
CUST012612,East,Kolkata
CUST012613,South,Bengaluru
CUST012614,Central,Nagpur
CUST012615,Central,Nagpur
CUST012616,Central,Nagpur
CUST012617,Central,Nagpur
CUST012618,South,Bengaluru
CUST012619,Central,Nagpur
CUST012620,North,Delhi NCR
CUST012621,South,Bengaluru
CUST012622,East,Kolkata
CUST012623,West,Mumbai
CUST012624,East,Kolkata
CUST012625,East,Kolkata
CUST012626,South,Bengaluru
CUST012627,East,Kolkata
CUST012628,East,Kolkata
CUST012629,East,Kolkata
CUST012630,East,Kolkata
CUST012631,West,Mumbai
CUST012632,South,Bengaluru
CUST012633,North,Delhi NCR
CUST012634,South,Bengaluru
CUST012635,East,Kolkata
CUST012636,North,Delhi NCR
CUST012637,North,Delhi NCR
CUST012638,Central,Nagpur
CUST012639,South,Bengaluru
CUST012640,West,Mumbai
CUST012641,North,Delhi NCR
CUST012642,Central,Nagpur
CUST012643,South,Bengaluru
CUST012644,South,Bengaluru
CUST012645,West,Mumbai
CUST012646,South,Bengaluru
CUST012647,East,Kolkata
CUST012648,West,Mumbai
CUST012649,North,Delhi NCR
CUST012650,North,Delhi NCR
CUST012651,West,Mumbai
CUST012652,South,Bengaluru
CUST012653,Central,Nagpur
CUST012654,Central,Nagpur
CUST012655,Central,Nagpur
CUST012656,Central,Nagpur
CUST012657,Central,Nagpur
CUST012658,South,Bengaluru
CUST012659,Central,Nagpur
CUST012660,South,Bengaluru
CUST012661,East,Kolkata
CUST012662,North,Delhi NCR
CUST012663,Central,Nagpur
CUST012664,East,Kolkata
CUST012665,Central,Nagpur
CUST012666,South,Bengaluru
CUST012667,South,Bengaluru
CUST012668,East,Kolkata
CUST012669,Central,Nagpur
CUST012670,East,Kolkata
CUST012671,West,Mumbai
CUST012672,South,Bengaluru
CUST012673,West,Mumbai
CUST012674,West,Mumbai
CUST012675,Central,Nagpur
CUST012676,North,Delhi NCR
CUST012677,South,Bengaluru
CUST012678,North,Delhi NCR
CUST012679,East,Kolkata
CUST012680,West,Mumbai
CUST012681,West,Mumbai
CUST012682,West,Mumbai
CUST012683,West,Mumbai
CUST012684,Central,Nagpur
CUST012685,Central,Nagpur
CUST012686,East,Kolkata
CUST012687,Central,Nagpur
CUST012688,North,Delhi NCR
CUST012689,West,Mumbai
CUST012690,East,Kolkata
CUST012691,Central,Nagpur
CUST012692,East,Kolkata
CUST012693,North,Delhi NCR
CUST012694,West,Mumbai
CUST012695,Central,Nagpur
CUST012696,North,Delhi NCR
CUST012697,North,Delhi NCR
CUST012698,West,Mumbai
CUST012699,East,Kolkata
CUST012700,East,Kolkata
CUST012701,North,Delhi NCR
CUST012702,East,Kolkata
CUST012703,East,Kolkata
CUST012704,Central,Nagpur
CUST012705,South,Bengaluru
CUST012706,South,Bengaluru
CUST012707,North,Delhi NCR
CUST012708,East,Kolkata
CUST012709,West,Mumbai
CUST012710,South,Bengaluru
CUST012711,West,Mumbai
CUST012712,Central,Nagpur
CUST012713,North,Delhi NCR
CUST012714,East,Kolkata
CUST012715,West,Mumbai
CUST012716,North,Delhi NCR
CUST012717,North,Delhi NCR
CUST012718,South,Bengaluru
CUST012719,North,Delhi NCR
CUST012720,South,Bengaluru
CUST012721,North,Delhi NCR
CUST012722,Central,Nagpur
CUST012723,East,Kolkata
CUST012724,South,Bengaluru
CUST012725,West,Mumbai
CUST012726,North,Delhi NCR
CUST012727,East,Kolkata
CUST012728,West,Mumbai
CUST012729,Central,Nagpur
CUST012730,South,Bengaluru
CUST012731,East,Kolkata
CUST012732,West,Mumbai
CUST012733,West,Mumbai
CUST012734,North,Delhi NCR
CUST012735,Central,Nagpur
CUST012736,South,Bengaluru
CUST012737,South,Bengaluru
CUST012738,North,Delhi NCR
CUST012739,North,Delhi NCR
CUST012740,South,Bengaluru
CUST012741,North,Delhi NCR
CUST012742,West,Mumbai
CUST012743,East,Kolkata
CUST012744,South,Bengaluru
CUST012745,East,Kolkata
CUST012746,West,Mumbai
CUST012747,North,Delhi NCR
CUST012748,South,Bengaluru
CUST012749,Central,Nagpur
CUST012750,North,Delhi NCR
CUST012751,Central,Nagpur
CUST012752,Central,Nagpur
CUST012753,South,Bengaluru
CUST012754,South,Bengaluru
CUST012755,South,Bengaluru
CUST012756,East,Kolkata
CUST012757,South,Bengaluru
CUST012758,West,Mumbai
CUST012759,South,Bengaluru
CUST012760,Central,Nagpur
CUST012761,Central,Nagpur
CUST012762,East,Kolkata
CUST012763,East,Kolkata
CUST012764,North,Delhi NCR
CUST012765,North,Delhi NCR
CUST012766,East,Kolkata
CUST012767,East,Kolkata
CUST012768,South,Bengaluru
CUST012769,North,Delhi NCR
CUST012770,Central,Nagpur
CUST012771,East,Kolkata
CUST012772,East,Kolkata
CUST012773,East,Kolkata
CUST012774,East,Kolkata
CUST012775,West,Mumbai
CUST012776,West,Mumbai
CUST012777,East,Kolkata
CUST012778,North,Delhi NCR
CUST012779,Central,Nagpur
CUST012780,South,Bengaluru
CUST012781,North,Delhi NCR
CUST012782,North,Delhi NCR
CUST012783,West,Mumbai
CUST012784,South,Bengaluru
CUST012785,North,Delhi NCR
CUST012786,Central,Nagpur
CUST012787,South,Bengaluru
CUST012788,Central,Nagpur
CUST012789,Central,Nagpur
CUST012790,North,Delhi NCR
CUST012791,West,Mumbai
CUST012792,West,Mumbai
CUST012793,North,Delhi NCR
CUST012794,South,Bengaluru
CUST012795,East,Kolkata
CUST012796,North,Delhi NCR
CUST012797,West,Mumbai
CUST012798,South,Bengaluru
CUST012799,Central,Nagpur
CUST012800,Central,Nagpur
CUST012801,West,Mumbai
CUST012802,North,Delhi NCR
CUST012803,North,Delhi NCR
CUST012804,North,Delhi NCR
CUST012805,East,Kolkata
CUST012806,West,Mumbai
CUST012807,North,Delhi NCR
CUST012808,West,Mumbai
CUST012809,North,Delhi NCR
CUST012810,South,Bengaluru
CUST012811,East,Kolkata
CUST012812,Central,Nagpur
CUST012813,West,Mumbai
CUST012814,East,Kolkata
CUST012815,North,Delhi NCR
CUST012816,South,Bengaluru
CUST012817,West,Mumbai
CUST012818,North,Delhi NCR
CUST012819,West,Mumbai
CUST012820,West,Mumbai
CUST012821,West,Mumbai
CUST012822,South,Bengaluru
CUST012823,South,Bengaluru
CUST012824,North,Delhi NCR
CUST012825,South,Bengaluru
CUST012826,East,Kolkata
CUST012827,North,Delhi NCR
CUST012828,East,Kolkata
CUST012829,South,Bengaluru
CUST012830,East,Kolkata
CUST012831,South,Bengaluru
CUST012832,Central,Nagpur
CUST012833,South,Bengaluru
CUST012834,Central,Nagpur
CUST012835,North,Delhi NCR
CUST012836,North,Delhi NCR
CUST012837,North,Delhi NCR
CUST012838,East,Kolkata
CUST012839,Central,Nagpur
CUST012840,North,Delhi NCR
CUST012841,West,Mumbai
CUST012842,West,Mumbai
CUST012843,South,Bengaluru
CUST012844,South,Bengaluru
CUST012845,Central,Nagpur
CUST012846,West,Mumbai
CUST012847,South,Bengaluru
CUST012848,Central,Nagpur
CUST012849,East,Kolkata
CUST012850,North,Delhi NCR
CUST012851,Central,Nagpur
CUST012852,Central,Nagpur
CUST012853,East,Kolkata
CUST012854,West,Mumbai
CUST012855,South,Bengaluru
CUST012856,Central,Nagpur
CUST012857,South,Bengaluru
CUST012858,South,Bengaluru
CUST012859,East,Kolkata
CUST012860,South,Bengaluru
CUST012861,West,Mumbai
CUST012862,West,Mumbai
CUST012863,East,Kolkata
CUST012864,West,Mumbai
CUST012865,East,Kolkata
CUST012866,Central,Nagpur
CUST012867,South,Bengaluru
CUST012868,West,Mumbai
CUST012869,East,Kolkata
CUST012870,Central,Nagpur
CUST012871,South,Bengaluru
CUST012872,North,Delhi NCR
CUST012873,Central,Nagpur
CUST012874,Central,Nagpur
CUST012875,West,Mumbai
CUST012876,East,Kolkata
CUST012877,East,Kolkata
CUST012878,West,Mumbai
CUST012879,West,Mumbai
CUST012880,South,Bengaluru
CUST012881,North,Delhi NCR
CUST012882,North,Delhi NCR
CUST012883,South,Bengaluru
CUST012884,West,Mumbai
CUST012885,East,Kolkata
CUST012886,West,Mumbai
CUST012887,East,Kolkata
CUST012888,South,Bengaluru
CUST012889,West,Mumbai
CUST012890,West,Mumbai
CUST012891,Central,Nagpur
CUST012892,Central,Nagpur
CUST012893,South,Bengaluru
CUST012894,West,Mumbai
CUST012895,South,Bengaluru
CUST012896,Central,Nagpur
CUST012897,West,Mumbai
CUST012898,Central,Nagpur
CUST012899,South,Bengaluru
CUST012900,North,Delhi NCR
CUST012901,North,Delhi NCR
CUST012902,East,Kolkata
CUST012903,Central,Nagpur
CUST012904,West,Mumbai
CUST012905,Central,Nagpur
CUST012906,East,Kolkata
CUST012907,Central,Nagpur
CUST012908,Central,Nagpur
CUST012909,South,Bengaluru
CUST012910,Central,Nagpur
CUST012911,North,Delhi NCR
CUST012912,East,Kolkata
CUST012913,East,Kolkata
CUST012914,South,Bengaluru
CUST012915,Central,Nagpur
CUST012916,West,Mumbai
CUST012917,North,Delhi NCR
CUST012918,North,Delhi NCR
CUST012919,North,Delhi NCR
CUST012920,South,Bengaluru
CUST012921,North,Delhi NCR
CUST012922,South,Bengaluru
CUST012923,West,Mumbai
CUST012924,Central,Nagpur
CUST012925,West,Mumbai
CUST012926,East,Kolkata
CUST012927,West,Mumbai
CUST012928,Central,Nagpur
CUST012929,North,Delhi NCR
CUST012930,Central,Nagpur
CUST012931,West,Mumbai
CUST012932,South,Bengaluru
CUST012933,East,Kolkata
CUST012934,East,Kolkata
CUST012935,North,Delhi NCR
CUST012936,South,Bengaluru
CUST012937,South,Bengaluru
CUST012938,North,Delhi NCR
CUST012939,East,Kolkata
CUST012940,East,Kolkata
CUST012941,South,Bengaluru
CUST012942,North,Delhi NCR
CUST012943,Central,Nagpur
CUST012944,West,Mumbai
CUST012945,East,Kolkata
CUST012946,West,Mumbai
CUST012947,South,Bengaluru
CUST012948,South,Bengaluru
CUST012949,West,Mumbai
CUST012950,West,Mumbai
CUST012951,West,Mumbai
CUST012952,East,Kolkata
CUST012953,North,Delhi NCR
CUST012954,West,Mumbai
CUST012955,West,Mumbai
CUST012956,East,Kolkata
CUST012957,South,Bengaluru
CUST012958,Central,Nagpur
CUST012959,South,Bengaluru
CUST012960,South,Bengaluru
CUST012961,West,Mumbai
CUST012962,East,Kolkata
CUST012963,East,Kolkata
CUST012964,West,Mumbai
CUST012965,South,Bengaluru
CUST012966,North,Delhi NCR
CUST012967,North,Delhi NCR
CUST012968,Central,Nagpur
CUST012969,East,Kolkata
CUST012970,East,Kolkata
CUST012971,South,Bengaluru
CUST012972,West,Mumbai
CUST012973,Central,Nagpur
CUST012974,West,Mumbai
CUST012975,East,Kolkata
CUST012976,East,Kolkata
CUST012977,Central,Nagpur
CUST012978,Central,Nagpur
CUST012979,South,Bengaluru
CUST012980,Central,Nagpur
CUST012981,Central,Nagpur
CUST012982,Central,Nagpur
CUST012983,North,Delhi NCR
CUST012984,North,Delhi NCR
CUST012985,South,Bengaluru
CUST012986,West,Mumbai
CUST012987,North,Delhi NCR
CUST012988,North,Delhi NCR
CUST012989,North,Delhi NCR
CUST012990,North,Delhi NCR
CUST012991,Central,Nagpur
CUST012992,West,Mumbai
CUST012993,West,Mumbai
CUST012994,South,Bengaluru
CUST012995,West,Mumbai
CUST012996,West,Mumbai
CUST012997,East,Kolkata
CUST012998,Central,Nagpur
CUST012999,East,Kolkata
CUST013000,South,Bengaluru
CUST013001,West,Mumbai
CUST013002,Central,Nagpur
CUST013003,Central,Nagpur
CUST013004,East,Kolkata
CUST013005,East,Kolkata
CUST013006,Central,Nagpur
CUST013007,West,Mumbai
CUST013008,East,Kolkata
CUST013009,South,Bengaluru
CUST013010,Central,Nagpur
CUST013011,Central,Nagpur
CUST013012,North,Delhi NCR
CUST013013,North,Delhi NCR
CUST013014,North,Delhi NCR
CUST013015,South,Bengaluru
CUST013016,North,Delhi NCR
CUST013017,Central,Nagpur
CUST013018,Central,Nagpur
CUST013019,North,Delhi NCR
CUST013020,Central,Nagpur
CUST013021,North,Delhi NCR
CUST013022,West,Mumbai
CUST013023,South,Bengaluru
CUST013024,North,Delhi NCR
CUST013025,East,Kolkata
CUST013026,Central,Nagpur
CUST013027,Central,Nagpur
CUST013028,North,Delhi NCR
CUST013029,Central,Nagpur
CUST013030,South,Bengaluru
CUST013031,East,Kolkata
CUST013032,North,Delhi NCR
CUST013033,Central,Nagpur
CUST013034,West,Mumbai
CUST013035,West,Mumbai
CUST013036,West,Mumbai
CUST013037,Central,Nagpur
CUST013038,North,Delhi NCR
CUST013039,South,Bengaluru
CUST013040,North,Delhi NCR
CUST013041,East,Kolkata
CUST013042,East,Kolkata
CUST013043,North,Delhi NCR
CUST013044,West,Mumbai
CUST013045,North,Delhi NCR
CUST013046,West,Mumbai
CUST013047,West,Mumbai
CUST013048,Central,Nagpur
CUST013049,North,Delhi NCR
CUST013050,Central,Nagpur
CUST013051,East,Kolkata
CUST013052,Central,Nagpur
CUST013053,West,Mumbai
CUST013054,West,Mumbai
CUST013055,North,Delhi NCR
CUST013056,West,Mumbai
CUST013057,East,Kolkata
CUST013058,Central,Nagpur
CUST013059,West,Mumbai
CUST013060,North,Delhi NCR
CUST013061,Central,Nagpur
CUST013062,North,Delhi NCR
CUST013063,South,Bengaluru
CUST013064,South,Bengaluru
CUST013065,Central,Nagpur
CUST013066,North,Delhi NCR
CUST013067,Central,Nagpur
CUST013068,South,Bengaluru
CUST013069,West,Mumbai
CUST013070,North,Delhi NCR
CUST013071,South,Bengaluru
CUST013072,West,Mumbai
CUST013073,West,Mumbai
CUST013074,Central,Nagpur
CUST013075,Central,Nagpur
CUST013076,East,Kolkata
CUST013077,South,Bengaluru
CUST013078,South,Bengaluru
CUST013079,Central,Nagpur
CUST013080,West,Mumbai
CUST013081,Central,Nagpur
CUST013082,East,Kolkata
CUST013083,East,Kolkata
CUST013084,Central,Nagpur
CUST013085,West,Mumbai
CUST013086,South,Bengaluru
CUST013087,East,Kolkata
CUST013088,South,Bengaluru
CUST013089,West,Mumbai
CUST013090,North,Delhi NCR
CUST013091,Central,Nagpur
CUST013092,Central,Nagpur
CUST013093,North,Delhi NCR
CUST013094,West,Mumbai
CUST013095,North,Delhi NCR
CUST013096,South,Bengaluru
CUST013097,South,Bengaluru
CUST013098,East,Kolkata
CUST013099,Central,Nagpur
CUST013100,East,Kolkata
CUST013101,South,Bengaluru
CUST013102,North,Delhi NCR
CUST013103,Central,Nagpur
CUST013104,South,Bengaluru
CUST013105,East,Kolkata
CUST013106,North,Delhi NCR
CUST013107,South,Bengaluru
CUST013108,East,Kolkata
CUST013109,Central,Nagpur
CUST013110,South,Bengaluru
CUST013111,East,Kolkata
CUST013112,Central,Nagpur
CUST013113,South,Bengaluru
CUST013114,South,Bengaluru
CUST013115,North,Delhi NCR
CUST013116,Central,Nagpur
CUST013117,North,Delhi NCR
CUST013118,South,Bengaluru
CUST013119,North,Delhi NCR
CUST013120,West,Mumbai
CUST013121,South,Bengaluru
CUST013122,West,Mumbai
CUST013123,West,Mumbai
CUST013124,North,Delhi NCR
CUST013125,South,Bengaluru
CUST013126,North,Delhi NCR
CUST013127,North,Delhi NCR
CUST013128,East,Kolkata
CUST013129,South,Bengaluru
CUST013130,North,Delhi NCR
CUST013131,East,Kolkata
CUST013132,East,Kolkata
CUST013133,Central,Nagpur
CUST013134,West,Mumbai
CUST013135,South,Bengaluru
CUST013136,East,Kolkata
CUST013137,North,Delhi NCR
CUST013138,South,Bengaluru
CUST013139,East,Kolkata
CUST013140,North,Delhi NCR
CUST013141,Central,Nagpur
CUST013142,East,Kolkata
CUST013143,West,Mumbai
CUST013144,South,Bengaluru
CUST013145,Central,Nagpur
CUST013146,South,Bengaluru
CUST013147,Central,Nagpur
CUST013148,East,Kolkata
CUST013149,West,Mumbai
CUST013150,South,Bengaluru
CUST013151,Central,Nagpur
CUST013152,North,Delhi NCR
CUST013153,North,Delhi NCR
CUST013154,East,Kolkata
CUST013155,Central,Nagpur
CUST013156,Central,Nagpur
CUST013157,Central,Nagpur
CUST013158,East,Kolkata
CUST013159,Central,Nagpur
CUST013160,East,Kolkata
CUST013161,East,Kolkata
CUST013162,North,Delhi NCR
CUST013163,West,Mumbai
CUST013164,South,Bengaluru
CUST013165,North,Delhi NCR
CUST013166,South,Bengaluru
CUST013167,West,Mumbai
CUST013168,South,Bengaluru
CUST013169,South,Bengaluru
CUST013170,South,Bengaluru
CUST013171,East,Kolkata
CUST013172,West,Mumbai
CUST013173,West,Mumbai
CUST013174,North,Delhi NCR
CUST013175,South,Bengaluru
CUST013176,West,Mumbai
CUST013177,South,Bengaluru
CUST013178,North,Delhi NCR
CUST013179,South,Bengaluru
CUST013180,West,Mumbai
CUST013181,West,Mumbai
CUST013182,North,Delhi NCR
CUST013183,West,Mumbai
CUST013184,North,Delhi NCR
CUST013185,West,Mumbai
CUST013186,East,Kolkata
CUST013187,North,Delhi NCR
CUST013188,South,Bengaluru
CUST013189,Central,Nagpur
CUST013190,East,Kolkata
CUST013191,West,Mumbai
CUST013192,West,Mumbai
CUST013193,North,Delhi NCR
CUST013194,Central,Nagpur
CUST013195,South,Bengaluru
CUST013196,West,Mumbai
CUST013197,East,Kolkata
CUST013198,East,Kolkata
CUST013199,South,Bengaluru
CUST013200,Central,Nagpur
CUST013201,North,Delhi NCR
CUST013202,Central,Nagpur
CUST013203,South,Bengaluru
CUST013204,Central,Nagpur
CUST013205,North,Delhi NCR
CUST013206,North,Delhi NCR
CUST013207,North,Delhi NCR
CUST013208,East,Kolkata
CUST013209,South,Bengaluru
CUST013210,East,Kolkata
CUST013211,Central,Nagpur
CUST013212,North,Delhi NCR
CUST013213,East,Kolkata
CUST013214,West,Mumbai
CUST013215,East,Kolkata
CUST013216,Central,Nagpur
CUST013217,West,Mumbai
CUST013218,North,Delhi NCR
CUST013219,East,Kolkata
CUST013220,South,Bengaluru
CUST013221,North,Delhi NCR
CUST013222,Central,Nagpur
CUST013223,South,Bengaluru
CUST013224,North,Delhi NCR
CUST013225,South,Bengaluru
CUST013226,Central,Nagpur
CUST013227,East,Kolkata
CUST013228,Central,Nagpur
CUST013229,East,Kolkata
CUST013230,North,Delhi NCR
CUST013231,South,Bengaluru
CUST013232,North,Delhi NCR
CUST013233,East,Kolkata
CUST013234,South,Bengaluru
CUST013235,Central,Nagpur
CUST013236,South,Bengaluru
CUST013237,South,Bengaluru
CUST013238,Central,Nagpur
CUST013239,East,Kolkata
CUST013240,North,Delhi NCR
CUST013241,East,Kolkata
CUST013242,South,Bengaluru
CUST013243,West,Mumbai
CUST013244,East,Kolkata
CUST013245,West,Mumbai
CUST013246,Central,Nagpur
CUST013247,West,Mumbai
CUST013248,South,Bengaluru
CUST013249,South,Bengaluru
CUST013250,East,Kolkata
CUST013251,East,Kolkata
CUST013252,South,Bengaluru
CUST013253,Central,Nagpur
CUST013254,Central,Nagpur
CUST013255,South,Bengaluru
CUST013256,West,Mumbai
CUST013257,Central,Nagpur
CUST013258,North,Delhi NCR
CUST013259,South,Bengaluru
CUST013260,West,Mumbai
CUST013261,East,Kolkata
CUST013262,West,Mumbai
CUST013263,East,Kolkata
CUST013264,North,Delhi NCR
CUST013265,East,Kolkata
CUST013266,East,Kolkata
CUST013267,Central,Nagpur
CUST013268,North,Delhi NCR
CUST013269,North,Delhi NCR
CUST013270,North,Delhi NCR
CUST013271,East,Kolkata
CUST013272,Central,Nagpur
CUST013273,West,Mumbai
CUST013274,Central,Nagpur
CUST013275,Central,Nagpur
CUST013276,West,Mumbai
CUST013277,West,Mumbai
CUST013278,South,Bengaluru
CUST013279,Central,Nagpur
CUST013280,West,Mumbai
CUST013281,Central,Nagpur
CUST013282,Central,Nagpur
CUST013283,South,Bengaluru
CUST013284,North,Delhi NCR
CUST013285,Central,Nagpur
CUST013286,East,Kolkata
CUST013287,Central,Nagpur
CUST013288,West,Mumbai
CUST013289,South,Bengaluru
CUST013290,South,Bengaluru
CUST013291,West,Mumbai
CUST013292,South,Bengaluru
CUST013293,South,Bengaluru
CUST013294,South,Bengaluru
CUST013295,West,Mumbai
CUST013296,North,Delhi NCR
CUST013297,North,Delhi NCR
CUST013298,North,Delhi NCR
CUST013299,West,Mumbai
CUST013300,North,Delhi NCR
CUST013301,East,Kolkata
CUST013302,North,Delhi NCR
CUST013303,East,Kolkata
CUST013304,North,Delhi NCR
CUST013305,North,Delhi NCR
CUST013306,East,Kolkata
CUST013307,West,Mumbai
CUST013308,North,Delhi NCR
CUST013309,East,Kolkata
CUST013310,Central,Nagpur
CUST013311,West,Mumbai
CUST013312,West,Mumbai
CUST013313,South,Bengaluru
CUST013314,Central,Nagpur
CUST013315,North,Delhi NCR
CUST013316,West,Mumbai
CUST013317,East,Kolkata
CUST013318,North,Delhi NCR
CUST013319,Central,Nagpur
CUST013320,West,Mumbai
CUST013321,South,Bengaluru
CUST013322,North,Delhi NCR
CUST013323,West,Mumbai
CUST013324,East,Kolkata
CUST013325,North,Delhi NCR
CUST013326,Central,Nagpur
CUST013327,West,Mumbai
CUST013328,East,Kolkata
CUST013329,South,Bengaluru
CUST013330,South,Bengaluru
CUST013331,East,Kolkata
CUST013332,North,Delhi NCR
CUST013333,South,Bengaluru
CUST013334,South,Bengaluru
CUST013335,North,Delhi NCR
CUST013336,North,Delhi NCR
CUST013337,South,Bengaluru
CUST013338,South,Bengaluru
CUST013339,South,Bengaluru
CUST013340,West,Mumbai
CUST013341,East,Kolkata
CUST013342,North,Delhi NCR
CUST013343,Central,Nagpur
CUST013344,West,Mumbai
CUST013345,East,Kolkata
CUST013346,North,Delhi NCR
CUST013347,Central,Nagpur
CUST013348,West,Mumbai
CUST013349,East,Kolkata
CUST013350,North,Delhi NCR
CUST013351,North,Delhi NCR
CUST013352,South,Bengaluru
CUST013353,South,Bengaluru
CUST013354,South,Bengaluru
CUST013355,East,Kolkata
CUST013356,North,Delhi NCR
CUST013357,South,Bengaluru
CUST013358,Central,Nagpur
CUST013359,Central,Nagpur
CUST013360,North,Delhi NCR
CUST013361,West,Mumbai
CUST013362,Central,Nagpur
CUST013363,East,Kolkata
CUST013364,South,Bengaluru
CUST013365,East,Kolkata
CUST013366,South,Bengaluru
CUST013367,South,Bengaluru
CUST013368,Central,Nagpur
CUST013369,West,Mumbai
CUST013370,East,Kolkata
CUST013371,North,Delhi NCR
CUST013372,Central,Nagpur
CUST013373,North,Delhi NCR
CUST013374,West,Mumbai
CUST013375,South,Bengaluru
CUST013376,South,Bengaluru
CUST013377,North,Delhi NCR
CUST013378,South,Bengaluru
CUST013379,West,Mumbai
CUST013380,East,Kolkata
CUST013381,North,Delhi NCR
CUST013382,South,Bengaluru
CUST013383,North,Delhi NCR
CUST013384,East,Kolkata
CUST013385,Central,Nagpur
CUST013386,Central,Nagpur
CUST013387,Central,Nagpur
CUST013388,North,Delhi NCR
CUST013389,East,Kolkata
CUST013390,North,Delhi NCR
CUST013391,East,Kolkata
CUST013392,East,Kolkata
CUST013393,West,Mumbai
CUST013394,South,Bengaluru
CUST013395,North,Delhi NCR
CUST013396,East,Kolkata
CUST013397,East,Kolkata
CUST013398,West,Mumbai
CUST013399,North,Delhi NCR
CUST013400,West,Mumbai
CUST013401,East,Kolkata
CUST013402,West,Mumbai
CUST013403,Central,Nagpur
CUST013404,South,Bengaluru
CUST013405,West,Mumbai
CUST013406,North,Delhi NCR
CUST013407,Central,Nagpur
CUST013408,East,Kolkata
CUST013409,West,Mumbai
CUST013410,West,Mumbai
CUST013411,West,Mumbai
CUST013412,South,Bengaluru
CUST013413,West,Mumbai
CUST013414,East,Kolkata
CUST013415,West,Mumbai
CUST013416,West,Mumbai
CUST013417,East,Kolkata
CUST013418,North,Delhi NCR
CUST013419,South,Bengaluru
CUST013420,Central,Nagpur
CUST013421,East,Kolkata
CUST013422,West,Mumbai
CUST013423,South,Bengaluru
CUST013424,West,Mumbai
CUST013425,East,Kolkata
CUST013426,South,Bengaluru
CUST013427,North,Delhi NCR
CUST013428,South,Bengaluru
CUST013429,East,Kolkata
CUST013430,South,Bengaluru
CUST013431,South,Bengaluru
CUST013432,South,Bengaluru
CUST013433,South,Bengaluru
CUST013434,West,Mumbai
CUST013435,East,Kolkata
CUST013436,East,Kolkata
CUST013437,North,Delhi NCR
CUST013438,East,Kolkata
CUST013439,Central,Nagpur
CUST013440,West,Mumbai
CUST013441,East,Kolkata
CUST013442,South,Bengaluru
CUST013443,South,Bengaluru
CUST013444,North,Delhi NCR
CUST013445,North,Delhi NCR
CUST013446,West,Mumbai
CUST013447,Central,Nagpur
CUST013448,Central,Nagpur
CUST013449,West,Mumbai
CUST013450,Central,Nagpur
CUST013451,East,Kolkata
CUST013452,South,Bengaluru
CUST013453,South,Bengaluru
CUST013454,South,Bengaluru
CUST013455,West,Mumbai
CUST013456,North,Delhi NCR
CUST013457,Central,Nagpur
CUST013458,West,Mumbai
CUST013459,South,Bengaluru
CUST013460,West,Mumbai
CUST013461,North,Delhi NCR
CUST013462,East,Kolkata
CUST013463,North,Delhi NCR
CUST013464,North,Delhi NCR
CUST013465,North,Delhi NCR
CUST013466,West,Mumbai
CUST013467,West,Mumbai
CUST013468,Central,Nagpur
CUST013469,Central,Nagpur
CUST013470,Central,Nagpur
CUST013471,Central,Nagpur
CUST013472,North,Delhi NCR
CUST013473,West,Mumbai
CUST013474,West,Mumbai
CUST013475,North,Delhi NCR
CUST013476,North,Delhi NCR
CUST013477,Central,Nagpur
CUST013478,Central,Nagpur
CUST013479,South,Bengaluru
CUST013480,North,Delhi NCR
CUST013481,South,Bengaluru
CUST013482,North,Delhi NCR
CUST013483,West,Mumbai
CUST013484,South,Bengaluru
CUST013485,North,Delhi NCR
CUST013486,Central,Nagpur
CUST013487,Central,Nagpur
CUST013488,Central,Nagpur
CUST013489,Central,Nagpur
CUST013490,North,Delhi NCR
CUST013491,West,Mumbai
CUST013492,West,Mumbai
CUST013493,West,Mumbai
CUST013494,South,Bengaluru
CUST013495,South,Bengaluru
CUST013496,Central,Nagpur
CUST013497,North,Delhi NCR
CUST013498,West,Mumbai
CUST013499,West,Mumbai
CUST013500,West,Mumbai
CUST013501,East,Kolkata
CUST013502,West,Mumbai
CUST013503,Central,Nagpur
CUST013504,West,Mumbai
CUST013505,North,Delhi NCR
CUST013506,South,Bengaluru
CUST013507,South,Bengaluru
CUST013508,South,Bengaluru
CUST013509,South,Bengaluru
CUST013510,South,Bengaluru
CUST013511,West,Mumbai
CUST013512,North,Delhi NCR
CUST013513,West,Mumbai
CUST013514,West,Mumbai
CUST013515,Central,Nagpur
CUST013516,North,Delhi NCR
CUST013517,South,Bengaluru
CUST013518,Central,Nagpur
CUST013519,East,Kolkata
CUST013520,East,Kolkata
CUST013521,North,Delhi NCR
CUST013522,West,Mumbai
CUST013523,South,Bengaluru
CUST013524,Central,Nagpur
CUST013525,South,Bengaluru
CUST013526,North,Delhi NCR
CUST013527,East,Kolkata
CUST013528,East,Kolkata
CUST013529,East,Kolkata
CUST013530,Central,Nagpur
CUST013531,South,Bengaluru
CUST013532,South,Bengaluru
CUST013533,West,Mumbai
CUST013534,North,Delhi NCR
CUST013535,Central,Nagpur
CUST013536,South,Bengaluru
CUST013537,South,Bengaluru
CUST013538,North,Delhi NCR
CUST013539,South,Bengaluru
CUST013540,East,Kolkata
CUST013541,West,Mumbai
CUST013542,Central,Nagpur
CUST013543,West,Mumbai
CUST013544,South,Bengaluru
CUST013545,Central,Nagpur
CUST013546,North,Delhi NCR
CUST013547,South,Bengaluru
CUST013548,South,Bengaluru
CUST013549,East,Kolkata
CUST013550,South,Bengaluru
CUST013551,Central,Nagpur
CUST013552,South,Bengaluru
CUST013553,South,Bengaluru
CUST013554,West,Mumbai
CUST013555,East,Kolkata
CUST013556,East,Kolkata
CUST013557,Central,Nagpur
CUST013558,East,Kolkata
CUST013559,North,Delhi NCR
CUST013560,West,Mumbai
CUST013561,West,Mumbai
CUST013562,South,Bengaluru
CUST013563,Central,Nagpur
CUST013564,South,Bengaluru
CUST013565,North,Delhi NCR
CUST013566,North,Delhi NCR
CUST013567,West,Mumbai
CUST013568,South,Bengaluru
CUST013569,East,Kolkata
CUST013570,West,Mumbai
CUST013571,Central,Nagpur
CUST013572,East,Kolkata
CUST013573,Central,Nagpur
CUST013574,South,Bengaluru
CUST013575,Central,Nagpur
CUST013576,South,Bengaluru
CUST013577,North,Delhi NCR
CUST013578,West,Mumbai
CUST013579,West,Mumbai
CUST013580,Central,Nagpur
CUST013581,Central,Nagpur
CUST013582,North,Delhi NCR
CUST013583,West,Mumbai
CUST013584,West,Mumbai
CUST013585,West,Mumbai
CUST013586,North,Delhi NCR
CUST013587,North,Delhi NCR
CUST013588,West,Mumbai
CUST013589,Central,Nagpur
CUST013590,North,Delhi NCR
CUST013591,North,Delhi NCR
CUST013592,East,Kolkata
CUST013593,South,Bengaluru
CUST013594,Central,Nagpur
CUST013595,Central,Nagpur
CUST013596,East,Kolkata
CUST013597,Central,Nagpur
CUST013598,South,Bengaluru
CUST013599,Central,Nagpur
CUST013600,East,Kolkata
CUST013601,East,Kolkata
CUST013602,North,Delhi NCR
CUST013603,North,Delhi NCR
CUST013604,North,Delhi NCR
CUST013605,East,Kolkata
CUST013606,North,Delhi NCR
CUST013607,North,Delhi NCR
CUST013608,West,Mumbai
CUST013609,Central,Nagpur
CUST013610,North,Delhi NCR
CUST013611,East,Kolkata
CUST013612,Central,Nagpur
CUST013613,East,Kolkata
CUST013614,North,Delhi NCR
CUST013615,North,Delhi NCR
CUST013616,Central,Nagpur
CUST013617,East,Kolkata
CUST013618,North,Delhi NCR
CUST013619,Central,Nagpur
CUST013620,Central,Nagpur
CUST013621,West,Mumbai
CUST013622,North,Delhi NCR
CUST013623,North,Delhi NCR
CUST013624,South,Bengaluru
CUST013625,North,Delhi NCR
CUST013626,East,Kolkata
CUST013627,South,Bengaluru
CUST013628,West,Mumbai
CUST013629,North,Delhi NCR
CUST013630,West,Mumbai
CUST013631,Central,Nagpur
CUST013632,North,Delhi NCR
CUST013633,West,Mumbai
CUST013634,East,Kolkata
CUST013635,North,Delhi NCR
CUST013636,South,Bengaluru
CUST013637,West,Mumbai
CUST013638,Central,Nagpur
CUST013639,South,Bengaluru
CUST013640,North,Delhi NCR
CUST013641,South,Bengaluru
CUST013642,Central,Nagpur
CUST013643,East,Kolkata
CUST013644,East,Kolkata
CUST013645,North,Delhi NCR
CUST013646,West,Mumbai
CUST013647,East,Kolkata
CUST013648,East,Kolkata
CUST013649,Central,Nagpur
CUST013650,East,Kolkata
CUST013651,Central,Nagpur
CUST013652,East,Kolkata
CUST013653,South,Bengaluru
CUST013654,Central,Nagpur
CUST013655,West,Mumbai
CUST013656,West,Mumbai
CUST013657,South,Bengaluru
CUST013658,West,Mumbai
CUST013659,East,Kolkata
CUST013660,North,Delhi NCR
CUST013661,South,Bengaluru
CUST013662,Central,Nagpur
CUST013663,East,Kolkata
CUST013664,West,Mumbai
CUST013665,North,Delhi NCR
CUST013666,South,Bengaluru
CUST013667,Central,Nagpur
CUST013668,East,Kolkata
CUST013669,Central,Nagpur
CUST013670,Central,Nagpur
CUST013671,South,Bengaluru
CUST013672,Central,Nagpur
CUST013673,West,Mumbai
CUST013674,North,Delhi NCR
CUST013675,North,Delhi NCR
CUST013676,North,Delhi NCR
CUST013677,West,Mumbai
CUST013678,North,Delhi NCR
CUST013679,South,Bengaluru
CUST013680,East,Kolkata
CUST013681,North,Delhi NCR
CUST013682,South,Bengaluru
CUST013683,West,Mumbai
CUST013684,Central,Nagpur
CUST013685,East,Kolkata
CUST013686,West,Mumbai
CUST013687,East,Kolkata
CUST013688,East,Kolkata
CUST013689,East,Kolkata
CUST013690,Central,Nagpur
CUST013691,North,Delhi NCR
CUST013692,East,Kolkata
CUST013693,North,Delhi NCR
CUST013694,Central,Nagpur
CUST013695,West,Mumbai
CUST013696,North,Delhi NCR
CUST013697,West,Mumbai
CUST013698,East,Kolkata
CUST013699,North,Delhi NCR
CUST013700,Central,Nagpur
CUST013701,South,Bengaluru
CUST013702,North,Delhi NCR
CUST013703,West,Mumbai
CUST013704,South,Bengaluru
CUST013705,West,Mumbai
CUST013706,North,Delhi NCR
CUST013707,Central,Nagpur
CUST013708,East,Kolkata
CUST013709,East,Kolkata
CUST013710,Central,Nagpur
CUST013711,East,Kolkata
CUST013712,North,Delhi NCR
CUST013713,East,Kolkata
CUST013714,West,Mumbai
CUST013715,South,Bengaluru
CUST013716,North,Delhi NCR
CUST013717,North,Delhi NCR
CUST013718,Central,Nagpur
CUST013719,North,Delhi NCR
CUST013720,East,Kolkata
CUST013721,Central,Nagpur
CUST013722,South,Bengaluru
CUST013723,South,Bengaluru
CUST013724,West,Mumbai
CUST013725,West,Mumbai
CUST013726,North,Delhi NCR
CUST013727,East,Kolkata
CUST013728,North,Delhi NCR
CUST013729,South,Bengaluru
CUST013730,South,Bengaluru
CUST013731,Central,Nagpur
CUST013732,Central,Nagpur
CUST013733,West,Mumbai
CUST013734,West,Mumbai
CUST013735,North,Delhi NCR
CUST013736,North,Delhi NCR
CUST013737,West,Mumbai
CUST013738,East,Kolkata
CUST013739,East,Kolkata
CUST013740,West,Mumbai
CUST013741,South,Bengaluru
CUST013742,West,Mumbai
CUST013743,West,Mumbai
CUST013744,South,Bengaluru
CUST013745,West,Mumbai
CUST013746,North,Delhi NCR
CUST013747,South,Bengaluru
CUST013748,West,Mumbai
CUST013749,Central,Nagpur
CUST013750,North,Delhi NCR
CUST013751,West,Mumbai
CUST013752,East,Kolkata
CUST013753,West,Mumbai
CUST013754,West,Mumbai
CUST013755,North,Delhi NCR
CUST013756,West,Mumbai
CUST013757,South,Bengaluru
CUST013758,North,Delhi NCR
CUST013759,East,Kolkata
CUST013760,North,Delhi NCR
CUST013761,West,Mumbai
CUST013762,East,Kolkata
CUST013763,East,Kolkata
CUST013764,North,Delhi NCR
CUST013765,West,Mumbai
CUST013766,North,Delhi NCR
CUST013767,South,Bengaluru
CUST013768,South,Bengaluru
CUST013769,West,Mumbai
CUST013770,East,Kolkata
CUST013771,Central,Nagpur
CUST013772,Central,Nagpur
CUST013773,West,Mumbai
CUST013774,North,Delhi NCR
CUST013775,West,Mumbai
CUST013776,South,Bengaluru
CUST013777,Central,Nagpur
CUST013778,Central,Nagpur
CUST013779,North,Delhi NCR
CUST013780,North,Delhi NCR
CUST013781,West,Mumbai
CUST013782,North,Delhi NCR
CUST013783,Central,Nagpur
CUST013784,East,Kolkata
CUST013785,East,Kolkata
CUST013786,Central,Nagpur
CUST013787,South,Bengaluru
CUST013788,East,Kolkata
CUST013789,Central,Nagpur
CUST013790,North,Delhi NCR
CUST013791,North,Delhi NCR
CUST013792,North,Delhi NCR
CUST013793,South,Bengaluru
CUST013794,North,Delhi NCR
CUST013795,North,Delhi NCR
CUST013796,Central,Nagpur
CUST013797,East,Kolkata
CUST013798,South,Bengaluru
CUST013799,East,Kolkata
CUST013800,Central,Nagpur
CUST013801,East,Kolkata
CUST013802,East,Kolkata
CUST013803,Central,Nagpur
CUST013804,North,Delhi NCR
CUST013805,East,Kolkata
CUST013806,West,Mumbai
CUST013807,East,Kolkata
CUST013808,Central,Nagpur
CUST013809,Central,Nagpur
CUST013810,South,Bengaluru
CUST013811,Central,Nagpur
CUST013812,South,Bengaluru
CUST013813,South,Bengaluru
CUST013814,Central,Nagpur
CUST013815,North,Delhi NCR
CUST013816,South,Bengaluru
CUST013817,West,Mumbai
CUST013818,East,Kolkata
CUST013819,Central,Nagpur
CUST013820,South,Bengaluru
CUST013821,East,Kolkata
CUST013822,North,Delhi NCR
CUST013823,South,Bengaluru
CUST013824,North,Delhi NCR
CUST013825,West,Mumbai
CUST013826,South,Bengaluru
CUST013827,West,Mumbai
CUST013828,South,Bengaluru
CUST013829,East,Kolkata
CUST013830,Central,Nagpur
CUST013831,Central,Nagpur
CUST013832,North,Delhi NCR
CUST013833,West,Mumbai
CUST013834,Central,Nagpur
CUST013835,West,Mumbai
CUST013836,North,Delhi NCR
CUST013837,West,Mumbai
CUST013838,West,Mumbai
CUST013839,West,Mumbai
CUST013840,East,Kolkata
CUST013841,East,Kolkata
CUST013842,West,Mumbai
CUST013843,East,Kolkata
CUST013844,West,Mumbai
CUST013845,West,Mumbai
CUST013846,South,Bengaluru
CUST013847,West,Mumbai
CUST013848,West,Mumbai
CUST013849,East,Kolkata
CUST013850,West,Mumbai
CUST013851,North,Delhi NCR
CUST013852,South,Bengaluru
CUST013853,West,Mumbai
CUST013854,Central,Nagpur
CUST013855,West,Mumbai
CUST013856,West,Mumbai
CUST013857,South,Bengaluru
CUST013858,West,Mumbai
CUST013859,South,Bengaluru
CUST013860,North,Delhi NCR
CUST013861,South,Bengaluru
CUST013862,West,Mumbai
CUST013863,Central,Nagpur
CUST013864,East,Kolkata
CUST013865,Central,Nagpur
CUST013866,West,Mumbai
CUST013867,East,Kolkata
CUST013868,Central,Nagpur
CUST013869,East,Kolkata
CUST013870,East,Kolkata
CUST013871,West,Mumbai
CUST013872,West,Mumbai
CUST013873,East,Kolkata
CUST013874,East,Kolkata
CUST013875,Central,Nagpur
CUST013876,North,Delhi NCR
CUST013877,North,Delhi NCR
CUST013878,East,Kolkata
CUST013879,North,Delhi NCR
CUST013880,South,Bengaluru
CUST013881,East,Kolkata
CUST013882,East,Kolkata
CUST013883,South,Bengaluru
CUST013884,South,Bengaluru
CUST013885,West,Mumbai
CUST013886,Central,Nagpur
CUST013887,West,Mumbai
CUST013888,East,Kolkata
CUST013889,North,Delhi NCR
CUST013890,South,Bengaluru
CUST013891,East,Kolkata
CUST013892,South,Bengaluru
CUST013893,West,Mumbai
CUST013894,South,Bengaluru
CUST013895,Central,Nagpur
CUST013896,South,Bengaluru
CUST013897,East,Kolkata
CUST013898,West,Mumbai
CUST013899,South,Bengaluru
CUST013900,West,Mumbai
CUST013901,East,Kolkata
CUST013902,West,Mumbai
CUST013903,East,Kolkata
CUST013904,Central,Nagpur
CUST013905,West,Mumbai
CUST013906,North,Delhi NCR
CUST013907,East,Kolkata
CUST013908,Central,Nagpur
CUST013909,South,Bengaluru
CUST013910,East,Kolkata
CUST013911,West,Mumbai
CUST013912,South,Bengaluru
CUST013913,East,Kolkata
CUST013914,East,Kolkata
CUST013915,North,Delhi NCR
CUST013916,North,Delhi NCR
CUST013917,East,Kolkata
CUST013918,North,Delhi NCR
CUST013919,Central,Nagpur
CUST013920,East,Kolkata
CUST013921,West,Mumbai
CUST013922,South,Bengaluru
CUST013923,South,Bengaluru
CUST013924,East,Kolkata
CUST013925,West,Mumbai
CUST013926,South,Bengaluru
CUST013927,South,Bengaluru
CUST013928,North,Delhi NCR
CUST013929,East,Kolkata
CUST013930,West,Mumbai
CUST013931,East,Kolkata
CUST013932,South,Bengaluru
CUST013933,South,Bengaluru
CUST013934,South,Bengaluru
CUST013935,South,Bengaluru
CUST013936,South,Bengaluru
CUST013937,Central,Nagpur
CUST013938,South,Bengaluru
CUST013939,South,Bengaluru
CUST013940,West,Mumbai
CUST013941,Central,Nagpur
CUST013942,East,Kolkata
CUST013943,West,Mumbai
CUST013944,North,Delhi NCR
CUST013945,East,Kolkata
CUST013946,North,Delhi NCR
CUST013947,North,Delhi NCR
CUST013948,East,Kolkata
CUST013949,South,Bengaluru
CUST013950,North,Delhi NCR
CUST013951,North,Delhi NCR
CUST013952,West,Mumbai
CUST013953,East,Kolkata
CUST013954,South,Bengaluru
CUST013955,Central,Nagpur
CUST013956,South,Bengaluru
CUST013957,Central,Nagpur
CUST013958,South,Bengaluru
CUST013959,North,Delhi NCR
CUST013960,North,Delhi NCR
CUST013961,South,Bengaluru
CUST013962,North,Delhi NCR
CUST013963,North,Delhi NCR
CUST013964,South,Bengaluru
CUST013965,Central,Nagpur
CUST013966,South,Bengaluru
CUST013967,South,Bengaluru
CUST013968,Central,Nagpur
CUST013969,South,Bengaluru
CUST013970,Central,Nagpur
CUST013971,West,Mumbai
CUST013972,Central,Nagpur
CUST013973,East,Kolkata
CUST013974,East,Kolkata
CUST013975,South,Bengaluru
CUST013976,East,Kolkata
CUST013977,West,Mumbai
CUST013978,Central,Nagpur
CUST013979,North,Delhi NCR
CUST013980,North,Delhi NCR
CUST013981,North,Delhi NCR
CUST013982,West,Mumbai
CUST013983,North,Delhi NCR
CUST013984,Central,Nagpur
CUST013985,South,Bengaluru
CUST013986,South,Bengaluru
CUST013987,Central,Nagpur
CUST013988,West,Mumbai
CUST013989,East,Kolkata
CUST013990,Central,Nagpur
CUST013991,West,Mumbai
CUST013992,West,Mumbai
CUST013993,South,Bengaluru
CUST013994,Central,Nagpur
CUST013995,West,Mumbai
CUST013996,Central,Nagpur
CUST013997,Central,Nagpur
CUST013998,East,Kolkata
CUST013999,South,Bengaluru
CUST014000,Central,Nagpur
CUST014001,Central,Nagpur
CUST014002,North,Delhi NCR
CUST014003,West,Mumbai
CUST014004,West,Mumbai
CUST014005,West,Mumbai
CUST014006,Central,Nagpur
CUST014007,South,Bengaluru
CUST014008,Central,Nagpur
CUST014009,West,Mumbai
CUST014010,North,Delhi NCR
CUST014011,East,Kolkata
CUST014012,North,Delhi NCR
CUST014013,Central,Nagpur
CUST014014,West,Mumbai
CUST014015,Central,Nagpur
CUST014016,West,Mumbai
CUST014017,South,Bengaluru
CUST014018,East,Kolkata
CUST014019,Central,Nagpur
CUST014020,North,Delhi NCR
CUST014021,Central,Nagpur
CUST014022,East,Kolkata
CUST014023,East,Kolkata
CUST014024,West,Mumbai
CUST014025,North,Delhi NCR
CUST014026,North,Delhi NCR
CUST014027,North,Delhi NCR
CUST014028,West,Mumbai
CUST014029,North,Delhi NCR
CUST014030,West,Mumbai
CUST014031,North,Delhi NCR
CUST014032,West,Mumbai
CUST014033,Central,Nagpur
CUST014034,East,Kolkata
CUST014035,South,Bengaluru
CUST014036,East,Kolkata
CUST014037,West,Mumbai
CUST014038,West,Mumbai
CUST014039,West,Mumbai
CUST014040,East,Kolkata
CUST014041,West,Mumbai
CUST014042,South,Bengaluru
CUST014043,South,Bengaluru
CUST014044,Central,Nagpur
CUST014045,East,Kolkata
CUST014046,Central,Nagpur
CUST014047,West,Mumbai
CUST014048,East,Kolkata
CUST014049,East,Kolkata
CUST014050,West,Mumbai
CUST014051,North,Delhi NCR
CUST014052,East,Kolkata
CUST014053,West,Mumbai
CUST014054,North,Delhi NCR
CUST014055,North,Delhi NCR
CUST014056,North,Delhi NCR
CUST014057,East,Kolkata
CUST014058,South,Bengaluru
CUST014059,East,Kolkata
CUST014060,North,Delhi NCR
CUST014061,South,Bengaluru
CUST014062,North,Delhi NCR
CUST014063,Central,Nagpur
CUST014064,East,Kolkata
CUST014065,North,Delhi NCR
CUST014066,East,Kolkata
CUST014067,Central,Nagpur
CUST014068,Central,Nagpur
CUST014069,Central,Nagpur
CUST014070,East,Kolkata
CUST014071,South,Bengaluru
CUST014072,South,Bengaluru
CUST014073,South,Bengaluru
CUST014074,Central,Nagpur
CUST014075,North,Delhi NCR
CUST014076,Central,Nagpur
CUST014077,Central,Nagpur
CUST014078,Central,Nagpur
CUST014079,West,Mumbai
CUST014080,Central,Nagpur
CUST014081,North,Delhi NCR
CUST014082,Central,Nagpur
CUST014083,East,Kolkata
CUST014084,Central,Nagpur
CUST014085,North,Delhi NCR
CUST014086,Central,Nagpur
CUST014087,East,Kolkata
CUST014088,North,Delhi NCR
CUST014089,East,Kolkata
CUST014090,North,Delhi NCR
CUST014091,North,Delhi NCR
CUST014092,East,Kolkata
CUST014093,Central,Nagpur
CUST014094,North,Delhi NCR
CUST014095,South,Bengaluru
CUST014096,South,Bengaluru
CUST014097,East,Kolkata
CUST014098,North,Delhi NCR
CUST014099,West,Mumbai
CUST014100,East,Kolkata
CUST014101,Central,Nagpur
CUST014102,South,Bengaluru
CUST014103,East,Kolkata
CUST014104,North,Delhi NCR
CUST014105,Central,Nagpur
CUST014106,Central,Nagpur
CUST014107,South,Bengaluru
CUST014108,East,Kolkata
CUST014109,Central,Nagpur
CUST014110,South,Bengaluru
CUST014111,South,Bengaluru
CUST014112,South,Bengaluru
CUST014113,West,Mumbai
CUST014114,South,Bengaluru
CUST014115,North,Delhi NCR
CUST014116,North,Delhi NCR
CUST014117,Central,Nagpur
CUST014118,Central,Nagpur
CUST014119,Central,Nagpur
CUST014120,South,Bengaluru
CUST014121,East,Kolkata
CUST014122,East,Kolkata
CUST014123,East,Kolkata
CUST014124,North,Delhi NCR
CUST014125,East,Kolkata
CUST014126,North,Delhi NCR
CUST014127,South,Bengaluru
CUST014128,South,Bengaluru
CUST014129,West,Mumbai
CUST014130,Central,Nagpur
CUST014131,West,Mumbai
CUST014132,East,Kolkata
CUST014133,East,Kolkata
CUST014134,East,Kolkata
CUST014135,North,Delhi NCR
CUST014136,Central,Nagpur
CUST014137,Central,Nagpur
CUST014138,South,Bengaluru
CUST014139,North,Delhi NCR
CUST014140,North,Delhi NCR
CUST014141,West,Mumbai
CUST014142,North,Delhi NCR
CUST014143,North,Delhi NCR
CUST014144,West,Mumbai
CUST014145,North,Delhi NCR
CUST014146,North,Delhi NCR
CUST014147,North,Delhi NCR
CUST014148,West,Mumbai
CUST014149,South,Bengaluru
CUST014150,South,Bengaluru
CUST014151,West,Mumbai
CUST014152,North,Delhi NCR
CUST014153,East,Kolkata
CUST014154,East,Kolkata
CUST014155,West,Mumbai
CUST014156,West,Mumbai
CUST014157,West,Mumbai
CUST014158,South,Bengaluru
CUST014159,North,Delhi NCR
CUST014160,East,Kolkata
CUST014161,North,Delhi NCR
CUST014162,East,Kolkata
CUST014163,West,Mumbai
CUST014164,Central,Nagpur
CUST014165,West,Mumbai
CUST014166,Central,Nagpur
CUST014167,East,Kolkata
CUST014168,East,Kolkata
CUST014169,South,Bengaluru
CUST014170,West,Mumbai
CUST014171,Central,Nagpur
CUST014172,South,Bengaluru
CUST014173,North,Delhi NCR
CUST014174,North,Delhi NCR
CUST014175,West,Mumbai
CUST014176,West,Mumbai
CUST014177,North,Delhi NCR
CUST014178,North,Delhi NCR
CUST014179,West,Mumbai
CUST014180,South,Bengaluru
CUST014181,East,Kolkata
CUST014182,South,Bengaluru
CUST014183,West,Mumbai
CUST014184,West,Mumbai
CUST014185,North,Delhi NCR
CUST014186,North,Delhi NCR
CUST014187,East,Kolkata
CUST014188,West,Mumbai
CUST014189,North,Delhi NCR
CUST014190,North,Delhi NCR
CUST014191,West,Mumbai
CUST014192,East,Kolkata
CUST014193,North,Delhi NCR
CUST014194,West,Mumbai
CUST014195,North,Delhi NCR
CUST014196,South,Bengaluru
CUST014197,West,Mumbai
CUST014198,South,Bengaluru
CUST014199,North,Delhi NCR
CUST014200,Central,Nagpur
CUST014201,South,Bengaluru
CUST014202,East,Kolkata
CUST014203,Central,Nagpur
CUST014204,Central,Nagpur
CUST014205,Central,Nagpur
CUST014206,South,Bengaluru
CUST014207,Central,Nagpur
CUST014208,North,Delhi NCR
CUST014209,South,Bengaluru
CUST014210,North,Delhi NCR
CUST014211,East,Kolkata
CUST014212,Central,Nagpur
CUST014213,West,Mumbai
CUST014214,Central,Nagpur
CUST014215,North,Delhi NCR
CUST014216,West,Mumbai
CUST014217,West,Mumbai
CUST014218,East,Kolkata
CUST014219,North,Delhi NCR
CUST014220,North,Delhi NCR
CUST014221,Central,Nagpur
CUST014222,South,Bengaluru
CUST014223,West,Mumbai
CUST014224,Central,Nagpur
CUST014225,East,Kolkata
CUST014226,South,Bengaluru
CUST014227,East,Kolkata
CUST014228,South,Bengaluru
CUST014229,North,Delhi NCR
CUST014230,Central,Nagpur
CUST014231,South,Bengaluru
CUST014232,West,Mumbai
CUST014233,West,Mumbai
CUST014234,East,Kolkata
CUST014235,East,Kolkata
CUST014236,North,Delhi NCR
CUST014237,East,Kolkata
CUST014238,West,Mumbai
CUST014239,North,Delhi NCR
CUST014240,South,Bengaluru
CUST014241,West,Mumbai
CUST014242,Central,Nagpur
CUST014243,South,Bengaluru
CUST014244,Central,Nagpur
CUST014245,North,Delhi NCR
CUST014246,East,Kolkata
CUST014247,Central,Nagpur
CUST014248,East,Kolkata
CUST014249,East,Kolkata
CUST014250,North,Delhi NCR
CUST014251,East,Kolkata
CUST014252,East,Kolkata
CUST014253,Central,Nagpur
CUST014254,South,Bengaluru
CUST014255,South,Bengaluru
CUST014256,West,Mumbai
CUST014257,Central,Nagpur
CUST014258,South,Bengaluru
CUST014259,West,Mumbai
CUST014260,Central,Nagpur
CUST014261,West,Mumbai
CUST014262,East,Kolkata
CUST014263,South,Bengaluru
CUST014264,South,Bengaluru
CUST014265,North,Delhi NCR
CUST014266,North,Delhi NCR
CUST014267,East,Kolkata
CUST014268,North,Delhi NCR
CUST014269,North,Delhi NCR
CUST014270,West,Mumbai
CUST014271,North,Delhi NCR
CUST014272,North,Delhi NCR
CUST014273,East,Kolkata
CUST014274,Central,Nagpur
CUST014275,West,Mumbai
CUST014276,North,Delhi NCR
CUST014277,North,Delhi NCR
CUST014278,West,Mumbai
CUST014279,West,Mumbai
CUST014280,South,Bengaluru
CUST014281,Central,Nagpur
CUST014282,Central,Nagpur
CUST014283,West,Mumbai
CUST014284,West,Mumbai
CUST014285,West,Mumbai
CUST014286,North,Delhi NCR
CUST014287,West,Mumbai
CUST014288,Central,Nagpur
CUST014289,South,Bengaluru
CUST014290,North,Delhi NCR
CUST014291,South,Bengaluru
CUST014292,South,Bengaluru
CUST014293,Central,Nagpur
CUST014294,East,Kolkata
CUST014295,West,Mumbai
CUST014296,Central,Nagpur
CUST014297,West,Mumbai
CUST014298,West,Mumbai
CUST014299,Central,Nagpur
CUST014300,West,Mumbai
CUST014301,South,Bengaluru
CUST014302,West,Mumbai
CUST014303,South,Bengaluru
CUST014304,South,Bengaluru
CUST014305,West,Mumbai
CUST014306,South,Bengaluru
CUST014307,North,Delhi NCR
CUST014308,Central,Nagpur
CUST014309,East,Kolkata
CUST014310,West,Mumbai
CUST014311,Central,Nagpur
CUST014312,West,Mumbai
CUST014313,West,Mumbai
CUST014314,West,Mumbai
CUST014315,South,Bengaluru
CUST014316,Central,Nagpur
CUST014317,West,Mumbai
CUST014318,North,Delhi NCR
CUST014319,North,Delhi NCR
CUST014320,Central,Nagpur
CUST014321,Central,Nagpur
CUST014322,Central,Nagpur
CUST014323,North,Delhi NCR
CUST014324,Central,Nagpur
CUST014325,Central,Nagpur
CUST014326,West,Mumbai
CUST014327,East,Kolkata
CUST014328,East,Kolkata
CUST014329,East,Kolkata
CUST014330,North,Delhi NCR
CUST014331,East,Kolkata
CUST014332,South,Bengaluru
CUST014333,South,Bengaluru
CUST014334,North,Delhi NCR
CUST014335,East,Kolkata
CUST014336,North,Delhi NCR
CUST014337,Central,Nagpur
CUST014338,Central,Nagpur
CUST014339,Central,Nagpur
CUST014340,South,Bengaluru
CUST014341,North,Delhi NCR
CUST014342,East,Kolkata
CUST014343,West,Mumbai
CUST014344,North,Delhi NCR
CUST014345,Central,Nagpur
CUST014346,East,Kolkata
CUST014347,Central,Nagpur
CUST014348,North,Delhi NCR
CUST014349,East,Kolkata
CUST014350,East,Kolkata
CUST014351,North,Delhi NCR
CUST014352,West,Mumbai
CUST014353,Central,Nagpur
CUST014354,East,Kolkata
CUST014355,South,Bengaluru
CUST014356,West,Mumbai
CUST014357,South,Bengaluru
CUST014358,South,Bengaluru
CUST014359,West,Mumbai
CUST014360,East,Kolkata
CUST014361,South,Bengaluru
CUST014362,East,Kolkata
CUST014363,Central,Nagpur
CUST014364,East,Kolkata
CUST014365,North,Delhi NCR
CUST014366,Central,Nagpur
CUST014367,West,Mumbai
CUST014368,South,Bengaluru
CUST014369,Central,Nagpur
CUST014370,Central,Nagpur
CUST014371,Central,Nagpur
CUST014372,South,Bengaluru
CUST014373,Central,Nagpur
CUST014374,Central,Nagpur
CUST014375,Central,Nagpur
CUST014376,East,Kolkata
CUST014377,South,Bengaluru
CUST014378,South,Bengaluru
CUST014379,Central,Nagpur
CUST014380,East,Kolkata
CUST014381,Central,Nagpur
CUST014382,East,Kolkata
CUST014383,East,Kolkata
CUST014384,North,Delhi NCR
CUST014385,East,Kolkata
CUST014386,East,Kolkata
CUST014387,North,Delhi NCR
CUST014388,North,Delhi NCR
CUST014389,East,Kolkata
CUST014390,South,Bengaluru
CUST014391,West,Mumbai
CUST014392,East,Kolkata
CUST014393,East,Kolkata
CUST014394,North,Delhi NCR
CUST014395,East,Kolkata
CUST014396,East,Kolkata
CUST014397,East,Kolkata
CUST014398,South,Bengaluru
CUST014399,North,Delhi NCR
CUST014400,Central,Nagpur
CUST014401,Central,Nagpur
CUST014402,Central,Nagpur
CUST014403,South,Bengaluru
CUST014404,West,Mumbai
CUST014405,North,Delhi NCR
CUST014406,Central,Nagpur
CUST014407,North,Delhi NCR
CUST014408,East,Kolkata
CUST014409,Central,Nagpur
CUST014410,West,Mumbai
CUST014411,Central,Nagpur
CUST014412,East,Kolkata
CUST014413,North,Delhi NCR
CUST014414,North,Delhi NCR
CUST014415,North,Delhi NCR
CUST014416,North,Delhi NCR
CUST014417,East,Kolkata
CUST014418,North,Delhi NCR
CUST014419,North,Delhi NCR
CUST014420,East,Kolkata
CUST014421,West,Mumbai
CUST014422,West,Mumbai
CUST014423,North,Delhi NCR
CUST014424,Central,Nagpur
CUST014425,East,Kolkata
CUST014426,South,Bengaluru
CUST014427,South,Bengaluru
CUST014428,Central,Nagpur
CUST014429,East,Kolkata
CUST014430,South,Bengaluru
CUST014431,East,Kolkata
CUST014432,North,Delhi NCR
CUST014433,North,Delhi NCR
CUST014434,South,Bengaluru
CUST014435,South,Bengaluru
CUST014436,South,Bengaluru
CUST014437,North,Delhi NCR
CUST014438,West,Mumbai
CUST014439,North,Delhi NCR
CUST014440,South,Bengaluru
CUST014441,Central,Nagpur
CUST014442,North,Delhi NCR
CUST014443,South,Bengaluru
CUST014444,East,Kolkata
CUST014445,South,Bengaluru
CUST014446,South,Bengaluru
CUST014447,North,Delhi NCR
CUST014448,East,Kolkata
CUST014449,West,Mumbai
CUST014450,East,Kolkata
CUST014451,Central,Nagpur
CUST014452,West,Mumbai
CUST014453,West,Mumbai
CUST014454,East,Kolkata
CUST014455,West,Mumbai
CUST014456,East,Kolkata
CUST014457,Central,Nagpur
CUST014458,East,Kolkata
CUST014459,East,Kolkata
CUST014460,North,Delhi NCR
CUST014461,Central,Nagpur
CUST014462,East,Kolkata
CUST014463,West,Mumbai
CUST014464,West,Mumbai
CUST014465,North,Delhi NCR
CUST014466,West,Mumbai
CUST014467,East,Kolkata
CUST014468,South,Bengaluru
CUST014469,South,Bengaluru
CUST014470,West,Mumbai
CUST014471,North,Delhi NCR
CUST014472,West,Mumbai
CUST014473,Central,Nagpur
CUST014474,North,Delhi NCR
CUST014475,North,Delhi NCR
CUST014476,North,Delhi NCR
CUST014477,West,Mumbai
CUST014478,Central,Nagpur
CUST014479,Central,Nagpur
CUST014480,North,Delhi NCR
CUST014481,East,Kolkata
CUST014482,North,Delhi NCR
CUST014483,South,Bengaluru
CUST014484,South,Bengaluru
CUST014485,West,Mumbai
CUST014486,Central,Nagpur
CUST014487,Central,Nagpur
CUST014488,North,Delhi NCR
CUST014489,South,Bengaluru
CUST014490,South,Bengaluru
CUST014491,South,Bengaluru
CUST014492,South,Bengaluru
CUST014493,West,Mumbai
CUST014494,West,Mumbai
CUST014495,Central,Nagpur
CUST014496,West,Mumbai
CUST014497,South,Bengaluru
CUST014498,North,Delhi NCR
CUST014499,South,Bengaluru
CUST014500,West,Mumbai
CUST014501,Central,Nagpur
CUST014502,South,Bengaluru
CUST014503,North,Delhi NCR
CUST014504,North,Delhi NCR
CUST014505,North,Delhi NCR
CUST014506,West,Mumbai
CUST014507,East,Kolkata
CUST014508,West,Mumbai
CUST014509,North,Delhi NCR
CUST014510,East,Kolkata
CUST014511,North,Delhi NCR
CUST014512,South,Bengaluru
CUST014513,West,Mumbai
CUST014514,South,Bengaluru
CUST014515,West,Mumbai
CUST014516,South,Bengaluru
CUST014517,East,Kolkata
CUST014518,East,Kolkata
CUST014519,South,Bengaluru
CUST014520,North,Delhi NCR
CUST014521,East,Kolkata
CUST014522,Central,Nagpur
CUST014523,West,Mumbai
CUST014524,West,Mumbai
CUST014525,Central,Nagpur
CUST014526,North,Delhi NCR
CUST014527,West,Mumbai
CUST014528,South,Bengaluru
CUST014529,West,Mumbai
CUST014530,Central,Nagpur
CUST014531,Central,Nagpur
CUST014532,East,Kolkata
CUST014533,Central,Nagpur
CUST014534,West,Mumbai
CUST014535,North,Delhi NCR
CUST014536,South,Bengaluru
CUST014537,Central,Nagpur
CUST014538,Central,Nagpur
CUST014539,Central,Nagpur
CUST014540,South,Bengaluru
CUST014541,South,Bengaluru
CUST014542,Central,Nagpur
CUST014543,North,Delhi NCR
CUST014544,Central,Nagpur
CUST014545,West,Mumbai
CUST014546,West,Mumbai
CUST014547,East,Kolkata
CUST014548,Central,Nagpur
CUST014549,West,Mumbai
CUST014550,North,Delhi NCR
CUST014551,East,Kolkata
CUST014552,Central,Nagpur
CUST014553,North,Delhi NCR
CUST014554,West,Mumbai
CUST014555,South,Bengaluru
CUST014556,East,Kolkata
CUST014557,Central,Nagpur
CUST014558,East,Kolkata
CUST014559,North,Delhi NCR
CUST014560,North,Delhi NCR
CUST014561,West,Mumbai
CUST014562,Central,Nagpur
CUST014563,South,Bengaluru
CUST014564,Central,Nagpur
CUST014565,East,Kolkata
CUST014566,North,Delhi NCR
CUST014567,East,Kolkata
CUST014568,Central,Nagpur
CUST014569,South,Bengaluru
CUST014570,Central,Nagpur
CUST014571,West,Mumbai
CUST014572,South,Bengaluru
CUST014573,West,Mumbai
CUST014574,East,Kolkata
CUST014575,North,Delhi NCR
CUST014576,Central,Nagpur
CUST014577,South,Bengaluru
CUST014578,East,Kolkata
CUST014579,West,Mumbai
CUST014580,North,Delhi NCR
CUST014581,West,Mumbai
CUST014582,South,Bengaluru
CUST014583,East,Kolkata
CUST014584,East,Kolkata
CUST014585,West,Mumbai
CUST014586,North,Delhi NCR
CUST014587,North,Delhi NCR
CUST014588,East,Kolkata
CUST014589,North,Delhi NCR
CUST014590,South,Bengaluru
CUST014591,West,Mumbai
CUST014592,Central,Nagpur
CUST014593,West,Mumbai
CUST014594,South,Bengaluru
CUST014595,Central,Nagpur
CUST014596,East,Kolkata
CUST014597,North,Delhi NCR
CUST014598,West,Mumbai
CUST014599,East,Kolkata
CUST014600,South,Bengaluru
CUST014601,West,Mumbai
CUST014602,West,Mumbai
CUST014603,South,Bengaluru
CUST014604,North,Delhi NCR
CUST014605,East,Kolkata
CUST014606,North,Delhi NCR
CUST014607,West,Mumbai
CUST014608,East,Kolkata
CUST014609,South,Bengaluru
CUST014610,East,Kolkata
CUST014611,South,Bengaluru
CUST014612,South,Bengaluru
CUST014613,South,Bengaluru
CUST014614,West,Mumbai
CUST014615,Central,Nagpur
CUST014616,West,Mumbai
CUST014617,South,Bengaluru
CUST014618,Central,Nagpur
CUST014619,North,Delhi NCR
CUST014620,South,Bengaluru
CUST014621,North,Delhi NCR
CUST014622,Central,Nagpur
CUST014623,North,Delhi NCR
CUST014624,East,Kolkata
CUST014625,North,Delhi NCR
CUST014626,South,Bengaluru
CUST014627,West,Mumbai
CUST014628,Central,Nagpur
CUST014629,North,Delhi NCR
CUST014630,North,Delhi NCR
CUST014631,South,Bengaluru
CUST014632,Central,Nagpur
CUST014633,North,Delhi NCR
CUST014634,North,Delhi NCR
CUST014635,East,Kolkata
CUST014636,South,Bengaluru
CUST014637,North,Delhi NCR
CUST014638,East,Kolkata
CUST014639,West,Mumbai
CUST014640,North,Delhi NCR
CUST014641,West,Mumbai
CUST014642,North,Delhi NCR
CUST014643,West,Mumbai
CUST014644,South,Bengaluru
CUST014645,South,Bengaluru
CUST014646,North,Delhi NCR
CUST014647,Central,Nagpur
CUST014648,East,Kolkata
CUST014649,West,Mumbai
CUST014650,South,Bengaluru
CUST014651,North,Delhi NCR
CUST014652,North,Delhi NCR
CUST014653,East,Kolkata
CUST014654,South,Bengaluru
CUST014655,West,Mumbai
CUST014656,West,Mumbai
CUST014657,South,Bengaluru
CUST014658,East,Kolkata
CUST014659,South,Bengaluru
CUST014660,West,Mumbai
CUST014661,West,Mumbai
CUST014662,West,Mumbai
CUST014663,North,Delhi NCR
CUST014664,South,Bengaluru
CUST014665,Central,Nagpur
CUST014666,South,Bengaluru
CUST014667,North,Delhi NCR
CUST014668,North,Delhi NCR
CUST014669,North,Delhi NCR
CUST014670,West,Mumbai
CUST014671,North,Delhi NCR
CUST014672,East,Kolkata
CUST014673,South,Bengaluru
CUST014674,North,Delhi NCR
CUST014675,Central,Nagpur
CUST014676,West,Mumbai
CUST014677,Central,Nagpur
CUST014678,Central,Nagpur
CUST014679,Central,Nagpur
CUST014680,West,Mumbai
CUST014681,East,Kolkata
CUST014682,West,Mumbai
CUST014683,East,Kolkata
CUST014684,North,Delhi NCR
CUST014685,South,Bengaluru
CUST014686,East,Kolkata
CUST014687,North,Delhi NCR
CUST014688,Central,Nagpur
CUST014689,Central,Nagpur
CUST014690,East,Kolkata
CUST014691,East,Kolkata
CUST014692,Central,Nagpur
CUST014693,East,Kolkata
CUST014694,West,Mumbai
CUST014695,East,Kolkata
CUST014696,South,Bengaluru
CUST014697,West,Mumbai
CUST014698,North,Delhi NCR
CUST014699,South,Bengaluru
CUST014700,West,Mumbai
CUST014701,West,Mumbai
CUST014702,Central,Nagpur
CUST014703,West,Mumbai
CUST014704,North,Delhi NCR
CUST014705,Central,Nagpur
CUST014706,East,Kolkata
CUST014707,North,Delhi NCR
CUST014708,East,Kolkata
CUST014709,North,Delhi NCR
CUST014710,East,Kolkata
CUST014711,East,Kolkata
CUST014712,North,Delhi NCR
CUST014713,Central,Nagpur
CUST014714,East,Kolkata
CUST014715,Central,Nagpur
CUST014716,East,Kolkata
CUST014717,East,Kolkata
CUST014718,Central,Nagpur
CUST014719,South,Bengaluru
CUST014720,Central,Nagpur
CUST014721,North,Delhi NCR
CUST014722,Central,Nagpur
CUST014723,West,Mumbai
CUST014724,East,Kolkata
CUST014725,South,Bengaluru
CUST014726,East,Kolkata
CUST014727,East,Kolkata
CUST014728,Central,Nagpur
CUST014729,Central,Nagpur
CUST014730,East,Kolkata
CUST014731,South,Bengaluru
CUST014732,South,Bengaluru
CUST014733,South,Bengaluru
CUST014734,North,Delhi NCR
CUST014735,North,Delhi NCR
CUST014736,West,Mumbai
CUST014737,South,Bengaluru
CUST014738,East,Kolkata
CUST014739,West,Mumbai
CUST014740,West,Mumbai
CUST014741,South,Bengaluru
CUST014742,West,Mumbai
CUST014743,North,Delhi NCR
CUST014744,East,Kolkata
CUST014745,North,Delhi NCR
CUST014746,East,Kolkata
CUST014747,North,Delhi NCR
CUST014748,Central,Nagpur
CUST014749,West,Mumbai
CUST014750,South,Bengaluru
CUST014751,West,Mumbai
CUST014752,South,Bengaluru
CUST014753,East,Kolkata
CUST014754,North,Delhi NCR
CUST014755,East,Kolkata
CUST014756,North,Delhi NCR
CUST014757,North,Delhi NCR
CUST014758,East,Kolkata
CUST014759,East,Kolkata
CUST014760,South,Bengaluru
CUST014761,North,Delhi NCR
CUST014762,East,Kolkata
CUST014763,Central,Nagpur
CUST014764,West,Mumbai
CUST014765,North,Delhi NCR
CUST014766,Central,Nagpur
CUST014767,East,Kolkata
CUST014768,East,Kolkata
CUST014769,North,Delhi NCR
CUST014770,South,Bengaluru
CUST014771,West,Mumbai
CUST014772,South,Bengaluru
CUST014773,North,Delhi NCR
CUST014774,North,Delhi NCR
CUST014775,Central,Nagpur
CUST014776,Central,Nagpur
CUST014777,North,Delhi NCR
CUST014778,Central,Nagpur
CUST014779,Central,Nagpur
CUST014780,South,Bengaluru
CUST014781,West,Mumbai
CUST014782,South,Bengaluru
CUST014783,South,Bengaluru
CUST014784,West,Mumbai
CUST014785,South,Bengaluru
CUST014786,South,Bengaluru
CUST014787,South,Bengaluru
CUST014788,North,Delhi NCR
CUST014789,Central,Nagpur
CUST014790,West,Mumbai
CUST014791,Central,Nagpur
CUST014792,East,Kolkata
CUST014793,North,Delhi NCR
CUST014794,South,Bengaluru
CUST014795,South,Bengaluru
CUST014796,Central,Nagpur
CUST014797,South,Bengaluru
CUST014798,West,Mumbai
CUST014799,North,Delhi NCR
CUST014800,Central,Nagpur
CUST014801,West,Mumbai
CUST014802,East,Kolkata
CUST014803,South,Bengaluru
CUST014804,South,Bengaluru
CUST014805,South,Bengaluru
CUST014806,East,Kolkata
CUST014807,Central,Nagpur
CUST014808,South,Bengaluru
CUST014809,West,Mumbai
CUST014810,East,Kolkata
CUST014811,West,Mumbai
CUST014812,West,Mumbai
CUST014813,North,Delhi NCR
CUST014814,North,Delhi NCR
CUST014815,Central,Nagpur
CUST014816,North,Delhi NCR
CUST014817,East,Kolkata
CUST014818,West,Mumbai
CUST014819,East,Kolkata
CUST014820,North,Delhi NCR
CUST014821,North,Delhi NCR
CUST014822,West,Mumbai
CUST014823,Central,Nagpur
CUST014824,South,Bengaluru
CUST014825,East,Kolkata
CUST014826,Central,Nagpur
CUST014827,Central,Nagpur
CUST014828,East,Kolkata
CUST014829,West,Mumbai
CUST014830,Central,Nagpur
CUST014831,West,Mumbai
CUST014832,East,Kolkata
CUST014833,West,Mumbai
CUST014834,South,Bengaluru
CUST014835,Central,Nagpur
CUST014836,North,Delhi NCR
CUST014837,South,Bengaluru
CUST014838,South,Bengaluru
CUST014839,South,Bengaluru
CUST014840,East,Kolkata
CUST014841,West,Mumbai
CUST014842,Central,Nagpur
CUST014843,East,Kolkata
CUST014844,West,Mumbai
CUST014845,East,Kolkata
CUST014846,North,Delhi NCR
CUST014847,West,Mumbai
CUST014848,North,Delhi NCR
CUST014849,East,Kolkata
CUST014850,Central,Nagpur
CUST014851,West,Mumbai
CUST014852,East,Kolkata
CUST014853,South,Bengaluru
CUST014854,Central,Nagpur
CUST014855,Central,Nagpur
CUST014856,South,Bengaluru
CUST014857,North,Delhi NCR
CUST014858,East,Kolkata
CUST014859,West,Mumbai
CUST014860,Central,Nagpur
CUST014861,Central,Nagpur
CUST014862,South,Bengaluru
CUST014863,South,Bengaluru
CUST014864,Central,Nagpur
CUST014865,South,Bengaluru
CUST014866,East,Kolkata
CUST014867,South,Bengaluru
CUST014868,South,Bengaluru
CUST014869,East,Kolkata
CUST014870,South,Bengaluru
CUST014871,East,Kolkata
CUST014872,South,Bengaluru
CUST014873,North,Delhi NCR
CUST014874,West,Mumbai
CUST014875,Central,Nagpur
CUST014876,East,Kolkata
CUST014877,South,Bengaluru
CUST014878,West,Mumbai
CUST014879,East,Kolkata
CUST014880,East,Kolkata
CUST014881,East,Kolkata
CUST014882,West,Mumbai
CUST014883,North,Delhi NCR
CUST014884,North,Delhi NCR
CUST014885,North,Delhi NCR
CUST014886,North,Delhi NCR
CUST014887,Central,Nagpur
CUST014888,West,Mumbai
CUST014889,West,Mumbai
CUST014890,West,Mumbai
CUST014891,North,Delhi NCR
CUST014892,South,Bengaluru
CUST014893,West,Mumbai
CUST014894,East,Kolkata
CUST014895,East,Kolkata
CUST014896,West,Mumbai
CUST014897,North,Delhi NCR
CUST014898,West,Mumbai
CUST014899,West,Mumbai
CUST014900,East,Kolkata
CUST014901,East,Kolkata
CUST014902,North,Delhi NCR
CUST014903,South,Bengaluru
CUST014904,South,Bengaluru
CUST014905,Central,Nagpur
CUST014906,North,Delhi NCR
CUST014907,South,Bengaluru
CUST014908,North,Delhi NCR
CUST014909,South,Bengaluru
CUST014910,North,Delhi NCR
CUST014911,South,Bengaluru
CUST014912,West,Mumbai
CUST014913,West,Mumbai
CUST014914,South,Bengaluru
CUST014915,West,Mumbai
CUST014916,West,Mumbai
CUST014917,Central,Nagpur
CUST014918,Central,Nagpur
CUST014919,South,Bengaluru
CUST014920,East,Kolkata
CUST014921,West,Mumbai
CUST014922,South,Bengaluru
CUST014923,East,Kolkata
CUST014924,East,Kolkata
CUST014925,South,Bengaluru
CUST014926,North,Delhi NCR
CUST014927,North,Delhi NCR
CUST014928,West,Mumbai
CUST014929,Central,Nagpur
CUST014930,West,Mumbai
CUST014931,South,Bengaluru
CUST014932,North,Delhi NCR
CUST014933,West,Mumbai
CUST014934,North,Delhi NCR
CUST014935,East,Kolkata
CUST014936,Central,Nagpur
CUST014937,North,Delhi NCR
CUST014938,East,Kolkata
CUST014939,Central,Nagpur
CUST014940,South,Bengaluru
CUST014941,Central,Nagpur
CUST014942,Central,Nagpur
CUST014943,East,Kolkata
CUST014944,South,Bengaluru
CUST014945,West,Mumbai
CUST014946,West,Mumbai
CUST014947,East,Kolkata
CUST014948,North,Delhi NCR
CUST014949,West,Mumbai
CUST014950,South,Bengaluru
CUST014951,North,Delhi NCR
CUST014952,North,Delhi NCR
CUST014953,East,Kolkata
CUST014954,North,Delhi NCR
CUST014955,South,Bengaluru
CUST014956,South,Bengaluru
CUST014957,East,Kolkata
CUST014958,West,Mumbai
CUST014959,East,Kolkata
CUST014960,East,Kolkata
CUST014961,North,Delhi NCR
CUST014962,North,Delhi NCR
CUST014963,Central,Nagpur
CUST014964,West,Mumbai
CUST014965,North,Delhi NCR
CUST014966,East,Kolkata
CUST014967,North,Delhi NCR
CUST014968,North,Delhi NCR
CUST014969,South,Bengaluru
CUST014970,West,Mumbai
CUST014971,West,Mumbai
CUST014972,West,Mumbai
CUST014973,North,Delhi NCR
CUST014974,North,Delhi NCR
CUST014975,East,Kolkata
CUST014976,Central,Nagpur
CUST014977,West,Mumbai
CUST014978,West,Mumbai
CUST014979,North,Delhi NCR
CUST014980,Central,Nagpur
CUST014981,Central,Nagpur
CUST014982,East,Kolkata
CUST014983,South,Bengaluru
CUST014984,West,Mumbai
CUST014985,West,Mumbai
CUST014986,Central,Nagpur
CUST014987,North,Delhi NCR
CUST014988,East,Kolkata
CUST014989,West,Mumbai
CUST014990,South,Bengaluru
CUST014991,Central,Nagpur
CUST014992,North,Delhi NCR
CUST014993,North,Delhi NCR
CUST014994,West,Mumbai
CUST014995,North,Delhi NCR
CUST014996,East,Kolkata
CUST014997,South,Bengaluru
CUST014998,West,Mumbai
CUST014999,North,Delhi NCR
CUST015000,South,Bengaluru
CUST015001,Central,Nagpur
CUST015002,South,Bengaluru
CUST015003,East,Kolkata
CUST015004,Central,Nagpur
CUST015005,West,Mumbai
CUST015006,West,Mumbai
CUST015007,Central,Nagpur
CUST015008,West,Mumbai
CUST015009,Central,Nagpur
CUST015010,East,Kolkata
CUST015011,Central,Nagpur
CUST015012,West,Mumbai
CUST015013,South,Bengaluru
CUST015014,East,Kolkata
CUST015015,South,Bengaluru
CUST015016,South,Bengaluru
CUST015017,South,Bengaluru
CUST015018,East,Kolkata
CUST015019,South,Bengaluru
CUST015020,West,Mumbai
CUST015021,South,Bengaluru
CUST015022,East,Kolkata
CUST015023,North,Delhi NCR
CUST015024,South,Bengaluru
CUST015025,South,Bengaluru
CUST015026,Central,Nagpur
CUST015027,East,Kolkata
CUST015028,North,Delhi NCR
CUST015029,South,Bengaluru
CUST015030,West,Mumbai
CUST015031,North,Delhi NCR
CUST015032,North,Delhi NCR
CUST015033,South,Bengaluru
CUST015034,South,Bengaluru
CUST015035,East,Kolkata
CUST015036,North,Delhi NCR
CUST015037,West,Mumbai
CUST015038,South,Bengaluru
CUST015039,West,Mumbai
CUST015040,East,Kolkata
CUST015041,South,Bengaluru
CUST015042,East,Kolkata
CUST015043,North,Delhi NCR
CUST015044,West,Mumbai
CUST015045,South,Bengaluru
CUST015046,South,Bengaluru
CUST015047,North,Delhi NCR
CUST015048,South,Bengaluru
CUST015049,South,Bengaluru
CUST015050,South,Bengaluru
CUST015051,Central,Nagpur
CUST015052,South,Bengaluru
CUST015053,North,Delhi NCR
CUST015054,East,Kolkata
CUST015055,South,Bengaluru
CUST015056,East,Kolkata
CUST015057,West,Mumbai
CUST015058,North,Delhi NCR
CUST015059,East,Kolkata
CUST015060,North,Delhi NCR
CUST015061,North,Delhi NCR
CUST015062,North,Delhi NCR
CUST015063,North,Delhi NCR
CUST015064,South,Bengaluru
CUST015065,Central,Nagpur
CUST015066,Central,Nagpur
CUST015067,North,Delhi NCR
CUST015068,Central,Nagpur
CUST015069,West,Mumbai
CUST015070,East,Kolkata
CUST015071,West,Mumbai
CUST015072,East,Kolkata
CUST015073,South,Bengaluru
CUST015074,East,Kolkata
CUST015075,West,Mumbai
CUST015076,West,Mumbai
CUST015077,North,Delhi NCR
CUST015078,Central,Nagpur
CUST015079,South,Bengaluru
CUST015080,Central,Nagpur
CUST015081,South,Bengaluru
CUST015082,North,Delhi NCR
CUST015083,Central,Nagpur
CUST015084,East,Kolkata
CUST015085,South,Bengaluru
CUST015086,North,Delhi NCR
CUST015087,North,Delhi NCR
CUST015088,North,Delhi NCR
CUST015089,Central,Nagpur
CUST015090,North,Delhi NCR
CUST015091,North,Delhi NCR
CUST015092,Central,Nagpur
CUST015093,Central,Nagpur
CUST015094,South,Bengaluru
CUST015095,West,Mumbai
CUST015096,East,Kolkata
CUST015097,East,Kolkata
CUST015098,South,Bengaluru
CUST015099,West,Mumbai
CUST015100,Central,Nagpur
CUST015101,West,Mumbai
CUST015102,Central,Nagpur
CUST015103,North,Delhi NCR
CUST015104,West,Mumbai
CUST015105,Central,Nagpur
CUST015106,East,Kolkata
CUST015107,Central,Nagpur
CUST015108,South,Bengaluru
CUST015109,Central,Nagpur
CUST015110,Central,Nagpur
CUST015111,West,Mumbai
CUST015112,West,Mumbai
CUST015113,East,Kolkata
CUST015114,South,Bengaluru
CUST015115,East,Kolkata
CUST015116,Central,Nagpur
CUST015117,North,Delhi NCR
CUST015118,South,Bengaluru
CUST015119,East,Kolkata
CUST015120,South,Bengaluru
CUST015121,West,Mumbai
CUST015122,South,Bengaluru
CUST015123,West,Mumbai
CUST015124,North,Delhi NCR
CUST015125,South,Bengaluru
CUST015126,West,Mumbai
CUST015127,East,Kolkata
CUST015128,West,Mumbai
CUST015129,West,Mumbai
CUST015130,South,Bengaluru
CUST015131,East,Kolkata
CUST015132,Central,Nagpur
CUST015133,Central,Nagpur
CUST015134,North,Delhi NCR
CUST015135,West,Mumbai
CUST015136,East,Kolkata
CUST015137,North,Delhi NCR
CUST015138,West,Mumbai
CUST015139,North,Delhi NCR
CUST015140,South,Bengaluru
CUST015141,West,Mumbai
CUST015142,Central,Nagpur
CUST015143,East,Kolkata
CUST015144,Central,Nagpur
CUST015145,Central,Nagpur
CUST015146,East,Kolkata
CUST015147,North,Delhi NCR
CUST015148,West,Mumbai
CUST015149,North,Delhi NCR
CUST015150,Central,Nagpur
CUST015151,South,Bengaluru
CUST015152,West,Mumbai
CUST015153,West,Mumbai
CUST015154,East,Kolkata
CUST015155,Central,Nagpur
CUST015156,West,Mumbai
CUST015157,Central,Nagpur
CUST015158,North,Delhi NCR
CUST015159,East,Kolkata
CUST015160,Central,Nagpur
CUST015161,Central,Nagpur
CUST015162,East,Kolkata
CUST015163,North,Delhi NCR
CUST015164,South,Bengaluru
CUST015165,East,Kolkata
CUST015166,West,Mumbai
CUST015167,Central,Nagpur
CUST015168,North,Delhi NCR
CUST015169,South,Bengaluru
CUST015170,South,Bengaluru
CUST015171,Central,Nagpur
CUST015172,North,Delhi NCR
CUST015173,South,Bengaluru
CUST015174,South,Bengaluru
CUST015175,North,Delhi NCR
CUST015176,West,Mumbai
CUST015177,East,Kolkata
CUST015178,East,Kolkata
CUST015179,Central,Nagpur
CUST015180,East,Kolkata
CUST015181,South,Bengaluru
CUST015182,South,Bengaluru
CUST015183,Central,Nagpur
CUST015184,East,Kolkata
CUST015185,North,Delhi NCR
CUST015186,West,Mumbai
CUST015187,West,Mumbai
CUST015188,South,Bengaluru
CUST015189,East,Kolkata
CUST015190,East,Kolkata
CUST015191,North,Delhi NCR
CUST015192,North,Delhi NCR
CUST015193,West,Mumbai
CUST015194,West,Mumbai
CUST015195,West,Mumbai
CUST015196,South,Bengaluru
CUST015197,East,Kolkata
CUST015198,Central,Nagpur
CUST015199,South,Bengaluru
CUST015200,West,Mumbai
CUST015201,North,Delhi NCR
CUST015202,North,Delhi NCR
CUST015203,Central,Nagpur
CUST015204,North,Delhi NCR
CUST015205,West,Mumbai
CUST015206,East,Kolkata
CUST015207,Central,Nagpur
CUST015208,East,Kolkata
CUST015209,West,Mumbai
CUST015210,Central,Nagpur
CUST015211,Central,Nagpur
CUST015212,West,Mumbai
CUST015213,North,Delhi NCR
CUST015214,North,Delhi NCR
CUST015215,East,Kolkata
CUST015216,West,Mumbai
CUST015217,West,Mumbai
CUST015218,West,Mumbai
CUST015219,North,Delhi NCR
CUST015220,North,Delhi NCR
CUST015221,North,Delhi NCR
CUST015222,East,Kolkata
CUST015223,West,Mumbai
CUST015224,North,Delhi NCR
CUST015225,Central,Nagpur
CUST015226,South,Bengaluru
CUST015227,West,Mumbai
CUST015228,West,Mumbai
CUST015229,North,Delhi NCR
CUST015230,Central,Nagpur
CUST015231,Central,Nagpur
CUST015232,Central,Nagpur
CUST015233,North,Delhi NCR
CUST015234,South,Bengaluru
CUST015235,South,Bengaluru
CUST015236,East,Kolkata
CUST015237,Central,Nagpur
CUST015238,West,Mumbai
CUST015239,West,Mumbai
CUST015240,East,Kolkata
CUST015241,Central,Nagpur
CUST015242,Central,Nagpur
CUST015243,Central,Nagpur
CUST015244,Central,Nagpur
CUST015245,West,Mumbai
CUST015246,North,Delhi NCR
CUST015247,South,Bengaluru
CUST015248,West,Mumbai
CUST015249,South,Bengaluru
CUST015250,North,Delhi NCR
CUST015251,Central,Nagpur
CUST015252,East,Kolkata
CUST015253,Central,Nagpur
CUST015254,South,Bengaluru
CUST015255,South,Bengaluru
CUST015256,South,Bengaluru
CUST015257,South,Bengaluru
CUST015258,East,Kolkata
CUST015259,South,Bengaluru
CUST015260,Central,Nagpur
CUST015261,South,Bengaluru
CUST015262,East,Kolkata
CUST015263,Central,Nagpur
CUST015264,East,Kolkata
CUST015265,North,Delhi NCR
CUST015266,North,Delhi NCR
CUST015267,East,Kolkata
CUST015268,West,Mumbai
CUST015269,Central,Nagpur
CUST015270,North,Delhi NCR
CUST015271,East,Kolkata
CUST015272,South,Bengaluru
CUST015273,East,Kolkata
CUST015274,East,Kolkata
CUST015275,South,Bengaluru
CUST015276,North,Delhi NCR
CUST015277,North,Delhi NCR
CUST015278,East,Kolkata
CUST015279,South,Bengaluru
CUST015280,South,Bengaluru
CUST015281,North,Delhi NCR
CUST015282,North,Delhi NCR
CUST015283,North,Delhi NCR
CUST015284,South,Bengaluru
CUST015285,North,Delhi NCR
CUST015286,South,Bengaluru
CUST015287,South,Bengaluru
CUST015288,South,Bengaluru
CUST015289,North,Delhi NCR
CUST015290,North,Delhi NCR
CUST015291,Central,Nagpur
CUST015292,West,Mumbai
CUST015293,North,Delhi NCR
CUST015294,South,Bengaluru
CUST015295,South,Bengaluru
CUST015296,Central,Nagpur
CUST015297,Central,Nagpur
CUST015298,West,Mumbai
CUST015299,North,Delhi NCR
CUST015300,East,Kolkata
CUST015301,East,Kolkata
CUST015302,West,Mumbai
CUST015303,Central,Nagpur
CUST015304,South,Bengaluru
CUST015305,East,Kolkata
CUST015306,South,Bengaluru
CUST015307,South,Bengaluru
CUST015308,South,Bengaluru
CUST015309,West,Mumbai
CUST015310,East,Kolkata
CUST015311,West,Mumbai
CUST015312,West,Mumbai
CUST015313,South,Bengaluru
CUST015314,Central,Nagpur
CUST015315,North,Delhi NCR
CUST015316,Central,Nagpur
CUST015317,North,Delhi NCR
CUST015318,South,Bengaluru
CUST015319,Central,Nagpur
CUST015320,West,Mumbai
CUST015321,South,Bengaluru
CUST015322,Central,Nagpur
CUST015323,North,Delhi NCR
CUST015324,West,Mumbai
CUST015325,East,Kolkata
CUST015326,South,Bengaluru
CUST015327,Central,Nagpur
CUST015328,West,Mumbai
CUST015329,North,Delhi NCR
CUST015330,North,Delhi NCR
CUST015331,North,Delhi NCR
CUST015332,East,Kolkata
CUST015333,East,Kolkata
CUST015334,West,Mumbai
CUST015335,West,Mumbai
CUST015336,North,Delhi NCR
CUST015337,East,Kolkata
CUST015338,West,Mumbai
CUST015339,Central,Nagpur
CUST015340,South,Bengaluru
CUST015341,North,Delhi NCR
CUST015342,North,Delhi NCR
CUST015343,South,Bengaluru
CUST015344,East,Kolkata
CUST015345,South,Bengaluru
CUST015346,North,Delhi NCR
CUST015347,South,Bengaluru
CUST015348,South,Bengaluru
CUST015349,East,Kolkata
CUST015350,North,Delhi NCR
CUST015351,West,Mumbai
CUST015352,East,Kolkata
CUST015353,South,Bengaluru
CUST015354,Central,Nagpur
CUST015355,West,Mumbai
CUST015356,North,Delhi NCR
CUST015357,North,Delhi NCR
CUST015358,North,Delhi NCR
CUST015359,East,Kolkata
CUST015360,South,Bengaluru
CUST015361,South,Bengaluru
CUST015362,East,Kolkata
CUST015363,East,Kolkata
CUST015364,North,Delhi NCR
CUST015365,North,Delhi NCR
CUST015366,West,Mumbai
CUST015367,Central,Nagpur
CUST015368,Central,Nagpur
CUST015369,Central,Nagpur
CUST015370,East,Kolkata
CUST015371,Central,Nagpur
CUST015372,Central,Nagpur
CUST015373,Central,Nagpur
CUST015374,North,Delhi NCR
CUST015375,North,Delhi NCR
CUST015376,East,Kolkata
CUST015377,East,Kolkata
CUST015378,Central,Nagpur
CUST015379,South,Bengaluru
CUST015380,Central,Nagpur
CUST015381,Central,Nagpur
CUST015382,Central,Nagpur
CUST015383,North,Delhi NCR
CUST015384,South,Bengaluru
CUST015385,South,Bengaluru
CUST015386,West,Mumbai
CUST015387,West,Mumbai
CUST015388,East,Kolkata
CUST015389,North,Delhi NCR
CUST015390,East,Kolkata
CUST015391,West,Mumbai
CUST015392,East,Kolkata
CUST015393,South,Bengaluru
CUST015394,East,Kolkata
CUST015395,West,Mumbai
CUST015396,East,Kolkata
CUST015397,Central,Nagpur
CUST015398,South,Bengaluru
CUST015399,West,Mumbai
CUST015400,Central,Nagpur
CUST015401,South,Bengaluru
CUST015402,South,Bengaluru
CUST015403,North,Delhi NCR
CUST015404,South,Bengaluru
CUST015405,North,Delhi NCR
CUST015406,West,Mumbai
CUST015407,North,Delhi NCR
CUST015408,West,Mumbai
CUST015409,East,Kolkata
CUST015410,Central,Nagpur
CUST015411,South,Bengaluru
CUST015412,South,Bengaluru
CUST015413,South,Bengaluru
CUST015414,East,Kolkata
CUST015415,South,Bengaluru
CUST015416,North,Delhi NCR
CUST015417,Central,Nagpur
CUST015418,West,Mumbai
CUST015419,North,Delhi NCR
CUST015420,West,Mumbai
CUST015421,South,Bengaluru
CUST015422,North,Delhi NCR
CUST015423,East,Kolkata
CUST015424,West,Mumbai
CUST015425,North,Delhi NCR
CUST015426,South,Bengaluru
CUST015427,Central,Nagpur
CUST015428,South,Bengaluru
CUST015429,North,Delhi NCR
CUST015430,East,Kolkata
CUST015431,West,Mumbai
CUST015432,Central,Nagpur
CUST015433,West,Mumbai
CUST015434,North,Delhi NCR
CUST015435,Central,Nagpur
CUST015436,West,Mumbai
CUST015437,West,Mumbai
CUST015438,Central,Nagpur
CUST015439,West,Mumbai
CUST015440,South,Bengaluru
CUST015441,East,Kolkata
CUST015442,East,Kolkata
CUST015443,East,Kolkata
CUST015444,West,Mumbai
CUST015445,West,Mumbai
CUST015446,North,Delhi NCR
CUST015447,East,Kolkata
CUST015448,North,Delhi NCR
CUST015449,East,Kolkata
CUST015450,East,Kolkata
CUST015451,South,Bengaluru
CUST015452,Central,Nagpur
CUST015453,South,Bengaluru
CUST015454,North,Delhi NCR
CUST015455,South,Bengaluru
CUST015456,West,Mumbai
CUST015457,North,Delhi NCR
CUST015458,East,Kolkata
CUST015459,East,Kolkata
CUST015460,Central,Nagpur
CUST015461,North,Delhi NCR
CUST015462,North,Delhi NCR
CUST015463,East,Kolkata
CUST015464,North,Delhi NCR
CUST015465,West,Mumbai
CUST015466,South,Bengaluru
CUST015467,East,Kolkata
CUST015468,North,Delhi NCR
CUST015469,West,Mumbai
CUST015470,East,Kolkata
CUST015471,North,Delhi NCR
CUST015472,South,Bengaluru
CUST015473,North,Delhi NCR
CUST015474,North,Delhi NCR
CUST015475,West,Mumbai
CUST015476,East,Kolkata
CUST015477,Central,Nagpur
CUST015478,South,Bengaluru
CUST015479,West,Mumbai
CUST015480,West,Mumbai
CUST015481,West,Mumbai
CUST015482,Central,Nagpur
CUST015483,West,Mumbai
CUST015484,West,Mumbai
CUST015485,West,Mumbai
CUST015486,East,Kolkata
CUST015487,West,Mumbai
CUST015488,Central,Nagpur
CUST015489,West,Mumbai
CUST015490,West,Mumbai
CUST015491,North,Delhi NCR
CUST015492,East,Kolkata
CUST015493,North,Delhi NCR
CUST015494,North,Delhi NCR
CUST015495,South,Bengaluru
CUST015496,East,Kolkata
CUST015497,East,Kolkata
CUST015498,Central,Nagpur
CUST015499,West,Mumbai
CUST015500,East,Kolkata
CUST015501,South,Bengaluru
CUST015502,West,Mumbai
CUST015503,South,Bengaluru
CUST015504,Central,Nagpur
CUST015505,West,Mumbai
CUST015506,West,Mumbai
CUST015507,South,Bengaluru
CUST015508,West,Mumbai
CUST015509,Central,Nagpur
CUST015510,North,Delhi NCR
CUST015511,North,Delhi NCR
CUST015512,East,Kolkata
CUST015513,South,Bengaluru
CUST015514,West,Mumbai
CUST015515,East,Kolkata
CUST015516,Central,Nagpur
CUST015517,South,Bengaluru
CUST015518,South,Bengaluru
CUST015519,North,Delhi NCR
CUST015520,South,Bengaluru
CUST015521,South,Bengaluru
CUST015522,West,Mumbai
CUST015523,South,Bengaluru
CUST015524,South,Bengaluru
CUST015525,South,Bengaluru
CUST015526,East,Kolkata
CUST015527,West,Mumbai
CUST015528,Central,Nagpur
CUST015529,North,Delhi NCR
CUST015530,Central,Nagpur
CUST015531,South,Bengaluru
CUST015532,Central,Nagpur
CUST015533,North,Delhi NCR
CUST015534,West,Mumbai
CUST015535,Central,Nagpur
CUST015536,North,Delhi NCR
CUST015537,West,Mumbai
CUST015538,North,Delhi NCR
CUST015539,Central,Nagpur
CUST015540,West,Mumbai
CUST015541,Central,Nagpur
CUST015542,Central,Nagpur
CUST015543,South,Bengaluru
CUST015544,East,Kolkata
CUST015545,West,Mumbai
CUST015546,North,Delhi NCR
CUST015547,South,Bengaluru
CUST015548,North,Delhi NCR
CUST015549,Central,Nagpur
CUST015550,South,Bengaluru
CUST015551,East,Kolkata
CUST015552,East,Kolkata
CUST015553,South,Bengaluru
CUST015554,West,Mumbai
CUST015555,Central,Nagpur
CUST015556,East,Kolkata
CUST015557,Central,Nagpur
CUST015558,North,Delhi NCR
CUST015559,Central,Nagpur
CUST015560,North,Delhi NCR
CUST015561,North,Delhi NCR
CUST015562,North,Delhi NCR
CUST015563,South,Bengaluru
CUST015564,Central,Nagpur
CUST015565,South,Bengaluru
CUST015566,West,Mumbai
CUST015567,East,Kolkata
CUST015568,North,Delhi NCR
CUST015569,East,Kolkata
CUST015570,South,Bengaluru
CUST015571,South,Bengaluru
CUST015572,East,Kolkata
CUST015573,West,Mumbai
CUST015574,East,Kolkata
CUST015575,South,Bengaluru
CUST015576,West,Mumbai
CUST015577,West,Mumbai
CUST015578,South,Bengaluru
CUST015579,Central,Nagpur
CUST015580,Central,Nagpur
CUST015581,West,Mumbai
CUST015582,South,Bengaluru
CUST015583,South,Bengaluru
CUST015584,East,Kolkata
CUST015585,North,Delhi NCR
CUST015586,South,Bengaluru
CUST015587,North,Delhi NCR
CUST015588,North,Delhi NCR
CUST015589,West,Mumbai
CUST015590,North,Delhi NCR
CUST015591,East,Kolkata
CUST015592,East,Kolkata
CUST015593,North,Delhi NCR
CUST015594,Central,Nagpur
CUST015595,Central,Nagpur
CUST015596,West,Mumbai
CUST015597,West,Mumbai
CUST015598,South,Bengaluru
CUST015599,Central,Nagpur
CUST015600,West,Mumbai
CUST015601,East,Kolkata
CUST015602,West,Mumbai
CUST015603,Central,Nagpur
CUST015604,West,Mumbai
CUST015605,North,Delhi NCR
CUST015606,South,Bengaluru
CUST015607,North,Delhi NCR
CUST015608,South,Bengaluru
CUST015609,Central,Nagpur
CUST015610,North,Delhi NCR
CUST015611,Central,Nagpur
CUST015612,South,Bengaluru
CUST015613,East,Kolkata
CUST015614,East,Kolkata
CUST015615,North,Delhi NCR
CUST015616,North,Delhi NCR
CUST015617,South,Bengaluru
CUST015618,North,Delhi NCR
CUST015619,West,Mumbai
CUST015620,East,Kolkata
CUST015621,Central,Nagpur
CUST015622,Central,Nagpur
CUST015623,South,Bengaluru
CUST015624,Central,Nagpur
CUST015625,North,Delhi NCR
CUST015626,East,Kolkata
CUST015627,West,Mumbai
CUST015628,East,Kolkata
CUST015629,West,Mumbai
CUST015630,Central,Nagpur
CUST015631,East,Kolkata
CUST015632,South,Bengaluru
CUST015633,East,Kolkata
CUST015634,Central,Nagpur
CUST015635,Central,Nagpur
CUST015636,Central,Nagpur
CUST015637,South,Bengaluru
CUST015638,South,Bengaluru
CUST015639,East,Kolkata
CUST015640,East,Kolkata
CUST015641,West,Mumbai
CUST015642,Central,Nagpur
CUST015643,East,Kolkata
CUST015644,South,Bengaluru
CUST015645,Central,Nagpur
CUST015646,East,Kolkata
CUST015647,West,Mumbai
CUST015648,North,Delhi NCR
CUST015649,East,Kolkata
CUST015650,East,Kolkata
CUST015651,North,Delhi NCR
CUST015652,South,Bengaluru
CUST015653,West,Mumbai
CUST015654,North,Delhi NCR
CUST015655,North,Delhi NCR
CUST015656,North,Delhi NCR
CUST015657,North,Delhi NCR
CUST015658,East,Kolkata
CUST015659,East,Kolkata
CUST015660,West,Mumbai
CUST015661,East,Kolkata
CUST015662,East,Kolkata
CUST015663,Central,Nagpur
CUST015664,South,Bengaluru
CUST015665,West,Mumbai
CUST015666,North,Delhi NCR
CUST015667,Central,Nagpur
CUST015668,South,Bengaluru
CUST015669,South,Bengaluru
CUST015670,North,Delhi NCR
CUST015671,East,Kolkata
CUST015672,South,Bengaluru
CUST015673,Central,Nagpur
CUST015674,North,Delhi NCR
CUST015675,East,Kolkata
CUST015676,Central,Nagpur
CUST015677,Central,Nagpur
CUST015678,West,Mumbai
CUST015679,East,Kolkata
CUST015680,Central,Nagpur
CUST015681,South,Bengaluru
CUST015682,Central,Nagpur
CUST015683,East,Kolkata
CUST015684,South,Bengaluru
CUST015685,South,Bengaluru
CUST015686,East,Kolkata
CUST015687,North,Delhi NCR
CUST015688,West,Mumbai
CUST015689,South,Bengaluru
CUST015690,South,Bengaluru
CUST015691,North,Delhi NCR
CUST015692,East,Kolkata
CUST015693,South,Bengaluru
CUST015694,North,Delhi NCR
CUST015695,Central,Nagpur
CUST015696,West,Mumbai
CUST015697,South,Bengaluru
CUST015698,North,Delhi NCR
CUST015699,Central,Nagpur
CUST015700,West,Mumbai
CUST015701,East,Kolkata
CUST015702,West,Mumbai
CUST015703,North,Delhi NCR
CUST015704,East,Kolkata
CUST015705,North,Delhi NCR
CUST015706,West,Mumbai
CUST015707,Central,Nagpur
CUST015708,East,Kolkata
CUST015709,West,Mumbai
CUST015710,West,Mumbai
CUST015711,Central,Nagpur
CUST015712,North,Delhi NCR
CUST015713,South,Bengaluru
CUST015714,South,Bengaluru
CUST015715,West,Mumbai
CUST015716,East,Kolkata
CUST015717,West,Mumbai
CUST015718,East,Kolkata
CUST015719,Central,Nagpur
CUST015720,West,Mumbai
CUST015721,North,Delhi NCR
CUST015722,Central,Nagpur
CUST015723,Central,Nagpur
CUST015724,North,Delhi NCR
CUST015725,South,Bengaluru
CUST015726,Central,Nagpur
CUST015727,Central,Nagpur
CUST015728,East,Kolkata
CUST015729,East,Kolkata
CUST015730,North,Delhi NCR
CUST015731,East,Kolkata
CUST015732,West,Mumbai
CUST015733,South,Bengaluru
CUST015734,South,Bengaluru
CUST015735,Central,Nagpur
CUST015736,East,Kolkata
CUST015737,South,Bengaluru
CUST015738,South,Bengaluru
CUST015739,East,Kolkata
CUST015740,South,Bengaluru
CUST015741,East,Kolkata
CUST015742,Central,Nagpur
CUST015743,West,Mumbai
CUST015744,South,Bengaluru
CUST015745,East,Kolkata
CUST015746,East,Kolkata
CUST015747,West,Mumbai
CUST015748,West,Mumbai
CUST015749,East,Kolkata
CUST015750,South,Bengaluru
CUST015751,West,Mumbai
CUST015752,North,Delhi NCR
CUST015753,West,Mumbai
CUST015754,Central,Nagpur
CUST015755,West,Mumbai
CUST015756,East,Kolkata
CUST015757,Central,Nagpur
CUST015758,East,Kolkata
CUST015759,East,Kolkata
CUST015760,Central,Nagpur
CUST015761,North,Delhi NCR
CUST015762,West,Mumbai
CUST015763,West,Mumbai
CUST015764,East,Kolkata
CUST015765,North,Delhi NCR
CUST015766,West,Mumbai
CUST015767,South,Bengaluru
CUST015768,Central,Nagpur
CUST015769,West,Mumbai
CUST015770,South,Bengaluru
CUST015771,East,Kolkata
CUST015772,North,Delhi NCR
CUST015773,East,Kolkata
CUST015774,North,Delhi NCR
CUST015775,Central,Nagpur
CUST015776,West,Mumbai
CUST015777,South,Bengaluru
CUST015778,Central,Nagpur
CUST015779,North,Delhi NCR
CUST015780,East,Kolkata
CUST015781,North,Delhi NCR
CUST015782,North,Delhi NCR
CUST015783,South,Bengaluru
CUST015784,South,Bengaluru
CUST015785,West,Mumbai
CUST015786,Central,Nagpur
CUST015787,West,Mumbai
CUST015788,West,Mumbai
CUST015789,East,Kolkata
CUST015790,South,Bengaluru
CUST015791,South,Bengaluru
CUST015792,Central,Nagpur
CUST015793,East,Kolkata
CUST015794,East,Kolkata
CUST015795,North,Delhi NCR
CUST015796,East,Kolkata
CUST015797,West,Mumbai
CUST015798,East,Kolkata
CUST015799,West,Mumbai
CUST015800,Central,Nagpur
CUST015801,North,Delhi NCR
CUST015802,Central,Nagpur
CUST015803,Central,Nagpur
CUST015804,East,Kolkata
CUST015805,West,Mumbai
CUST015806,North,Delhi NCR
CUST015807,South,Bengaluru
CUST015808,North,Delhi NCR
CUST015809,West,Mumbai
CUST015810,Central,Nagpur
CUST015811,West,Mumbai
CUST015812,West,Mumbai
CUST015813,North,Delhi NCR
CUST015814,Central,Nagpur
CUST015815,North,Delhi NCR
CUST015816,East,Kolkata
CUST015817,West,Mumbai
CUST015818,Central,Nagpur
CUST015819,Central,Nagpur
CUST015820,East,Kolkata
CUST015821,East,Kolkata
CUST015822,East,Kolkata
CUST015823,East,Kolkata
CUST015824,West,Mumbai
CUST015825,West,Mumbai
CUST015826,East,Kolkata
CUST015827,East,Kolkata
CUST015828,North,Delhi NCR
CUST015829,North,Delhi NCR
CUST015830,East,Kolkata
CUST015831,South,Bengaluru
CUST015832,West,Mumbai
CUST015833,Central,Nagpur
CUST015834,West,Mumbai
CUST015835,Central,Nagpur
CUST015836,East,Kolkata
CUST015837,Central,Nagpur
CUST015838,Central,Nagpur
CUST015839,North,Delhi NCR
CUST015840,West,Mumbai
CUST015841,East,Kolkata
CUST015842,Central,Nagpur
CUST015843,East,Kolkata
CUST015844,North,Delhi NCR
CUST015845,South,Bengaluru
CUST015846,North,Delhi NCR
CUST015847,South,Bengaluru
CUST015848,North,Delhi NCR
CUST015849,West,Mumbai
CUST015850,East,Kolkata
CUST015851,West,Mumbai
CUST015852,Central,Nagpur
CUST015853,West,Mumbai
CUST015854,East,Kolkata
CUST015855,South,Bengaluru
CUST015856,West,Mumbai
CUST015857,East,Kolkata
CUST015858,West,Mumbai
CUST015859,North,Delhi NCR
CUST015860,North,Delhi NCR
CUST015861,North,Delhi NCR
CUST015862,West,Mumbai
CUST015863,East,Kolkata
CUST015864,South,Bengaluru
CUST015865,South,Bengaluru
CUST015866,West,Mumbai
CUST015867,Central,Nagpur
CUST015868,Central,Nagpur
CUST015869,East,Kolkata
CUST015870,West,Mumbai
CUST015871,North,Delhi NCR
CUST015872,Central,Nagpur
CUST015873,North,Delhi NCR
CUST015874,South,Bengaluru
CUST015875,West,Mumbai
CUST015876,Central,Nagpur
CUST015877,North,Delhi NCR
CUST015878,West,Mumbai
CUST015879,North,Delhi NCR
CUST015880,North,Delhi NCR
CUST015881,East,Kolkata
CUST015882,East,Kolkata
CUST015883,South,Bengaluru
CUST015884,Central,Nagpur
CUST015885,West,Mumbai
CUST015886,East,Kolkata
CUST015887,East,Kolkata
CUST015888,East,Kolkata
CUST015889,North,Delhi NCR
CUST015890,West,Mumbai
CUST015891,West,Mumbai
CUST015892,East,Kolkata
CUST015893,East,Kolkata
CUST015894,Central,Nagpur
CUST015895,West,Mumbai
CUST015896,South,Bengaluru
CUST015897,North,Delhi NCR
CUST015898,Central,Nagpur
CUST015899,West,Mumbai
CUST015900,West,Mumbai
CUST015901,South,Bengaluru
CUST015902,North,Delhi NCR
CUST015903,East,Kolkata
CUST015904,West,Mumbai
CUST015905,South,Bengaluru
CUST015906,East,Kolkata
CUST015907,Central,Nagpur
CUST015908,South,Bengaluru
CUST015909,South,Bengaluru
CUST015910,South,Bengaluru
CUST015911,Central,Nagpur
CUST015912,East,Kolkata
CUST015913,Central,Nagpur
CUST015914,Central,Nagpur
CUST015915,East,Kolkata
CUST015916,North,Delhi NCR
CUST015917,South,Bengaluru
CUST015918,East,Kolkata
CUST015919,South,Bengaluru
CUST015920,North,Delhi NCR
CUST015921,Central,Nagpur
CUST015922,South,Bengaluru
CUST015923,West,Mumbai
CUST015924,Central,Nagpur
CUST015925,East,Kolkata
CUST015926,West,Mumbai
CUST015927,North,Delhi NCR
CUST015928,West,Mumbai
CUST015929,Central,Nagpur
CUST015930,Central,Nagpur
CUST015931,North,Delhi NCR
CUST015932,South,Bengaluru
CUST015933,North,Delhi NCR
CUST015934,Central,Nagpur
CUST015935,South,Bengaluru
CUST015936,East,Kolkata
CUST015937,East,Kolkata
CUST015938,West,Mumbai
CUST015939,Central,Nagpur
CUST015940,South,Bengaluru
CUST015941,West,Mumbai
CUST015942,South,Bengaluru
CUST015943,North,Delhi NCR
CUST015944,North,Delhi NCR
CUST015945,South,Bengaluru
CUST015946,East,Kolkata
CUST015947,West,Mumbai
CUST015948,Central,Nagpur
CUST015949,East,Kolkata
CUST015950,East,Kolkata
CUST015951,North,Delhi NCR
CUST015952,Central,Nagpur
CUST015953,South,Bengaluru
CUST015954,West,Mumbai
CUST015955,West,Mumbai
CUST015956,Central,Nagpur
CUST015957,Central,Nagpur
CUST015958,West,Mumbai
CUST015959,West,Mumbai
CUST015960,North,Delhi NCR
CUST015961,North,Delhi NCR
CUST015962,East,Kolkata
CUST015963,West,Mumbai
CUST015964,West,Mumbai
CUST015965,South,Bengaluru
CUST015966,East,Kolkata
CUST015967,Central,Nagpur
CUST015968,North,Delhi NCR
CUST015969,South,Bengaluru
CUST015970,Central,Nagpur
CUST015971,North,Delhi NCR
CUST015972,South,Bengaluru
CUST015973,East,Kolkata
CUST015974,West,Mumbai
CUST015975,South,Bengaluru
CUST015976,West,Mumbai
CUST015977,South,Bengaluru
CUST015978,South,Bengaluru
CUST015979,East,Kolkata
CUST015980,North,Delhi NCR
CUST015981,West,Mumbai
CUST015982,West,Mumbai
CUST015983,Central,Nagpur
CUST015984,South,Bengaluru
CUST015985,South,Bengaluru
CUST015986,Central,Nagpur
CUST015987,North,Delhi NCR
CUST015988,East,Kolkata
CUST015989,East,Kolkata
CUST015990,East,Kolkata
CUST015991,East,Kolkata
CUST015992,West,Mumbai
CUST015993,North,Delhi NCR
CUST015994,Central,Nagpur
CUST015995,Central,Nagpur
CUST015996,North,Delhi NCR
CUST015997,Central,Nagpur
CUST015998,South,Bengaluru
CUST015999,North,Delhi NCR
CUST016000,South,Bengaluru
CUST016001,West,Mumbai
CUST016002,Central,Nagpur
CUST016003,West,Mumbai
CUST016004,Central,Nagpur
CUST016005,South,Bengaluru
CUST016006,Central,Nagpur
CUST016007,West,Mumbai
CUST016008,North,Delhi NCR
CUST016009,North,Delhi NCR
CUST016010,South,Bengaluru
CUST016011,North,Delhi NCR
CUST016012,South,Bengaluru
CUST016013,Central,Nagpur
CUST016014,South,Bengaluru
CUST016015,West,Mumbai
CUST016016,Central,Nagpur
CUST016017,South,Bengaluru
CUST016018,West,Mumbai
CUST016019,East,Kolkata
CUST016020,South,Bengaluru
CUST016021,Central,Nagpur
CUST016022,West,Mumbai
CUST016023,East,Kolkata
CUST016024,Central,Nagpur
CUST016025,Central,Nagpur
CUST016026,West,Mumbai
CUST016027,Central,Nagpur
CUST016028,South,Bengaluru
CUST016029,South,Bengaluru
CUST016030,South,Bengaluru
CUST016031,West,Mumbai
CUST016032,Central,Nagpur
CUST016033,West,Mumbai
CUST016034,East,Kolkata
CUST016035,West,Mumbai
CUST016036,North,Delhi NCR
CUST016037,South,Bengaluru
CUST016038,West,Mumbai
CUST016039,North,Delhi NCR
CUST016040,Central,Nagpur
CUST016041,North,Delhi NCR
CUST016042,West,Mumbai
CUST016043,West,Mumbai
CUST016044,Central,Nagpur
CUST016045,West,Mumbai
CUST016046,East,Kolkata
CUST016047,West,Mumbai
CUST016048,South,Bengaluru
CUST016049,East,Kolkata
CUST016050,Central,Nagpur
CUST016051,North,Delhi NCR
CUST016052,South,Bengaluru
CUST016053,North,Delhi NCR
CUST016054,East,Kolkata
CUST016055,West,Mumbai
CUST016056,North,Delhi NCR
CUST016057,East,Kolkata
CUST016058,East,Kolkata
CUST016059,West,Mumbai
CUST016060,South,Bengaluru
CUST016061,North,Delhi NCR
CUST016062,North,Delhi NCR
CUST016063,East,Kolkata
CUST016064,East,Kolkata
CUST016065,Central,Nagpur
CUST016066,East,Kolkata
CUST016067,North,Delhi NCR
CUST016068,West,Mumbai
CUST016069,North,Delhi NCR
CUST016070,South,Bengaluru
CUST016071,West,Mumbai
CUST016072,South,Bengaluru
CUST016073,East,Kolkata
CUST016074,East,Kolkata
CUST016075,Central,Nagpur
CUST016076,South,Bengaluru
CUST016077,Central,Nagpur
CUST016078,West,Mumbai
CUST016079,West,Mumbai
CUST016080,North,Delhi NCR
CUST016081,North,Delhi NCR
CUST016082,West,Mumbai
CUST016083,East,Kolkata
CUST016084,South,Bengaluru
CUST016085,Central,Nagpur
CUST016086,South,Bengaluru
CUST016087,East,Kolkata
CUST016088,West,Mumbai
CUST016089,Central,Nagpur
CUST016090,Central,Nagpur
CUST016091,West,Mumbai
CUST016092,North,Delhi NCR
CUST016093,North,Delhi NCR
CUST016094,West,Mumbai
CUST016095,East,Kolkata
CUST016096,North,Delhi NCR
CUST016097,West,Mumbai
CUST016098,Central,Nagpur
CUST016099,North,Delhi NCR
CUST016100,Central,Nagpur
CUST016101,South,Bengaluru
CUST016102,South,Bengaluru
CUST016103,West,Mumbai
CUST016104,South,Bengaluru
CUST016105,North,Delhi NCR
CUST016106,Central,Nagpur
CUST016107,South,Bengaluru
CUST016108,North,Delhi NCR
CUST016109,West,Mumbai
CUST016110,South,Bengaluru
CUST016111,West,Mumbai
CUST016112,North,Delhi NCR
CUST016113,East,Kolkata
CUST016114,East,Kolkata
CUST016115,Central,Nagpur
CUST016116,East,Kolkata
CUST016117,Central,Nagpur
CUST016118,South,Bengaluru
CUST016119,East,Kolkata
CUST016120,Central,Nagpur
CUST016121,North,Delhi NCR
CUST016122,Central,Nagpur
CUST016123,West,Mumbai
CUST016124,West,Mumbai
CUST016125,South,Bengaluru
CUST016126,Central,Nagpur
CUST016127,Central,Nagpur
CUST016128,South,Bengaluru
CUST016129,East,Kolkata
CUST016130,North,Delhi NCR
CUST016131,South,Bengaluru
CUST016132,North,Delhi NCR
CUST016133,East,Kolkata
CUST016134,East,Kolkata
CUST016135,East,Kolkata
CUST016136,West,Mumbai
CUST016137,Central,Nagpur
CUST016138,North,Delhi NCR
CUST016139,South,Bengaluru
CUST016140,South,Bengaluru
CUST016141,Central,Nagpur
CUST016142,North,Delhi NCR
CUST016143,North,Delhi NCR
CUST016144,North,Delhi NCR
CUST016145,West,Mumbai
CUST016146,East,Kolkata
CUST016147,Central,Nagpur
CUST016148,South,Bengaluru
CUST016149,South,Bengaluru
CUST016150,East,Kolkata
CUST016151,North,Delhi NCR
CUST016152,Central,Nagpur
CUST016153,Central,Nagpur
CUST016154,North,Delhi NCR
CUST016155,Central,Nagpur
CUST016156,East,Kolkata
CUST016157,South,Bengaluru
CUST016158,Central,Nagpur
CUST016159,East,Kolkata
CUST016160,South,Bengaluru
CUST016161,Central,Nagpur
CUST016162,West,Mumbai
CUST016163,North,Delhi NCR
CUST016164,West,Mumbai
CUST016165,West,Mumbai
CUST016166,South,Bengaluru
CUST016167,East,Kolkata
CUST016168,Central,Nagpur
CUST016169,North,Delhi NCR
CUST016170,West,Mumbai
CUST016171,Central,Nagpur
CUST016172,Central,Nagpur
CUST016173,South,Bengaluru
CUST016174,South,Bengaluru
CUST016175,Central,Nagpur
CUST016176,East,Kolkata
CUST016177,East,Kolkata
CUST016178,East,Kolkata
CUST016179,East,Kolkata
CUST016180,West,Mumbai
CUST016181,East,Kolkata
CUST016182,South,Bengaluru
CUST016183,East,Kolkata
CUST016184,West,Mumbai
CUST016185,Central,Nagpur
CUST016186,East,Kolkata
CUST016187,West,Mumbai
CUST016188,East,Kolkata
CUST016189,West,Mumbai
CUST016190,South,Bengaluru
CUST016191,East,Kolkata
CUST016192,North,Delhi NCR
CUST016193,South,Bengaluru
CUST016194,West,Mumbai
CUST016195,North,Delhi NCR
CUST016196,South,Bengaluru
CUST016197,West,Mumbai
CUST016198,Central,Nagpur
CUST016199,East,Kolkata
CUST016200,East,Kolkata
CUST016201,East,Kolkata
CUST016202,West,Mumbai
CUST016203,East,Kolkata
CUST016204,North,Delhi NCR
CUST016205,East,Kolkata
CUST016206,South,Bengaluru
CUST016207,West,Mumbai
CUST016208,North,Delhi NCR
CUST016209,West,Mumbai
CUST016210,North,Delhi NCR
CUST016211,Central,Nagpur
CUST016212,West,Mumbai
CUST016213,North,Delhi NCR
CUST016214,Central,Nagpur
CUST016215,East,Kolkata
CUST016216,West,Mumbai
CUST016217,North,Delhi NCR
CUST016218,North,Delhi NCR
CUST016219,Central,Nagpur
CUST016220,East,Kolkata
CUST016221,West,Mumbai
CUST016222,Central,Nagpur
CUST016223,East,Kolkata
CUST016224,South,Bengaluru
CUST016225,Central,Nagpur
CUST016226,North,Delhi NCR
CUST016227,East,Kolkata
CUST016228,Central,Nagpur
CUST016229,South,Bengaluru
CUST016230,South,Bengaluru
CUST016231,East,Kolkata
CUST016232,North,Delhi NCR
CUST016233,North,Delhi NCR
CUST016234,South,Bengaluru
CUST016235,Central,Nagpur
CUST016236,South,Bengaluru
CUST016237,West,Mumbai
CUST016238,East,Kolkata
CUST016239,West,Mumbai
CUST016240,South,Bengaluru
CUST016241,Central,Nagpur
CUST016242,South,Bengaluru
CUST016243,West,Mumbai
CUST016244,Central,Nagpur
CUST016245,East,Kolkata
CUST016246,West,Mumbai
CUST016247,North,Delhi NCR
CUST016248,East,Kolkata
CUST016249,South,Bengaluru
CUST016250,Central,Nagpur
CUST016251,Central,Nagpur
CUST016252,West,Mumbai
CUST016253,Central,Nagpur
CUST016254,Central,Nagpur
CUST016255,West,Mumbai
CUST016256,East,Kolkata
CUST016257,South,Bengaluru
CUST016258,Central,Nagpur
CUST016259,North,Delhi NCR
CUST016260,North,Delhi NCR
CUST016261,Central,Nagpur
CUST016262,North,Delhi NCR
CUST016263,North,Delhi NCR
CUST016264,East,Kolkata
CUST016265,East,Kolkata
CUST016266,North,Delhi NCR
CUST016267,South,Bengaluru
CUST016268,South,Bengaluru
CUST016269,South,Bengaluru
CUST016270,North,Delhi NCR
CUST016271,West,Mumbai
CUST016272,East,Kolkata
CUST016273,Central,Nagpur
CUST016274,North,Delhi NCR
CUST016275,West,Mumbai
CUST016276,Central,Nagpur
CUST016277,East,Kolkata
CUST016278,West,Mumbai
CUST016279,East,Kolkata
CUST016280,East,Kolkata
CUST016281,Central,Nagpur
CUST016282,East,Kolkata
CUST016283,East,Kolkata
CUST016284,Central,Nagpur
CUST016285,East,Kolkata
CUST016286,North,Delhi NCR
CUST016287,West,Mumbai
CUST016288,West,Mumbai
CUST016289,South,Bengaluru
CUST016290,West,Mumbai
CUST016291,North,Delhi NCR
CUST016292,South,Bengaluru
CUST016293,Central,Nagpur
CUST016294,West,Mumbai
CUST016295,West,Mumbai
CUST016296,West,Mumbai
CUST016297,North,Delhi NCR
CUST016298,Central,Nagpur
CUST016299,South,Bengaluru
CUST016300,West,Mumbai
CUST016301,Central,Nagpur
CUST016302,South,Bengaluru
CUST016303,West,Mumbai
CUST016304,North,Delhi NCR
CUST016305,West,Mumbai
CUST016306,East,Kolkata
CUST016307,North,Delhi NCR
CUST016308,West,Mumbai
CUST016309,Central,Nagpur
CUST016310,North,Delhi NCR
CUST016311,Central,Nagpur
CUST016312,Central,Nagpur
CUST016313,East,Kolkata
CUST016314,Central,Nagpur
CUST016315,South,Bengaluru
CUST016316,West,Mumbai
CUST016317,West,Mumbai
CUST016318,East,Kolkata
CUST016319,Central,Nagpur
CUST016320,Central,Nagpur
CUST016321,West,Mumbai
CUST016322,East,Kolkata
CUST016323,Central,Nagpur
CUST016324,East,Kolkata
CUST016325,West,Mumbai
CUST016326,North,Delhi NCR
CUST016327,South,Bengaluru
CUST016328,Central,Nagpur
CUST016329,East,Kolkata
CUST016330,East,Kolkata
CUST016331,Central,Nagpur
CUST016332,South,Bengaluru
CUST016333,South,Bengaluru
CUST016334,North,Delhi NCR
CUST016335,South,Bengaluru
CUST016336,East,Kolkata
CUST016337,West,Mumbai
CUST016338,South,Bengaluru
CUST016339,East,Kolkata
CUST016340,South,Bengaluru
CUST016341,Central,Nagpur
CUST016342,East,Kolkata
CUST016343,North,Delhi NCR
CUST016344,West,Mumbai
CUST016345,South,Bengaluru
CUST016346,Central,Nagpur
CUST016347,South,Bengaluru
CUST016348,Central,Nagpur
CUST016349,West,Mumbai
CUST016350,North,Delhi NCR
CUST016351,West,Mumbai
CUST016352,West,Mumbai
CUST016353,East,Kolkata
CUST016354,North,Delhi NCR
CUST016355,East,Kolkata
CUST016356,West,Mumbai
CUST016357,North,Delhi NCR
CUST016358,South,Bengaluru
CUST016359,West,Mumbai
CUST016360,East,Kolkata
CUST016361,Central,Nagpur
CUST016362,South,Bengaluru
CUST016363,West,Mumbai
CUST016364,East,Kolkata
CUST016365,South,Bengaluru
CUST016366,Central,Nagpur
CUST016367,West,Mumbai
CUST016368,East,Kolkata
CUST016369,South,Bengaluru
CUST016370,Central,Nagpur
CUST016371,North,Delhi NCR
CUST016372,North,Delhi NCR
CUST016373,North,Delhi NCR
CUST016374,West,Mumbai
CUST016375,North,Delhi NCR
CUST016376,West,Mumbai
CUST016377,North,Delhi NCR
CUST016378,West,Mumbai
CUST016379,West,Mumbai
CUST016380,Central,Nagpur
CUST016381,South,Bengaluru
CUST016382,North,Delhi NCR
CUST016383,West,Mumbai
CUST016384,East,Kolkata
CUST016385,Central,Nagpur
CUST016386,North,Delhi NCR
CUST016387,East,Kolkata
CUST016388,North,Delhi NCR
CUST016389,East,Kolkata
CUST016390,North,Delhi NCR
CUST016391,West,Mumbai
CUST016392,West,Mumbai
CUST016393,North,Delhi NCR
CUST016394,East,Kolkata
CUST016395,East,Kolkata
CUST016396,West,Mumbai
CUST016397,East,Kolkata
CUST016398,East,Kolkata
CUST016399,Central,Nagpur
CUST016400,East,Kolkata
CUST016401,Central,Nagpur
CUST016402,Central,Nagpur
CUST016403,Central,Nagpur
CUST016404,Central,Nagpur
CUST016405,West,Mumbai
CUST016406,East,Kolkata
CUST016407,East,Kolkata
CUST016408,South,Bengaluru
CUST016409,Central,Nagpur
CUST016410,West,Mumbai
CUST016411,Central,Nagpur
CUST016412,West,Mumbai
CUST016413,East,Kolkata
CUST016414,South,Bengaluru
CUST016415,Central,Nagpur
CUST016416,West,Mumbai
CUST016417,Central,Nagpur
CUST016418,East,Kolkata
CUST016419,East,Kolkata
CUST016420,North,Delhi NCR
CUST016421,North,Delhi NCR
CUST016422,West,Mumbai
CUST016423,South,Bengaluru
CUST016424,North,Delhi NCR
CUST016425,West,Mumbai
CUST016426,West,Mumbai
CUST016427,North,Delhi NCR
CUST016428,East,Kolkata
CUST016429,East,Kolkata
CUST016430,North,Delhi NCR
CUST016431,West,Mumbai
CUST016432,South,Bengaluru
CUST016433,Central,Nagpur
CUST016434,North,Delhi NCR
CUST016435,Central,Nagpur
CUST016436,North,Delhi NCR
CUST016437,West,Mumbai
CUST016438,West,Mumbai
CUST016439,East,Kolkata
CUST016440,South,Bengaluru
CUST016441,North,Delhi NCR
CUST016442,South,Bengaluru
CUST016443,West,Mumbai
CUST016444,West,Mumbai
CUST016445,North,Delhi NCR
CUST016446,North,Delhi NCR
CUST016447,East,Kolkata
CUST016448,East,Kolkata
CUST016449,Central,Nagpur
CUST016450,West,Mumbai
CUST016451,East,Kolkata
CUST016452,East,Kolkata
CUST016453,West,Mumbai
CUST016454,East,Kolkata
CUST016455,West,Mumbai
CUST016456,North,Delhi NCR
CUST016457,Central,Nagpur
CUST016458,Central,Nagpur
CUST016459,East,Kolkata
CUST016460,East,Kolkata
CUST016461,East,Kolkata
CUST016462,Central,Nagpur
CUST016463,North,Delhi NCR
CUST016464,South,Bengaluru
CUST016465,West,Mumbai
CUST016466,West,Mumbai
CUST016467,South,Bengaluru
CUST016468,North,Delhi NCR
CUST016469,East,Kolkata
CUST016470,West,Mumbai
CUST016471,West,Mumbai
CUST016472,North,Delhi NCR
CUST016473,North,Delhi NCR
CUST016474,South,Bengaluru
CUST016475,East,Kolkata
CUST016476,North,Delhi NCR
CUST016477,North,Delhi NCR
CUST016478,East,Kolkata
CUST016479,South,Bengaluru
CUST016480,West,Mumbai
CUST016481,North,Delhi NCR
CUST016482,Central,Nagpur
CUST016483,North,Delhi NCR
CUST016484,East,Kolkata
CUST016485,Central,Nagpur
CUST016486,West,Mumbai
CUST016487,Central,Nagpur
CUST016488,North,Delhi NCR
CUST016489,West,Mumbai
CUST016490,North,Delhi NCR
CUST016491,West,Mumbai
CUST016492,South,Bengaluru
CUST016493,West,Mumbai
CUST016494,North,Delhi NCR
CUST016495,Central,Nagpur
CUST016496,East,Kolkata
CUST016497,East,Kolkata
CUST016498,East,Kolkata
CUST016499,North,Delhi NCR
CUST016500,South,Bengaluru
CUST016501,West,Mumbai
CUST016502,Central,Nagpur
CUST016503,Central,Nagpur
CUST016504,East,Kolkata
CUST016505,South,Bengaluru
CUST016506,East,Kolkata
CUST016507,East,Kolkata
CUST016508,South,Bengaluru
CUST016509,South,Bengaluru
CUST016510,Central,Nagpur
CUST016511,South,Bengaluru
CUST016512,North,Delhi NCR
CUST016513,West,Mumbai
CUST016514,West,Mumbai
CUST016515,South,Bengaluru
CUST016516,West,Mumbai
CUST016517,Central,Nagpur
CUST016518,Central,Nagpur
CUST016519,West,Mumbai
CUST016520,East,Kolkata
CUST016521,North,Delhi NCR
CUST016522,East,Kolkata
CUST016523,Central,Nagpur
CUST016524,Central,Nagpur
CUST016525,West,Mumbai
CUST016526,Central,Nagpur
CUST016527,East,Kolkata
CUST016528,North,Delhi NCR
CUST016529,East,Kolkata
CUST016530,South,Bengaluru
CUST016531,Central,Nagpur
CUST016532,West,Mumbai
CUST016533,East,Kolkata
CUST016534,South,Bengaluru
CUST016535,North,Delhi NCR
CUST016536,North,Delhi NCR
CUST016537,South,Bengaluru
CUST016538,South,Bengaluru
CUST016539,South,Bengaluru
CUST016540,Central,Nagpur
CUST016541,West,Mumbai
CUST016542,East,Kolkata
CUST016543,North,Delhi NCR
CUST016544,Central,Nagpur
CUST016545,West,Mumbai
CUST016546,East,Kolkata
CUST016547,East,Kolkata
CUST016548,East,Kolkata
CUST016549,Central,Nagpur
CUST016550,West,Mumbai
CUST016551,East,Kolkata
CUST016552,West,Mumbai
CUST016553,Central,Nagpur
CUST016554,South,Bengaluru
CUST016555,Central,Nagpur
CUST016556,West,Mumbai
CUST016557,North,Delhi NCR
CUST016558,Central,Nagpur
CUST016559,West,Mumbai
CUST016560,South,Bengaluru
CUST016561,South,Bengaluru
CUST016562,Central,Nagpur
CUST016563,Central,Nagpur
CUST016564,North,Delhi NCR
CUST016565,West,Mumbai
CUST016566,North,Delhi NCR
CUST016567,South,Bengaluru
CUST016568,East,Kolkata
CUST016569,South,Bengaluru
CUST016570,East,Kolkata
CUST016571,East,Kolkata
CUST016572,East,Kolkata
CUST016573,Central,Nagpur
CUST016574,North,Delhi NCR
CUST016575,West,Mumbai
CUST016576,South,Bengaluru
CUST016577,North,Delhi NCR
CUST016578,East,Kolkata
CUST016579,South,Bengaluru
CUST016580,North,Delhi NCR
CUST016581,East,Kolkata
CUST016582,Central,Nagpur
CUST016583,East,Kolkata
CUST016584,West,Mumbai
CUST016585,North,Delhi NCR
CUST016586,North,Delhi NCR
CUST016587,South,Bengaluru
CUST016588,West,Mumbai
CUST016589,Central,Nagpur
CUST016590,North,Delhi NCR
CUST016591,East,Kolkata
CUST016592,South,Bengaluru
CUST016593,West,Mumbai
CUST016594,South,Bengaluru
CUST016595,East,Kolkata
CUST016596,Central,Nagpur
CUST016597,East,Kolkata
CUST016598,West,Mumbai
CUST016599,West,Mumbai
CUST016600,East,Kolkata
CUST016601,South,Bengaluru
CUST016602,Central,Nagpur
CUST016603,South,Bengaluru
CUST016604,Central,Nagpur
CUST016605,Central,Nagpur
CUST016606,East,Kolkata
CUST016607,Central,Nagpur
CUST016608,West,Mumbai
CUST016609,West,Mumbai
CUST016610,North,Delhi NCR
CUST016611,North,Delhi NCR
CUST016612,North,Delhi NCR
CUST016613,North,Delhi NCR
CUST016614,Central,Nagpur
CUST016615,North,Delhi NCR
CUST016616,North,Delhi NCR
CUST016617,Central,Nagpur
CUST016618,South,Bengaluru
CUST016619,Central,Nagpur
CUST016620,Central,Nagpur
CUST016621,East,Kolkata
CUST016622,Central,Nagpur
CUST016623,Central,Nagpur
CUST016624,North,Delhi NCR
CUST016625,North,Delhi NCR
CUST016626,South,Bengaluru
CUST016627,East,Kolkata
CUST016628,West,Mumbai
CUST016629,North,Delhi NCR
CUST016630,North,Delhi NCR
CUST016631,South,Bengaluru
CUST016632,South,Bengaluru
CUST016633,Central,Nagpur
CUST016634,South,Bengaluru
CUST016635,Central,Nagpur
CUST016636,North,Delhi NCR
CUST016637,North,Delhi NCR
CUST016638,Central,Nagpur
CUST016639,South,Bengaluru
CUST016640,North,Delhi NCR
CUST016641,East,Kolkata
CUST016642,North,Delhi NCR
CUST016643,North,Delhi NCR
CUST016644,East,Kolkata
CUST016645,East,Kolkata
CUST016646,East,Kolkata
CUST016647,East,Kolkata
CUST016648,North,Delhi NCR
CUST016649,South,Bengaluru
CUST016650,South,Bengaluru
CUST016651,South,Bengaluru
CUST016652,East,Kolkata
CUST016653,South,Bengaluru
CUST016654,West,Mumbai
CUST016655,Central,Nagpur
CUST016656,West,Mumbai
CUST016657,South,Bengaluru
CUST016658,East,Kolkata
CUST016659,East,Kolkata
CUST016660,West,Mumbai
CUST016661,South,Bengaluru
CUST016662,North,Delhi NCR
CUST016663,West,Mumbai
CUST016664,West,Mumbai
CUST016665,North,Delhi NCR
CUST016666,West,Mumbai
CUST016667,North,Delhi NCR
CUST016668,West,Mumbai
CUST016669,West,Mumbai
CUST016670,North,Delhi NCR
CUST016671,West,Mumbai
CUST016672,North,Delhi NCR
CUST016673,South,Bengaluru
CUST016674,West,Mumbai
CUST016675,South,Bengaluru
CUST016676,Central,Nagpur
CUST016677,Central,Nagpur
CUST016678,Central,Nagpur
CUST016679,North,Delhi NCR
CUST016680,North,Delhi NCR
CUST016681,North,Delhi NCR
CUST016682,East,Kolkata
CUST016683,East,Kolkata
CUST016684,West,Mumbai
CUST016685,South,Bengaluru
CUST016686,North,Delhi NCR
CUST016687,West,Mumbai
CUST016688,West,Mumbai
CUST016689,West,Mumbai
CUST016690,South,Bengaluru
CUST016691,East,Kolkata
CUST016692,Central,Nagpur
CUST016693,West,Mumbai
CUST016694,Central,Nagpur
CUST016695,East,Kolkata
CUST016696,North,Delhi NCR
CUST016697,West,Mumbai
CUST016698,East,Kolkata
CUST016699,North,Delhi NCR
CUST016700,North,Delhi NCR
CUST016701,South,Bengaluru
CUST016702,North,Delhi NCR
CUST016703,West,Mumbai
CUST016704,West,Mumbai
CUST016705,South,Bengaluru
CUST016706,North,Delhi NCR
CUST016707,North,Delhi NCR
CUST016708,Central,Nagpur
CUST016709,South,Bengaluru
CUST016710,North,Delhi NCR
CUST016711,West,Mumbai
CUST016712,Central,Nagpur
CUST016713,North,Delhi NCR
CUST016714,Central,Nagpur
CUST016715,West,Mumbai
CUST016716,South,Bengaluru
CUST016717,West,Mumbai
CUST016718,East,Kolkata
CUST016719,West,Mumbai
CUST016720,North,Delhi NCR
CUST016721,South,Bengaluru
CUST016722,West,Mumbai
CUST016723,Central,Nagpur
CUST016724,North,Delhi NCR
CUST016725,South,Bengaluru
CUST016726,West,Mumbai
CUST016727,Central,Nagpur
CUST016728,West,Mumbai
CUST016729,West,Mumbai
CUST016730,South,Bengaluru
CUST016731,North,Delhi NCR
CUST016732,West,Mumbai
CUST016733,West,Mumbai
CUST016734,East,Kolkata
CUST016735,East,Kolkata
CUST016736,South,Bengaluru
CUST016737,East,Kolkata
CUST016738,South,Bengaluru
CUST016739,East,Kolkata
CUST016740,North,Delhi NCR
CUST016741,West,Mumbai
CUST016742,South,Bengaluru
CUST016743,West,Mumbai
CUST016744,East,Kolkata
CUST016745,Central,Nagpur
CUST016746,South,Bengaluru
CUST016747,South,Bengaluru
CUST016748,South,Bengaluru
CUST016749,West,Mumbai
CUST016750,North,Delhi NCR
CUST016751,West,Mumbai
CUST016752,Central,Nagpur
CUST016753,West,Mumbai
CUST016754,North,Delhi NCR
CUST016755,East,Kolkata
CUST016756,East,Kolkata
CUST016757,South,Bengaluru
CUST016758,East,Kolkata
CUST016759,West,Mumbai
CUST016760,Central,Nagpur
CUST016761,South,Bengaluru
CUST016762,South,Bengaluru
CUST016763,South,Bengaluru
CUST016764,East,Kolkata
CUST016765,East,Kolkata
CUST016766,West,Mumbai
CUST016767,South,Bengaluru
CUST016768,South,Bengaluru
CUST016769,North,Delhi NCR
CUST016770,North,Delhi NCR
CUST016771,North,Delhi NCR
CUST016772,South,Bengaluru
CUST016773,West,Mumbai
CUST016774,West,Mumbai
CUST016775,Central,Nagpur
CUST016776,East,Kolkata
CUST016777,East,Kolkata
CUST016778,Central,Nagpur
CUST016779,North,Delhi NCR
CUST016780,West,Mumbai
CUST016781,Central,Nagpur
CUST016782,East,Kolkata
CUST016783,South,Bengaluru
CUST016784,West,Mumbai
CUST016785,Central,Nagpur
CUST016786,South,Bengaluru
CUST016787,East,Kolkata
CUST016788,North,Delhi NCR
CUST016789,South,Bengaluru
CUST016790,West,Mumbai
CUST016791,East,Kolkata
CUST016792,North,Delhi NCR
CUST016793,South,Bengaluru
CUST016794,North,Delhi NCR
CUST016795,West,Mumbai
CUST016796,Central,Nagpur
CUST016797,North,Delhi NCR
CUST016798,South,Bengaluru
CUST016799,Central,Nagpur
CUST016800,Central,Nagpur
CUST016801,West,Mumbai
CUST016802,West,Mumbai
CUST016803,Central,Nagpur
CUST016804,South,Bengaluru
CUST016805,Central,Nagpur
CUST016806,Central,Nagpur
CUST016807,South,Bengaluru
CUST016808,North,Delhi NCR
CUST016809,East,Kolkata
CUST016810,West,Mumbai
CUST016811,Central,Nagpur
CUST016812,North,Delhi NCR
CUST016813,South,Bengaluru
CUST016814,West,Mumbai
CUST016815,North,Delhi NCR
CUST016816,West,Mumbai
CUST016817,South,Bengaluru
CUST016818,North,Delhi NCR
CUST016819,South,Bengaluru
CUST016820,West,Mumbai
CUST016821,Central,Nagpur
CUST016822,North,Delhi NCR
CUST016823,East,Kolkata
CUST016824,South,Bengaluru
CUST016825,West,Mumbai
CUST016826,West,Mumbai
CUST016827,Central,Nagpur
CUST016828,South,Bengaluru
CUST016829,South,Bengaluru
CUST016830,South,Bengaluru
CUST016831,West,Mumbai
CUST016832,East,Kolkata
CUST016833,North,Delhi NCR
CUST016834,Central,Nagpur
CUST016835,North,Delhi NCR
CUST016836,Central,Nagpur
CUST016837,North,Delhi NCR
CUST016838,East,Kolkata
CUST016839,South,Bengaluru
CUST016840,West,Mumbai
CUST016841,East,Kolkata
CUST016842,South,Bengaluru
CUST016843,East,Kolkata
CUST016844,Central,Nagpur
CUST016845,South,Bengaluru
CUST016846,South,Bengaluru
CUST016847,North,Delhi NCR
CUST016848,West,Mumbai
CUST016849,West,Mumbai
CUST016850,West,Mumbai
CUST016851,North,Delhi NCR
CUST016852,West,Mumbai
CUST016853,Central,Nagpur
CUST016854,Central,Nagpur
CUST016855,Central,Nagpur
CUST016856,South,Bengaluru
CUST016857,West,Mumbai
CUST016858,East,Kolkata
CUST016859,East,Kolkata
CUST016860,South,Bengaluru
CUST016861,West,Mumbai
CUST016862,Central,Nagpur
CUST016863,West,Mumbai
CUST016864,Central,Nagpur
CUST016865,Central,Nagpur
CUST016866,North,Delhi NCR
CUST016867,Central,Nagpur
CUST016868,Central,Nagpur
CUST016869,East,Kolkata
CUST016870,West,Mumbai
CUST016871,West,Mumbai
CUST016872,West,Mumbai
CUST016873,Central,Nagpur
CUST016874,North,Delhi NCR
CUST016875,North,Delhi NCR
CUST016876,South,Bengaluru
CUST016877,East,Kolkata
CUST016878,Central,Nagpur
CUST016879,West,Mumbai
CUST016880,North,Delhi NCR
CUST016881,West,Mumbai
CUST016882,East,Kolkata
CUST016883,South,Bengaluru
CUST016884,West,Mumbai
CUST016885,South,Bengaluru
CUST016886,West,Mumbai
CUST016887,North,Delhi NCR
CUST016888,South,Bengaluru
CUST016889,East,Kolkata
CUST016890,West,Mumbai
CUST016891,Central,Nagpur
CUST016892,South,Bengaluru
CUST016893,Central,Nagpur
CUST016894,Central,Nagpur
CUST016895,South,Bengaluru
CUST016896,North,Delhi NCR
CUST016897,South,Bengaluru
CUST016898,West,Mumbai
CUST016899,West,Mumbai
CUST016900,West,Mumbai
CUST016901,West,Mumbai
CUST016902,North,Delhi NCR
CUST016903,East,Kolkata
CUST016904,Central,Nagpur
CUST016905,South,Bengaluru
CUST016906,Central,Nagpur
CUST016907,North,Delhi NCR
CUST016908,Central,Nagpur
CUST016909,West,Mumbai
CUST016910,West,Mumbai
CUST016911,West,Mumbai
CUST016912,Central,Nagpur
CUST016913,South,Bengaluru
CUST016914,North,Delhi NCR
CUST016915,Central,Nagpur
CUST016916,North,Delhi NCR
CUST016917,West,Mumbai
CUST016918,South,Bengaluru
CUST016919,Central,Nagpur
CUST016920,Central,Nagpur
CUST016921,East,Kolkata
CUST016922,East,Kolkata
CUST016923,East,Kolkata
CUST016924,East,Kolkata
CUST016925,Central,Nagpur
CUST016926,South,Bengaluru
CUST016927,Central,Nagpur
CUST016928,West,Mumbai
CUST016929,Central,Nagpur
CUST016930,West,Mumbai
CUST016931,Central,Nagpur
CUST016932,East,Kolkata
CUST016933,East,Kolkata
CUST016934,South,Bengaluru
CUST016935,South,Bengaluru
CUST016936,North,Delhi NCR
CUST016937,South,Bengaluru
CUST016938,Central,Nagpur
CUST016939,Central,Nagpur
CUST016940,West,Mumbai
CUST016941,South,Bengaluru
CUST016942,East,Kolkata
CUST016943,West,Mumbai
CUST016944,North,Delhi NCR
CUST016945,Central,Nagpur
CUST016946,Central,Nagpur
CUST016947,Central,Nagpur
CUST016948,North,Delhi NCR
CUST016949,Central,Nagpur
CUST016950,West,Mumbai
CUST016951,East,Kolkata
CUST016952,North,Delhi NCR
CUST016953,East,Kolkata
CUST016954,South,Bengaluru
CUST016955,Central,Nagpur
CUST016956,South,Bengaluru
CUST016957,South,Bengaluru
CUST016958,Central,Nagpur
CUST016959,North,Delhi NCR
CUST016960,Central,Nagpur
CUST016961,Central,Nagpur
CUST016962,South,Bengaluru
CUST016963,West,Mumbai
CUST016964,West,Mumbai
CUST016965,East,Kolkata
CUST016966,West,Mumbai
CUST016967,North,Delhi NCR
CUST016968,East,Kolkata
CUST016969,East,Kolkata
CUST016970,East,Kolkata
CUST016971,Central,Nagpur
CUST016972,Central,Nagpur
CUST016973,West,Mumbai
CUST016974,East,Kolkata
CUST016975,East,Kolkata
CUST016976,North,Delhi NCR
CUST016977,East,Kolkata
CUST016978,South,Bengaluru
CUST016979,Central,Nagpur
CUST016980,West,Mumbai
CUST016981,Central,Nagpur
CUST016982,Central,Nagpur
CUST016983,East,Kolkata
CUST016984,East,Kolkata
CUST016985,West,Mumbai
CUST016986,East,Kolkata
CUST016987,South,Bengaluru
CUST016988,West,Mumbai
CUST016989,East,Kolkata
CUST016990,Central,Nagpur
CUST016991,South,Bengaluru
CUST016992,East,Kolkata
CUST016993,East,Kolkata
CUST016994,Central,Nagpur
CUST016995,East,Kolkata
CUST016996,North,Delhi NCR
CUST016997,South,Bengaluru
CUST016998,Central,Nagpur
CUST016999,South,Bengaluru
CUST017000,South,Bengaluru
CUST017001,North,Delhi NCR
CUST017002,West,Mumbai
CUST017003,North,Delhi NCR
CUST017004,South,Bengaluru
CUST017005,West,Mumbai
CUST017006,Central,Nagpur
CUST017007,South,Bengaluru
CUST017008,South,Bengaluru
CUST017009,North,Delhi NCR
CUST017010,East,Kolkata
CUST017011,Central,Nagpur
CUST017012,South,Bengaluru
CUST017013,South,Bengaluru
CUST017014,South,Bengaluru
CUST017015,Central,Nagpur
CUST017016,East,Kolkata
CUST017017,West,Mumbai
CUST017018,West,Mumbai
CUST017019,West,Mumbai
CUST017020,East,Kolkata
CUST017021,East,Kolkata
CUST017022,East,Kolkata
CUST017023,North,Delhi NCR
CUST017024,East,Kolkata
CUST017025,Central,Nagpur
CUST017026,North,Delhi NCR
CUST017027,Central,Nagpur
CUST017028,East,Kolkata
CUST017029,South,Bengaluru
CUST017030,North,Delhi NCR
CUST017031,West,Mumbai
CUST017032,North,Delhi NCR
CUST017033,East,Kolkata
CUST017034,North,Delhi NCR
CUST017035,Central,Nagpur
CUST017036,North,Delhi NCR
CUST017037,Central,Nagpur
CUST017038,East,Kolkata
CUST017039,North,Delhi NCR
CUST017040,West,Mumbai
CUST017041,Central,Nagpur
CUST017042,South,Bengaluru
CUST017043,Central,Nagpur
CUST017044,West,Mumbai
CUST017045,West,Mumbai
CUST017046,South,Bengaluru
CUST017047,North,Delhi NCR
CUST017048,East,Kolkata
CUST017049,Central,Nagpur
CUST017050,East,Kolkata
CUST017051,West,Mumbai
CUST017052,West,Mumbai
CUST017053,South,Bengaluru
CUST017054,North,Delhi NCR
CUST017055,Central,Nagpur
CUST017056,West,Mumbai
CUST017057,East,Kolkata
CUST017058,East,Kolkata
CUST017059,Central,Nagpur
CUST017060,West,Mumbai
CUST017061,West,Mumbai
CUST017062,West,Mumbai
CUST017063,South,Bengaluru
CUST017064,West,Mumbai
CUST017065,Central,Nagpur
CUST017066,South,Bengaluru
CUST017067,East,Kolkata
CUST017068,West,Mumbai
CUST017069,East,Kolkata
CUST017070,Central,Nagpur
CUST017071,East,Kolkata
CUST017072,South,Bengaluru
CUST017073,North,Delhi NCR
CUST017074,Central,Nagpur
CUST017075,West,Mumbai
CUST017076,East,Kolkata
CUST017077,East,Kolkata
CUST017078,East,Kolkata
CUST017079,Central,Nagpur
CUST017080,West,Mumbai
CUST017081,Central,Nagpur
CUST017082,Central,Nagpur
CUST017083,West,Mumbai
CUST017084,East,Kolkata
CUST017085,South,Bengaluru
CUST017086,West,Mumbai
CUST017087,West,Mumbai
CUST017088,East,Kolkata
CUST017089,North,Delhi NCR
CUST017090,Central,Nagpur
CUST017091,Central,Nagpur
CUST017092,South,Bengaluru
CUST017093,East,Kolkata
CUST017094,North,Delhi NCR
CUST017095,Central,Nagpur
CUST017096,South,Bengaluru
CUST017097,South,Bengaluru
CUST017098,East,Kolkata
CUST017099,South,Bengaluru
CUST017100,West,Mumbai
CUST017101,Central,Nagpur
CUST017102,Central,Nagpur
CUST017103,East,Kolkata
CUST017104,North,Delhi NCR
CUST017105,Central,Nagpur
CUST017106,South,Bengaluru
CUST017107,Central,Nagpur
CUST017108,South,Bengaluru
CUST017109,East,Kolkata
CUST017110,East,Kolkata
CUST017111,East,Kolkata
CUST017112,North,Delhi NCR
CUST017113,East,Kolkata
CUST017114,East,Kolkata
CUST017115,Central,Nagpur
CUST017116,East,Kolkata
CUST017117,Central,Nagpur
CUST017118,South,Bengaluru
CUST017119,South,Bengaluru
CUST017120,North,Delhi NCR
CUST017121,West,Mumbai
CUST017122,North,Delhi NCR
CUST017123,South,Bengaluru
CUST017124,Central,Nagpur
CUST017125,West,Mumbai
CUST017126,East,Kolkata
CUST017127,Central,Nagpur
CUST017128,West,Mumbai
CUST017129,Central,Nagpur
CUST017130,West,Mumbai
CUST017131,East,Kolkata
CUST017132,North,Delhi NCR
CUST017133,South,Bengaluru
CUST017134,West,Mumbai
CUST017135,South,Bengaluru
CUST017136,West,Mumbai
CUST017137,North,Delhi NCR
CUST017138,North,Delhi NCR
CUST017139,South,Bengaluru
CUST017140,South,Bengaluru
CUST017141,Central,Nagpur
CUST017142,South,Bengaluru
CUST017143,East,Kolkata
CUST017144,East,Kolkata
CUST017145,South,Bengaluru
CUST017146,Central,Nagpur
CUST017147,West,Mumbai
CUST017148,North,Delhi NCR
CUST017149,South,Bengaluru
CUST017150,North,Delhi NCR
CUST017151,South,Bengaluru
CUST017152,West,Mumbai
CUST017153,Central,Nagpur
CUST017154,East,Kolkata
CUST017155,North,Delhi NCR
CUST017156,North,Delhi NCR
CUST017157,East,Kolkata
CUST017158,South,Bengaluru
CUST017159,East,Kolkata
CUST017160,North,Delhi NCR
CUST017161,South,Bengaluru
CUST017162,East,Kolkata
CUST017163,South,Bengaluru
CUST017164,South,Bengaluru
CUST017165,South,Bengaluru
CUST017166,North,Delhi NCR
CUST017167,South,Bengaluru
CUST017168,South,Bengaluru
CUST017169,Central,Nagpur
CUST017170,Central,Nagpur
CUST017171,East,Kolkata
CUST017172,South,Bengaluru
CUST017173,East,Kolkata
CUST017174,West,Mumbai
CUST017175,South,Bengaluru
CUST017176,West,Mumbai
CUST017177,Central,Nagpur
CUST017178,East,Kolkata
CUST017179,North,Delhi NCR
CUST017180,North,Delhi NCR
CUST017181,Central,Nagpur
CUST017182,East,Kolkata
CUST017183,South,Bengaluru
CUST017184,West,Mumbai
CUST017185,Central,Nagpur
CUST017186,East,Kolkata
CUST017187,South,Bengaluru
CUST017188,Central,Nagpur
CUST017189,North,Delhi NCR
CUST017190,Central,Nagpur
CUST017191,East,Kolkata
CUST017192,North,Delhi NCR
CUST017193,South,Bengaluru
CUST017194,West,Mumbai
CUST017195,West,Mumbai
CUST017196,North,Delhi NCR
CUST017197,West,Mumbai
CUST017198,Central,Nagpur
CUST017199,West,Mumbai
CUST017200,West,Mumbai
CUST017201,North,Delhi NCR
CUST017202,West,Mumbai
CUST017203,West,Mumbai
CUST017204,North,Delhi NCR
CUST017205,South,Bengaluru
CUST017206,Central,Nagpur
CUST017207,Central,Nagpur
CUST017208,North,Delhi NCR
CUST017209,West,Mumbai
CUST017210,East,Kolkata
CUST017211,East,Kolkata
CUST017212,East,Kolkata
CUST017213,Central,Nagpur
CUST017214,East,Kolkata
CUST017215,East,Kolkata
CUST017216,West,Mumbai
CUST017217,East,Kolkata
CUST017218,Central,Nagpur
CUST017219,South,Bengaluru
CUST017220,Central,Nagpur
CUST017221,West,Mumbai
CUST017222,Central,Nagpur
CUST017223,South,Bengaluru
CUST017224,East,Kolkata
CUST017225,North,Delhi NCR
CUST017226,Central,Nagpur
CUST017227,Central,Nagpur
CUST017228,South,Bengaluru
CUST017229,North,Delhi NCR
CUST017230,West,Mumbai
CUST017231,West,Mumbai
CUST017232,East,Kolkata
CUST017233,North,Delhi NCR
CUST017234,Central,Nagpur
CUST017235,East,Kolkata
CUST017236,West,Mumbai
CUST017237,Central,Nagpur
CUST017238,East,Kolkata
CUST017239,North,Delhi NCR
CUST017240,Central,Nagpur
CUST017241,West,Mumbai
CUST017242,Central,Nagpur
CUST017243,West,Mumbai
CUST017244,Central,Nagpur
CUST017245,Central,Nagpur
CUST017246,South,Bengaluru
CUST017247,North,Delhi NCR
CUST017248,North,Delhi NCR
CUST017249,West,Mumbai
CUST017250,South,Bengaluru
CUST017251,East,Kolkata
CUST017252,West,Mumbai
CUST017253,East,Kolkata
CUST017254,North,Delhi NCR
CUST017255,South,Bengaluru
CUST017256,North,Delhi NCR
CUST017257,South,Bengaluru
CUST017258,West,Mumbai
CUST017259,East,Kolkata
CUST017260,West,Mumbai
CUST017261,North,Delhi NCR
CUST017262,West,Mumbai
CUST017263,East,Kolkata
CUST017264,South,Bengaluru
CUST017265,West,Mumbai
CUST017266,North,Delhi NCR
CUST017267,East,Kolkata
CUST017268,East,Kolkata
CUST017269,North,Delhi NCR
CUST017270,Central,Nagpur
CUST017271,South,Bengaluru
CUST017272,North,Delhi NCR
CUST017273,East,Kolkata
CUST017274,Central,Nagpur
CUST017275,West,Mumbai
CUST017276,West,Mumbai
CUST017277,Central,Nagpur
CUST017278,North,Delhi NCR
CUST017279,East,Kolkata
CUST017280,South,Bengaluru
CUST017281,West,Mumbai
CUST017282,Central,Nagpur
CUST017283,North,Delhi NCR
CUST017284,North,Delhi NCR
CUST017285,Central,Nagpur
CUST017286,East,Kolkata
CUST017287,South,Bengaluru
CUST017288,North,Delhi NCR
CUST017289,South,Bengaluru
CUST017290,North,Delhi NCR
CUST017291,South,Bengaluru
CUST017292,North,Delhi NCR
CUST017293,North,Delhi NCR
CUST017294,Central,Nagpur
CUST017295,West,Mumbai
CUST017296,Central,Nagpur
CUST017297,South,Bengaluru
CUST017298,South,Bengaluru
CUST017299,South,Bengaluru
CUST017300,East,Kolkata
CUST017301,North,Delhi NCR
CUST017302,South,Bengaluru
CUST017303,Central,Nagpur
CUST017304,South,Bengaluru
CUST017305,West,Mumbai
CUST017306,South,Bengaluru
CUST017307,Central,Nagpur
CUST017308,West,Mumbai
CUST017309,Central,Nagpur
CUST017310,East,Kolkata
CUST017311,Central,Nagpur
CUST017312,South,Bengaluru
CUST017313,East,Kolkata
CUST017314,North,Delhi NCR
CUST017315,North,Delhi NCR
CUST017316,West,Mumbai
CUST017317,South,Bengaluru
CUST017318,North,Delhi NCR
CUST017319,South,Bengaluru
CUST017320,South,Bengaluru
CUST017321,West,Mumbai
CUST017322,North,Delhi NCR
CUST017323,North,Delhi NCR
CUST017324,West,Mumbai
CUST017325,North,Delhi NCR
CUST017326,East,Kolkata
CUST017327,West,Mumbai
CUST017328,East,Kolkata
CUST017329,North,Delhi NCR
CUST017330,West,Mumbai
CUST017331,North,Delhi NCR
CUST017332,South,Bengaluru
CUST017333,North,Delhi NCR
CUST017334,East,Kolkata
CUST017335,West,Mumbai
CUST017336,West,Mumbai
CUST017337,North,Delhi NCR
CUST017338,South,Bengaluru
CUST017339,North,Delhi NCR
CUST017340,South,Bengaluru
CUST017341,South,Bengaluru
CUST017342,West,Mumbai
CUST017343,West,Mumbai
CUST017344,Central,Nagpur
CUST017345,South,Bengaluru
CUST017346,North,Delhi NCR
CUST017347,North,Delhi NCR
CUST017348,Central,Nagpur
CUST017349,Central,Nagpur
CUST017350,South,Bengaluru
CUST017351,Central,Nagpur
CUST017352,East,Kolkata
CUST017353,North,Delhi NCR
CUST017354,South,Bengaluru
CUST017355,South,Bengaluru
CUST017356,West,Mumbai
CUST017357,North,Delhi NCR
CUST017358,North,Delhi NCR
CUST017359,West,Mumbai
CUST017360,South,Bengaluru
CUST017361,South,Bengaluru
CUST017362,Central,Nagpur
CUST017363,Central,Nagpur
CUST017364,East,Kolkata
CUST017365,Central,Nagpur
CUST017366,Central,Nagpur
CUST017367,East,Kolkata
CUST017368,Central,Nagpur
CUST017369,North,Delhi NCR
CUST017370,North,Delhi NCR
CUST017371,Central,Nagpur
CUST017372,North,Delhi NCR
CUST017373,West,Mumbai
CUST017374,East,Kolkata
CUST017375,West,Mumbai
CUST017376,West,Mumbai
CUST017377,North,Delhi NCR
CUST017378,South,Bengaluru
CUST017379,West,Mumbai
CUST017380,Central,Nagpur
CUST017381,Central,Nagpur
CUST017382,Central,Nagpur
CUST017383,Central,Nagpur
CUST017384,Central,Nagpur
CUST017385,East,Kolkata
CUST017386,South,Bengaluru
CUST017387,East,Kolkata
CUST017388,West,Mumbai
CUST017389,East,Kolkata
CUST017390,Central,Nagpur
CUST017391,West,Mumbai
CUST017392,South,Bengaluru
CUST017393,Central,Nagpur
CUST017394,Central,Nagpur
CUST017395,East,Kolkata
CUST017396,North,Delhi NCR
CUST017397,South,Bengaluru
CUST017398,Central,Nagpur
CUST017399,North,Delhi NCR
CUST017400,East,Kolkata
CUST017401,West,Mumbai
CUST017402,South,Bengaluru
CUST017403,Central,Nagpur
CUST017404,East,Kolkata
CUST017405,North,Delhi NCR
CUST017406,South,Bengaluru
CUST017407,South,Bengaluru
CUST017408,South,Bengaluru
CUST017409,Central,Nagpur
CUST017410,South,Bengaluru
CUST017411,East,Kolkata
CUST017412,East,Kolkata
CUST017413,South,Bengaluru
CUST017414,East,Kolkata
CUST017415,South,Bengaluru
CUST017416,North,Delhi NCR
CUST017417,East,Kolkata
CUST017418,East,Kolkata
CUST017419,North,Delhi NCR
CUST017420,West,Mumbai
CUST017421,West,Mumbai
CUST017422,South,Bengaluru
CUST017423,East,Kolkata
CUST017424,South,Bengaluru
CUST017425,West,Mumbai
CUST017426,North,Delhi NCR
CUST017427,West,Mumbai
CUST017428,North,Delhi NCR
CUST017429,North,Delhi NCR
CUST017430,South,Bengaluru
CUST017431,North,Delhi NCR
CUST017432,East,Kolkata
CUST017433,North,Delhi NCR
CUST017434,South,Bengaluru
CUST017435,North,Delhi NCR
CUST017436,Central,Nagpur
CUST017437,West,Mumbai
CUST017438,South,Bengaluru
CUST017439,North,Delhi NCR
CUST017440,Central,Nagpur
CUST017441,West,Mumbai
CUST017442,Central,Nagpur
CUST017443,North,Delhi NCR
CUST017444,South,Bengaluru
CUST017445,North,Delhi NCR
CUST017446,East,Kolkata
CUST017447,North,Delhi NCR
CUST017448,North,Delhi NCR
CUST017449,East,Kolkata
CUST017450,Central,Nagpur
CUST017451,West,Mumbai
CUST017452,West,Mumbai
CUST017453,Central,Nagpur
CUST017454,Central,Nagpur
CUST017455,North,Delhi NCR
CUST017456,South,Bengaluru
CUST017457,West,Mumbai
CUST017458,Central,Nagpur
CUST017459,West,Mumbai
CUST017460,West,Mumbai
CUST017461,South,Bengaluru
CUST017462,South,Bengaluru
CUST017463,North,Delhi NCR
CUST017464,South,Bengaluru
CUST017465,North,Delhi NCR
CUST017466,Central,Nagpur
CUST017467,North,Delhi NCR
CUST017468,South,Bengaluru
CUST017469,Central,Nagpur
CUST017470,Central,Nagpur
CUST017471,South,Bengaluru
CUST017472,East,Kolkata
CUST017473,East,Kolkata
CUST017474,Central,Nagpur
CUST017475,West,Mumbai
CUST017476,East,Kolkata
CUST017477,South,Bengaluru
CUST017478,South,Bengaluru
CUST017479,West,Mumbai
CUST017480,Central,Nagpur
CUST017481,North,Delhi NCR
CUST017482,West,Mumbai
CUST017483,East,Kolkata
CUST017484,North,Delhi NCR
CUST017485,North,Delhi NCR
CUST017486,South,Bengaluru
CUST017487,South,Bengaluru
CUST017488,North,Delhi NCR
CUST017489,South,Bengaluru
CUST017490,Central,Nagpur
CUST017491,West,Mumbai
CUST017492,South,Bengaluru
CUST017493,West,Mumbai
CUST017494,East,Kolkata
CUST017495,West,Mumbai
CUST017496,South,Bengaluru
CUST017497,North,Delhi NCR
CUST017498,South,Bengaluru
CUST017499,Central,Nagpur
CUST017500,East,Kolkata
CUST017501,North,Delhi NCR
CUST017502,Central,Nagpur
CUST017503,Central,Nagpur
CUST017504,East,Kolkata
CUST017505,West,Mumbai
CUST017506,North,Delhi NCR
CUST017507,East,Kolkata
CUST017508,Central,Nagpur
CUST017509,East,Kolkata
CUST017510,North,Delhi NCR
CUST017511,West,Mumbai
CUST017512,West,Mumbai
CUST017513,West,Mumbai
CUST017514,West,Mumbai
CUST017515,North,Delhi NCR
CUST017516,North,Delhi NCR
CUST017517,West,Mumbai
CUST017518,Central,Nagpur
CUST017519,North,Delhi NCR
CUST017520,East,Kolkata
CUST017521,East,Kolkata
CUST017522,South,Bengaluru
CUST017523,West,Mumbai
CUST017524,Central,Nagpur
CUST017525,Central,Nagpur
CUST017526,North,Delhi NCR
CUST017527,East,Kolkata
CUST017528,Central,Nagpur
CUST017529,South,Bengaluru
CUST017530,Central,Nagpur
CUST017531,East,Kolkata
CUST017532,East,Kolkata
CUST017533,South,Bengaluru
CUST017534,Central,Nagpur
CUST017535,East,Kolkata
CUST017536,East,Kolkata
CUST017537,East,Kolkata
CUST017538,North,Delhi NCR
CUST017539,West,Mumbai
CUST017540,South,Bengaluru
CUST017541,South,Bengaluru
CUST017542,West,Mumbai
CUST017543,North,Delhi NCR
CUST017544,West,Mumbai
CUST017545,East,Kolkata
CUST017546,West,Mumbai
CUST017547,North,Delhi NCR
CUST017548,West,Mumbai
CUST017549,South,Bengaluru
CUST017550,Central,Nagpur
CUST017551,South,Bengaluru
CUST017552,North,Delhi NCR
CUST017553,East,Kolkata
CUST017554,North,Delhi NCR
CUST017555,South,Bengaluru
CUST017556,West,Mumbai
CUST017557,East,Kolkata
CUST017558,West,Mumbai
CUST017559,Central,Nagpur
CUST017560,East,Kolkata
CUST017561,East,Kolkata
CUST017562,North,Delhi NCR
CUST017563,South,Bengaluru
CUST017564,West,Mumbai
CUST017565,North,Delhi NCR
CUST017566,South,Bengaluru
CUST017567,North,Delhi NCR
CUST017568,Central,Nagpur
CUST017569,East,Kolkata
CUST017570,West,Mumbai
CUST017571,West,Mumbai
CUST017572,South,Bengaluru
CUST017573,North,Delhi NCR
CUST017574,South,Bengaluru
CUST017575,North,Delhi NCR
CUST017576,South,Bengaluru
CUST017577,South,Bengaluru
CUST017578,West,Mumbai
CUST017579,South,Bengaluru
CUST017580,North,Delhi NCR
CUST017581,Central,Nagpur
CUST017582,North,Delhi NCR
CUST017583,South,Bengaluru
CUST017584,South,Bengaluru
CUST017585,North,Delhi NCR
CUST017586,Central,Nagpur
CUST017587,South,Bengaluru
CUST017588,West,Mumbai
CUST017589,North,Delhi NCR
CUST017590,East,Kolkata
CUST017591,North,Delhi NCR
CUST017592,South,Bengaluru
CUST017593,East,Kolkata
CUST017594,Central,Nagpur
CUST017595,South,Bengaluru
CUST017596,West,Mumbai
CUST017597,North,Delhi NCR
CUST017598,South,Bengaluru
CUST017599,West,Mumbai
CUST017600,East,Kolkata
CUST017601,East,Kolkata
CUST017602,West,Mumbai
CUST017603,North,Delhi NCR
CUST017604,West,Mumbai
CUST017605,Central,Nagpur
CUST017606,West,Mumbai
CUST017607,South,Bengaluru
CUST017608,South,Bengaluru
CUST017609,Central,Nagpur
CUST017610,West,Mumbai
CUST017611,Central,Nagpur
CUST017612,Central,Nagpur
CUST017613,East,Kolkata
CUST017614,North,Delhi NCR
CUST017615,South,Bengaluru
CUST017616,South,Bengaluru
CUST017617,Central,Nagpur
CUST017618,South,Bengaluru
CUST017619,South,Bengaluru
CUST017620,Central,Nagpur
CUST017621,North,Delhi NCR
CUST017622,West,Mumbai
CUST017623,East,Kolkata
CUST017624,Central,Nagpur
CUST017625,East,Kolkata
CUST017626,East,Kolkata
CUST017627,Central,Nagpur
CUST017628,Central,Nagpur
CUST017629,West,Mumbai
CUST017630,West,Mumbai
CUST017631,Central,Nagpur
CUST017632,Central,Nagpur
CUST017633,West,Mumbai
CUST017634,South,Bengaluru
CUST017635,West,Mumbai
CUST017636,South,Bengaluru
CUST017637,East,Kolkata
CUST017638,East,Kolkata
CUST017639,Central,Nagpur
CUST017640,East,Kolkata
CUST017641,Central,Nagpur
CUST017642,Central,Nagpur
CUST017643,Central,Nagpur
CUST017644,North,Delhi NCR
CUST017645,West,Mumbai
CUST017646,South,Bengaluru
CUST017647,East,Kolkata
CUST017648,East,Kolkata
CUST017649,South,Bengaluru
CUST017650,Central,Nagpur
CUST017651,Central,Nagpur
CUST017652,East,Kolkata
CUST017653,North,Delhi NCR
CUST017654,North,Delhi NCR
CUST017655,South,Bengaluru
CUST017656,Central,Nagpur
CUST017657,East,Kolkata
CUST017658,North,Delhi NCR
CUST017659,East,Kolkata
CUST017660,Central,Nagpur
CUST017661,East,Kolkata
CUST017662,East,Kolkata
CUST017663,North,Delhi NCR
CUST017664,Central,Nagpur
CUST017665,North,Delhi NCR
CUST017666,Central,Nagpur
CUST017667,South,Bengaluru
CUST017668,North,Delhi NCR
CUST017669,South,Bengaluru
CUST017670,North,Delhi NCR
CUST017671,North,Delhi NCR
CUST017672,North,Delhi NCR
CUST017673,West,Mumbai
CUST017674,Central,Nagpur
CUST017675,South,Bengaluru
CUST017676,West,Mumbai
CUST017677,South,Bengaluru
CUST017678,East,Kolkata
CUST017679,South,Bengaluru
CUST017680,Central,Nagpur
CUST017681,East,Kolkata
CUST017682,East,Kolkata
CUST017683,Central,Nagpur
CUST017684,West,Mumbai
CUST017685,North,Delhi NCR
CUST017686,North,Delhi NCR
CUST017687,South,Bengaluru
CUST017688,North,Delhi NCR
CUST017689,West,Mumbai
CUST017690,East,Kolkata
CUST017691,North,Delhi NCR
CUST017692,East,Kolkata
CUST017693,Central,Nagpur
CUST017694,Central,Nagpur
CUST017695,Central,Nagpur
CUST017696,Central,Nagpur
CUST017697,West,Mumbai
CUST017698,Central,Nagpur
CUST017699,Central,Nagpur
CUST017700,West,Mumbai
CUST017701,East,Kolkata
CUST017702,Central,Nagpur
CUST017703,East,Kolkata
CUST017704,North,Delhi NCR
CUST017705,North,Delhi NCR
CUST017706,East,Kolkata
CUST017707,North,Delhi NCR
CUST017708,North,Delhi NCR
CUST017709,South,Bengaluru
CUST017710,East,Kolkata
CUST017711,East,Kolkata
CUST017712,East,Kolkata
CUST017713,East,Kolkata
CUST017714,Central,Nagpur
CUST017715,South,Bengaluru
CUST017716,East,Kolkata
CUST017717,West,Mumbai
CUST017718,South,Bengaluru
CUST017719,North,Delhi NCR
CUST017720,North,Delhi NCR
CUST017721,South,Bengaluru
CUST017722,South,Bengaluru
CUST017723,North,Delhi NCR
CUST017724,South,Bengaluru
CUST017725,West,Mumbai
CUST017726,Central,Nagpur
CUST017727,East,Kolkata
CUST017728,North,Delhi NCR
CUST017729,West,Mumbai
CUST017730,North,Delhi NCR
CUST017731,North,Delhi NCR
CUST017732,East,Kolkata
CUST017733,East,Kolkata
CUST017734,South,Bengaluru
CUST017735,Central,Nagpur
CUST017736,North,Delhi NCR
CUST017737,North,Delhi NCR
CUST017738,East,Kolkata
CUST017739,East,Kolkata
CUST017740,Central,Nagpur
CUST017741,North,Delhi NCR
CUST017742,East,Kolkata
CUST017743,North,Delhi NCR
CUST017744,North,Delhi NCR
CUST017745,East,Kolkata
CUST017746,West,Mumbai
CUST017747,North,Delhi NCR
CUST017748,Central,Nagpur
CUST017749,East,Kolkata
CUST017750,East,Kolkata
CUST017751,Central,Nagpur
CUST017752,South,Bengaluru
CUST017753,South,Bengaluru
CUST017754,West,Mumbai
CUST017755,North,Delhi NCR
CUST017756,Central,Nagpur
CUST017757,Central,Nagpur
CUST017758,Central,Nagpur
CUST017759,East,Kolkata
CUST017760,West,Mumbai
CUST017761,Central,Nagpur
CUST017762,North,Delhi NCR
CUST017763,South,Bengaluru
CUST017764,East,Kolkata
CUST017765,West,Mumbai
CUST017766,West,Mumbai
CUST017767,Central,Nagpur
CUST017768,East,Kolkata
CUST017769,North,Delhi NCR
CUST017770,North,Delhi NCR
CUST017771,Central,Nagpur
CUST017772,East,Kolkata
CUST017773,West,Mumbai
CUST017774,East,Kolkata
CUST017775,Central,Nagpur
CUST017776,South,Bengaluru
CUST017777,North,Delhi NCR
CUST017778,West,Mumbai
CUST017779,East,Kolkata
CUST017780,Central,Nagpur
CUST017781,North,Delhi NCR
CUST017782,South,Bengaluru
CUST017783,Central,Nagpur
CUST017784,Central,Nagpur
CUST017785,North,Delhi NCR
CUST017786,Central,Nagpur
CUST017787,North,Delhi NCR
CUST017788,North,Delhi NCR
CUST017789,Central,Nagpur
CUST017790,North,Delhi NCR
CUST017791,South,Bengaluru
CUST017792,North,Delhi NCR
CUST017793,East,Kolkata
CUST017794,North,Delhi NCR
CUST017795,South,Bengaluru
CUST017796,South,Bengaluru
CUST017797,West,Mumbai
CUST017798,East,Kolkata
CUST017799,North,Delhi NCR
CUST017800,East,Kolkata
CUST017801,East,Kolkata
CUST017802,South,Bengaluru
CUST017803,East,Kolkata
CUST017804,South,Bengaluru
CUST017805,South,Bengaluru
CUST017806,West,Mumbai
CUST017807,South,Bengaluru
CUST017808,South,Bengaluru
CUST017809,North,Delhi NCR
CUST017810,West,Mumbai
CUST017811,West,Mumbai
CUST017812,West,Mumbai
CUST017813,North,Delhi NCR
CUST017814,East,Kolkata
CUST017815,South,Bengaluru
CUST017816,West,Mumbai
CUST017817,South,Bengaluru
CUST017818,East,Kolkata
CUST017819,East,Kolkata
CUST017820,West,Mumbai
CUST017821,West,Mumbai
CUST017822,Central,Nagpur
CUST017823,East,Kolkata
CUST017824,Central,Nagpur
CUST017825,Central,Nagpur
CUST017826,East,Kolkata
CUST017827,West,Mumbai
CUST017828,Central,Nagpur
CUST017829,Central,Nagpur
CUST017830,South,Bengaluru
CUST017831,West,Mumbai
CUST017832,East,Kolkata
CUST017833,North,Delhi NCR
CUST017834,South,Bengaluru
CUST017835,Central,Nagpur
CUST017836,Central,Nagpur
CUST017837,West,Mumbai
CUST017838,Central,Nagpur
CUST017839,East,Kolkata
CUST017840,West,Mumbai
CUST017841,North,Delhi NCR
CUST017842,South,Bengaluru
CUST017843,North,Delhi NCR
CUST017844,Central,Nagpur
CUST017845,West,Mumbai
CUST017846,Central,Nagpur
CUST017847,East,Kolkata
CUST017848,East,Kolkata
CUST017849,West,Mumbai
CUST017850,East,Kolkata
CUST017851,South,Bengaluru
CUST017852,South,Bengaluru
CUST017853,East,Kolkata
CUST017854,North,Delhi NCR
CUST017855,North,Delhi NCR
CUST017856,North,Delhi NCR
CUST017857,North,Delhi NCR
CUST017858,North,Delhi NCR
CUST017859,North,Delhi NCR
CUST017860,North,Delhi NCR
CUST017861,Central,Nagpur
CUST017862,North,Delhi NCR
CUST017863,East,Kolkata
CUST017864,North,Delhi NCR
CUST017865,Central,Nagpur
CUST017866,South,Bengaluru
CUST017867,West,Mumbai
CUST017868,West,Mumbai
CUST017869,West,Mumbai
CUST017870,West,Mumbai
CUST017871,East,Kolkata
CUST017872,West,Mumbai
CUST017873,Central,Nagpur
CUST017874,South,Bengaluru
CUST017875,Central,Nagpur
CUST017876,Central,Nagpur
CUST017877,West,Mumbai
CUST017878,Central,Nagpur
CUST017879,North,Delhi NCR
CUST017880,East,Kolkata
CUST017881,West,Mumbai
CUST017882,Central,Nagpur
CUST017883,North,Delhi NCR
CUST017884,Central,Nagpur
CUST017885,North,Delhi NCR
CUST017886,South,Bengaluru
CUST017887,West,Mumbai
CUST017888,South,Bengaluru
CUST017889,Central,Nagpur
CUST017890,Central,Nagpur
CUST017891,North,Delhi NCR
CUST017892,South,Bengaluru
CUST017893,North,Delhi NCR
CUST017894,West,Mumbai
CUST017895,Central,Nagpur
CUST017896,West,Mumbai
CUST017897,North,Delhi NCR
CUST017898,North,Delhi NCR
CUST017899,North,Delhi NCR
CUST017900,East,Kolkata
CUST017901,West,Mumbai
CUST017902,North,Delhi NCR
CUST017903,Central,Nagpur
CUST017904,South,Bengaluru
CUST017905,East,Kolkata
CUST017906,West,Mumbai
CUST017907,East,Kolkata
CUST017908,East,Kolkata
CUST017909,South,Bengaluru
CUST017910,East,Kolkata
CUST017911,South,Bengaluru
CUST017912,South,Bengaluru
CUST017913,West,Mumbai
CUST017914,Central,Nagpur
CUST017915,Central,Nagpur
CUST017916,South,Bengaluru
CUST017917,South,Bengaluru
CUST017918,North,Delhi NCR
CUST017919,South,Bengaluru
CUST017920,East,Kolkata
CUST017921,South,Bengaluru
CUST017922,West,Mumbai
CUST017923,North,Delhi NCR
CUST017924,East,Kolkata
CUST017925,South,Bengaluru
CUST017926,East,Kolkata
CUST017927,North,Delhi NCR
CUST017928,East,Kolkata
CUST017929,West,Mumbai
CUST017930,Central,Nagpur
CUST017931,South,Bengaluru
CUST017932,East,Kolkata
CUST017933,West,Mumbai
CUST017934,East,Kolkata
CUST017935,East,Kolkata
CUST017936,South,Bengaluru
CUST017937,Central,Nagpur
CUST017938,West,Mumbai
CUST017939,Central,Nagpur
CUST017940,West,Mumbai
CUST017941,South,Bengaluru
CUST017942,South,Bengaluru
CUST017943,North,Delhi NCR
CUST017944,West,Mumbai
CUST017945,West,Mumbai
CUST017946,South,Bengaluru
CUST017947,North,Delhi NCR
CUST017948,Central,Nagpur
CUST017949,South,Bengaluru
CUST017950,East,Kolkata
CUST017951,North,Delhi NCR
CUST017952,North,Delhi NCR
CUST017953,Central,Nagpur
CUST017954,West,Mumbai
CUST017955,North,Delhi NCR
CUST017956,North,Delhi NCR
CUST017957,East,Kolkata
CUST017958,West,Mumbai
CUST017959,East,Kolkata
CUST017960,Central,Nagpur
CUST017961,West,Mumbai
CUST017962,West,Mumbai
CUST017963,South,Bengaluru
CUST017964,West,Mumbai
CUST017965,Central,Nagpur
CUST017966,North,Delhi NCR
CUST017967,West,Mumbai
CUST017968,Central,Nagpur
CUST017969,East,Kolkata
CUST017970,West,Mumbai
CUST017971,South,Bengaluru
CUST017972,North,Delhi NCR
CUST017973,Central,Nagpur
CUST017974,South,Bengaluru
CUST017975,West,Mumbai
CUST017976,South,Bengaluru
CUST017977,South,Bengaluru
CUST017978,West,Mumbai
CUST017979,South,Bengaluru
CUST017980,Central,Nagpur
CUST017981,North,Delhi NCR
CUST017982,North,Delhi NCR
CUST017983,North,Delhi NCR
CUST017984,South,Bengaluru
CUST017985,North,Delhi NCR
CUST017986,South,Bengaluru
CUST017987,North,Delhi NCR
CUST017988,West,Mumbai
CUST017989,North,Delhi NCR
CUST017990,Central,Nagpur
CUST017991,Central,Nagpur
CUST017992,West,Mumbai
CUST017993,West,Mumbai
CUST017994,West,Mumbai
CUST017995,Central,Nagpur
CUST017996,East,Kolkata
CUST017997,West,Mumbai
CUST017998,East,Kolkata
CUST017999,West,Mumbai
CUST018000,South,Bengaluru
CUST018001,North,Delhi NCR
CUST018002,Central,Nagpur
CUST018003,West,Mumbai
CUST018004,West,Mumbai
CUST018005,South,Bengaluru
CUST018006,West,Mumbai
CUST018007,East,Kolkata
CUST018008,North,Delhi NCR
CUST018009,Central,Nagpur
CUST018010,Central,Nagpur
CUST018011,Central,Nagpur
CUST018012,East,Kolkata
CUST018013,South,Bengaluru
CUST018014,North,Delhi NCR
CUST018015,West,Mumbai
CUST018016,Central,Nagpur
CUST018017,North,Delhi NCR
CUST018018,West,Mumbai
CUST018019,North,Delhi NCR
CUST018020,West,Mumbai
CUST018021,North,Delhi NCR
CUST018022,Central,Nagpur
CUST018023,North,Delhi NCR
CUST018024,East,Kolkata
CUST018025,West,Mumbai
CUST018026,Central,Nagpur
CUST018027,South,Bengaluru
CUST018028,Central,Nagpur
CUST018029,North,Delhi NCR
CUST018030,East,Kolkata
CUST018031,Central,Nagpur
CUST018032,South,Bengaluru
CUST018033,East,Kolkata
CUST018034,East,Kolkata
CUST018035,South,Bengaluru
CUST018036,West,Mumbai
CUST018037,East,Kolkata
CUST018038,West,Mumbai
CUST018039,East,Kolkata
CUST018040,Central,Nagpur
CUST018041,East,Kolkata
CUST018042,West,Mumbai
CUST018043,West,Mumbai
CUST018044,Central,Nagpur
CUST018045,Central,Nagpur
CUST018046,South,Bengaluru
CUST018047,South,Bengaluru
CUST018048,South,Bengaluru
CUST018049,East,Kolkata
CUST018050,East,Kolkata
CUST018051,North,Delhi NCR
CUST018052,Central,Nagpur
CUST018053,Central,Nagpur
CUST018054,West,Mumbai
CUST018055,South,Bengaluru
CUST018056,Central,Nagpur
CUST018057,South,Bengaluru
CUST018058,South,Bengaluru
CUST018059,Central,Nagpur
CUST018060,Central,Nagpur
CUST018061,East,Kolkata
CUST018062,North,Delhi NCR
CUST018063,North,Delhi NCR
CUST018064,Central,Nagpur
CUST018065,South,Bengaluru
CUST018066,West,Mumbai
CUST018067,South,Bengaluru
CUST018068,East,Kolkata
CUST018069,Central,Nagpur
CUST018070,East,Kolkata
CUST018071,East,Kolkata
CUST018072,East,Kolkata
CUST018073,South,Bengaluru
CUST018074,East,Kolkata
CUST018075,East,Kolkata
CUST018076,North,Delhi NCR
CUST018077,East,Kolkata
CUST018078,West,Mumbai
CUST018079,North,Delhi NCR
CUST018080,Central,Nagpur
CUST018081,Central,Nagpur
CUST018082,West,Mumbai
CUST018083,North,Delhi NCR
CUST018084,East,Kolkata
CUST018085,Central,Nagpur
CUST018086,North,Delhi NCR
CUST018087,West,Mumbai
CUST018088,Central,Nagpur
CUST018089,North,Delhi NCR
CUST018090,South,Bengaluru
CUST018091,West,Mumbai
CUST018092,Central,Nagpur
CUST018093,West,Mumbai
CUST018094,East,Kolkata
CUST018095,West,Mumbai
CUST018096,East,Kolkata
CUST018097,East,Kolkata
CUST018098,West,Mumbai
CUST018099,North,Delhi NCR
CUST018100,South,Bengaluru
CUST018101,North,Delhi NCR
CUST018102,West,Mumbai
CUST018103,West,Mumbai
CUST018104,North,Delhi NCR
CUST018105,North,Delhi NCR
CUST018106,South,Bengaluru
CUST018107,South,Bengaluru
CUST018108,East,Kolkata
CUST018109,East,Kolkata
CUST018110,South,Bengaluru
CUST018111,North,Delhi NCR
CUST018112,West,Mumbai
CUST018113,West,Mumbai
CUST018114,West,Mumbai
CUST018115,Central,Nagpur
CUST018116,Central,Nagpur
CUST018117,Central,Nagpur
CUST018118,West,Mumbai
CUST018119,North,Delhi NCR
CUST018120,South,Bengaluru
CUST018121,East,Kolkata
CUST018122,West,Mumbai
CUST018123,Central,Nagpur
CUST018124,West,Mumbai
CUST018125,South,Bengaluru
CUST018126,West,Mumbai
CUST018127,West,Mumbai
CUST018128,West,Mumbai
CUST018129,East,Kolkata
CUST018130,West,Mumbai
CUST018131,South,Bengaluru
CUST018132,South,Bengaluru
CUST018133,South,Bengaluru
CUST018134,South,Bengaluru
CUST018135,West,Mumbai
CUST018136,South,Bengaluru
CUST018137,North,Delhi NCR
CUST018138,North,Delhi NCR
CUST018139,Central,Nagpur
CUST018140,East,Kolkata
CUST018141,East,Kolkata
CUST018142,Central,Nagpur
CUST018143,North,Delhi NCR
CUST018144,Central,Nagpur
CUST018145,West,Mumbai
CUST018146,West,Mumbai
CUST018147,East,Kolkata
CUST018148,West,Mumbai
CUST018149,South,Bengaluru
CUST018150,South,Bengaluru
CUST018151,Central,Nagpur
CUST018152,South,Bengaluru
CUST018153,West,Mumbai
CUST018154,Central,Nagpur
CUST018155,East,Kolkata
CUST018156,South,Bengaluru
CUST018157,Central,Nagpur
CUST018158,Central,Nagpur
CUST018159,East,Kolkata
CUST018160,North,Delhi NCR
CUST018161,East,Kolkata
CUST018162,East,Kolkata
CUST018163,North,Delhi NCR
CUST018164,East,Kolkata
CUST018165,North,Delhi NCR
CUST018166,West,Mumbai
CUST018167,East,Kolkata
CUST018168,West,Mumbai
CUST018169,East,Kolkata
CUST018170,West,Mumbai
CUST018171,West,Mumbai
CUST018172,North,Delhi NCR
CUST018173,East,Kolkata
CUST018174,West,Mumbai
CUST018175,East,Kolkata
CUST018176,South,Bengaluru
CUST018177,Central,Nagpur
CUST018178,North,Delhi NCR
CUST018179,Central,Nagpur
CUST018180,West,Mumbai
CUST018181,South,Bengaluru
CUST018182,North,Delhi NCR
CUST018183,Central,Nagpur
CUST018184,East,Kolkata
CUST018185,Central,Nagpur
CUST018186,Central,Nagpur
CUST018187,North,Delhi NCR
CUST018188,West,Mumbai
CUST018189,South,Bengaluru
CUST018190,Central,Nagpur
CUST018191,South,Bengaluru
CUST018192,North,Delhi NCR
CUST018193,West,Mumbai
CUST018194,East,Kolkata
CUST018195,East,Kolkata
CUST018196,South,Bengaluru
CUST018197,East,Kolkata
CUST018198,Central,Nagpur
CUST018199,West,Mumbai
CUST018200,Central,Nagpur
CUST018201,South,Bengaluru
CUST018202,Central,Nagpur
CUST018203,South,Bengaluru
CUST018204,Central,Nagpur
CUST018205,Central,Nagpur
CUST018206,North,Delhi NCR
CUST018207,Central,Nagpur
CUST018208,West,Mumbai
CUST018209,West,Mumbai
CUST018210,East,Kolkata
CUST018211,South,Bengaluru
CUST018212,Central,Nagpur
CUST018213,North,Delhi NCR
CUST018214,Central,Nagpur
CUST018215,South,Bengaluru
CUST018216,West,Mumbai
CUST018217,East,Kolkata
CUST018218,South,Bengaluru
CUST018219,South,Bengaluru
CUST018220,South,Bengaluru
CUST018221,Central,Nagpur
CUST018222,West,Mumbai
CUST018223,West,Mumbai
CUST018224,West,Mumbai
CUST018225,East,Kolkata
CUST018226,Central,Nagpur
CUST018227,South,Bengaluru
CUST018228,Central,Nagpur
CUST018229,South,Bengaluru
CUST018230,South,Bengaluru
CUST018231,East,Kolkata
CUST018232,West,Mumbai
CUST018233,West,Mumbai
CUST018234,West,Mumbai
CUST018235,North,Delhi NCR
CUST018236,North,Delhi NCR
CUST018237,Central,Nagpur
CUST018238,Central,Nagpur
CUST018239,North,Delhi NCR
CUST018240,Central,Nagpur
CUST018241,South,Bengaluru
CUST018242,Central,Nagpur
CUST018243,Central,Nagpur
CUST018244,West,Mumbai
CUST018245,North,Delhi NCR
CUST018246,West,Mumbai
CUST018247,North,Delhi NCR
CUST018248,South,Bengaluru
CUST018249,West,Mumbai
CUST018250,North,Delhi NCR
CUST018251,South,Bengaluru
CUST018252,West,Mumbai
CUST018253,North,Delhi NCR
CUST018254,South,Bengaluru
CUST018255,North,Delhi NCR
CUST018256,West,Mumbai
CUST018257,North,Delhi NCR
CUST018258,South,Bengaluru
CUST018259,East,Kolkata
CUST018260,South,Bengaluru
CUST018261,South,Bengaluru
CUST018262,Central,Nagpur
CUST018263,West,Mumbai
CUST018264,North,Delhi NCR
CUST018265,Central,Nagpur
CUST018266,East,Kolkata
CUST018267,North,Delhi NCR
CUST018268,Central,Nagpur
CUST018269,South,Bengaluru
CUST018270,South,Bengaluru
CUST018271,North,Delhi NCR
CUST018272,Central,Nagpur
CUST018273,South,Bengaluru
CUST018274,East,Kolkata
CUST018275,South,Bengaluru
CUST018276,Central,Nagpur
CUST018277,West,Mumbai
CUST018278,East,Kolkata
CUST018279,South,Bengaluru
CUST018280,West,Mumbai
CUST018281,East,Kolkata
CUST018282,Central,Nagpur
CUST018283,West,Mumbai
CUST018284,North,Delhi NCR
CUST018285,Central,Nagpur
CUST018286,North,Delhi NCR
CUST018287,South,Bengaluru
CUST018288,East,Kolkata
CUST018289,South,Bengaluru
CUST018290,Central,Nagpur
CUST018291,Central,Nagpur
CUST018292,North,Delhi NCR
CUST018293,South,Bengaluru
CUST018294,South,Bengaluru
CUST018295,West,Mumbai
CUST018296,East,Kolkata
CUST018297,West,Mumbai
CUST018298,North,Delhi NCR
CUST018299,East,Kolkata
CUST018300,South,Bengaluru
CUST018301,South,Bengaluru
CUST018302,West,Mumbai
CUST018303,North,Delhi NCR
CUST018304,North,Delhi NCR
CUST018305,East,Kolkata
CUST018306,West,Mumbai
CUST018307,East,Kolkata
CUST018308,North,Delhi NCR
CUST018309,West,Mumbai
CUST018310,South,Bengaluru
CUST018311,West,Mumbai
CUST018312,South,Bengaluru
CUST018313,Central,Nagpur
CUST018314,South,Bengaluru
CUST018315,Central,Nagpur
CUST018316,South,Bengaluru
CUST018317,West,Mumbai
CUST018318,East,Kolkata
CUST018319,North,Delhi NCR
CUST018320,North,Delhi NCR
CUST018321,East,Kolkata
CUST018322,North,Delhi NCR
CUST018323,West,Mumbai
CUST018324,North,Delhi NCR
CUST018325,East,Kolkata
CUST018326,South,Bengaluru
CUST018327,North,Delhi NCR
CUST018328,South,Bengaluru
CUST018329,East,Kolkata
CUST018330,South,Bengaluru
CUST018331,South,Bengaluru
CUST018332,South,Bengaluru
CUST018333,South,Bengaluru
CUST018334,East,Kolkata
CUST018335,Central,Nagpur
CUST018336,East,Kolkata
CUST018337,East,Kolkata
CUST018338,West,Mumbai
CUST018339,East,Kolkata
CUST018340,Central,Nagpur
CUST018341,East,Kolkata
CUST018342,South,Bengaluru
CUST018343,East,Kolkata
CUST018344,West,Mumbai
CUST018345,South,Bengaluru
CUST018346,South,Bengaluru
CUST018347,East,Kolkata
CUST018348,Central,Nagpur
CUST018349,South,Bengaluru
CUST018350,East,Kolkata
CUST018351,West,Mumbai
CUST018352,West,Mumbai
CUST018353,North,Delhi NCR
CUST018354,South,Bengaluru
CUST018355,Central,Nagpur
CUST018356,Central,Nagpur
CUST018357,West,Mumbai
CUST018358,North,Delhi NCR
CUST018359,East,Kolkata
CUST018360,North,Delhi NCR
CUST018361,South,Bengaluru
CUST018362,Central,Nagpur
CUST018363,South,Bengaluru
CUST018364,North,Delhi NCR
CUST018365,West,Mumbai
CUST018366,West,Mumbai
CUST018367,West,Mumbai
CUST018368,Central,Nagpur
CUST018369,West,Mumbai
CUST018370,West,Mumbai
CUST018371,Central,Nagpur
CUST018372,South,Bengaluru
CUST018373,East,Kolkata
CUST018374,East,Kolkata
CUST018375,West,Mumbai
CUST018376,East,Kolkata
CUST018377,East,Kolkata
CUST018378,North,Delhi NCR
CUST018379,West,Mumbai
CUST018380,North,Delhi NCR
CUST018381,East,Kolkata
CUST018382,East,Kolkata
CUST018383,West,Mumbai
CUST018384,East,Kolkata
CUST018385,North,Delhi NCR
CUST018386,East,Kolkata
CUST018387,South,Bengaluru
CUST018388,South,Bengaluru
CUST018389,South,Bengaluru
CUST018390,North,Delhi NCR
CUST018391,Central,Nagpur
CUST018392,South,Bengaluru
CUST018393,East,Kolkata
CUST018394,Central,Nagpur
CUST018395,South,Bengaluru
CUST018396,Central,Nagpur
CUST018397,East,Kolkata
CUST018398,Central,Nagpur
CUST018399,East,Kolkata
CUST018400,North,Delhi NCR
CUST018401,Central,Nagpur
CUST018402,Central,Nagpur
CUST018403,Central,Nagpur
CUST018404,North,Delhi NCR
CUST018405,Central,Nagpur
CUST018406,South,Bengaluru
CUST018407,Central,Nagpur
CUST018408,Central,Nagpur
CUST018409,North,Delhi NCR
CUST018410,South,Bengaluru
CUST018411,South,Bengaluru
CUST018412,South,Bengaluru
CUST018413,East,Kolkata
CUST018414,East,Kolkata
CUST018415,West,Mumbai
CUST018416,West,Mumbai
CUST018417,South,Bengaluru
CUST018418,North,Delhi NCR
CUST018419,West,Mumbai
CUST018420,North,Delhi NCR
CUST018421,North,Delhi NCR
CUST018422,West,Mumbai
CUST018423,South,Bengaluru
CUST018424,North,Delhi NCR
CUST018425,South,Bengaluru
CUST018426,East,Kolkata
CUST018427,Central,Nagpur
CUST018428,Central,Nagpur
CUST018429,West,Mumbai
CUST018430,Central,Nagpur
CUST018431,East,Kolkata
CUST018432,East,Kolkata
CUST018433,Central,Nagpur
CUST018434,South,Bengaluru
CUST018435,Central,Nagpur
CUST018436,Central,Nagpur
CUST018437,South,Bengaluru
CUST018438,West,Mumbai
CUST018439,West,Mumbai
CUST018440,West,Mumbai
CUST018441,South,Bengaluru
CUST018442,Central,Nagpur
CUST018443,East,Kolkata
CUST018444,North,Delhi NCR
CUST018445,North,Delhi NCR
CUST018446,West,Mumbai
CUST018447,East,Kolkata
CUST018448,North,Delhi NCR
CUST018449,East,Kolkata
CUST018450,East,Kolkata
CUST018451,North,Delhi NCR
CUST018452,South,Bengaluru
CUST018453,East,Kolkata
CUST018454,West,Mumbai
CUST018455,West,Mumbai
CUST018456,North,Delhi NCR
CUST018457,West,Mumbai
CUST018458,Central,Nagpur
CUST018459,North,Delhi NCR
CUST018460,Central,Nagpur
CUST018461,North,Delhi NCR
CUST018462,West,Mumbai
CUST018463,South,Bengaluru
CUST018464,West,Mumbai
CUST018465,Central,Nagpur
CUST018466,Central,Nagpur
CUST018467,Central,Nagpur
CUST018468,Central,Nagpur
CUST018469,South,Bengaluru
CUST018470,East,Kolkata
CUST018471,West,Mumbai
CUST018472,North,Delhi NCR
CUST018473,East,Kolkata
CUST018474,East,Kolkata
CUST018475,Central,Nagpur
CUST018476,North,Delhi NCR
CUST018477,North,Delhi NCR
CUST018478,North,Delhi NCR
CUST018479,East,Kolkata
CUST018480,East,Kolkata
CUST018481,East,Kolkata
CUST018482,South,Bengaluru
CUST018483,South,Bengaluru
CUST018484,East,Kolkata
CUST018485,North,Delhi NCR
CUST018486,West,Mumbai
CUST018487,North,Delhi NCR
CUST018488,West,Mumbai
CUST018489,East,Kolkata
CUST018490,Central,Nagpur
CUST018491,West,Mumbai
CUST018492,East,Kolkata
CUST018493,West,Mumbai
CUST018494,North,Delhi NCR
CUST018495,North,Delhi NCR
CUST018496,East,Kolkata
CUST018497,Central,Nagpur
CUST018498,Central,Nagpur
CUST018499,South,Bengaluru
CUST018500,South,Bengaluru
CUST018501,Central,Nagpur
CUST018502,East,Kolkata
CUST018503,North,Delhi NCR
CUST018504,South,Bengaluru
CUST018505,Central,Nagpur
CUST018506,Central,Nagpur
CUST018507,Central,Nagpur
CUST018508,North,Delhi NCR
CUST018509,Central,Nagpur
CUST018510,North,Delhi NCR
CUST018511,Central,Nagpur
CUST018512,Central,Nagpur
CUST018513,South,Bengaluru
CUST018514,North,Delhi NCR
CUST018515,West,Mumbai
CUST018516,North,Delhi NCR
CUST018517,East,Kolkata
CUST018518,South,Bengaluru
CUST018519,East,Kolkata
CUST018520,Central,Nagpur
CUST018521,Central,Nagpur
CUST018522,East,Kolkata
CUST018523,South,Bengaluru
CUST018524,Central,Nagpur
CUST018525,East,Kolkata
CUST018526,North,Delhi NCR
CUST018527,Central,Nagpur
CUST018528,Central,Nagpur
CUST018529,South,Bengaluru
CUST018530,North,Delhi NCR
CUST018531,North,Delhi NCR
CUST018532,East,Kolkata
CUST018533,South,Bengaluru
CUST018534,West,Mumbai
CUST018535,West,Mumbai
CUST018536,North,Delhi NCR
CUST018537,Central,Nagpur
CUST018538,North,Delhi NCR
CUST018539,North,Delhi NCR
CUST018540,West,Mumbai
CUST018541,West,Mumbai
CUST018542,Central,Nagpur
CUST018543,East,Kolkata
CUST018544,East,Kolkata
CUST018545,West,Mumbai
CUST018546,West,Mumbai
CUST018547,West,Mumbai
CUST018548,South,Bengaluru
CUST018549,Central,Nagpur
CUST018550,South,Bengaluru
CUST018551,South,Bengaluru
CUST018552,South,Bengaluru
CUST018553,South,Bengaluru
CUST018554,South,Bengaluru
CUST018555,East,Kolkata
CUST018556,West,Mumbai
CUST018557,East,Kolkata
CUST018558,Central,Nagpur
CUST018559,East,Kolkata
CUST018560,East,Kolkata
CUST018561,North,Delhi NCR
CUST018562,Central,Nagpur
CUST018563,North,Delhi NCR
CUST018564,North,Delhi NCR
CUST018565,Central,Nagpur
CUST018566,East,Kolkata
CUST018567,North,Delhi NCR
CUST018568,East,Kolkata
CUST018569,East,Kolkata
CUST018570,North,Delhi NCR
CUST018571,West,Mumbai
CUST018572,West,Mumbai
CUST018573,North,Delhi NCR
CUST018574,West,Mumbai
CUST018575,South,Bengaluru
CUST018576,West,Mumbai
CUST018577,South,Bengaluru
CUST018578,South,Bengaluru
CUST018579,East,Kolkata
CUST018580,East,Kolkata
CUST018581,South,Bengaluru
CUST018582,Central,Nagpur
CUST018583,West,Mumbai
CUST018584,East,Kolkata
CUST018585,South,Bengaluru
CUST018586,East,Kolkata
CUST018587,North,Delhi NCR
CUST018588,Central,Nagpur
CUST018589,North,Delhi NCR
CUST018590,West,Mumbai
CUST018591,South,Bengaluru
CUST018592,West,Mumbai
CUST018593,South,Bengaluru
CUST018594,North,Delhi NCR
CUST018595,Central,Nagpur
CUST018596,West,Mumbai
CUST018597,North,Delhi NCR
CUST018598,North,Delhi NCR
CUST018599,East,Kolkata
CUST018600,Central,Nagpur
CUST018601,East,Kolkata
CUST018602,North,Delhi NCR
CUST018603,West,Mumbai
CUST018604,East,Kolkata
CUST018605,West,Mumbai
CUST018606,South,Bengaluru
CUST018607,North,Delhi NCR
CUST018608,North,Delhi NCR
CUST018609,West,Mumbai
CUST018610,West,Mumbai
CUST018611,South,Bengaluru
CUST018612,North,Delhi NCR
CUST018613,West,Mumbai
CUST018614,North,Delhi NCR
CUST018615,North,Delhi NCR
CUST018616,East,Kolkata
CUST018617,West,Mumbai
CUST018618,Central,Nagpur
CUST018619,West,Mumbai
CUST018620,Central,Nagpur
CUST018621,West,Mumbai
CUST018622,Central,Nagpur
CUST018623,North,Delhi NCR
CUST018624,North,Delhi NCR
CUST018625,West,Mumbai
CUST018626,Central,Nagpur
CUST018627,West,Mumbai
CUST018628,South,Bengaluru
CUST018629,East,Kolkata
CUST018630,North,Delhi NCR
CUST018631,South,Bengaluru
CUST018632,West,Mumbai
CUST018633,North,Delhi NCR
CUST018634,East,Kolkata
CUST018635,South,Bengaluru
CUST018636,East,Kolkata
CUST018637,West,Mumbai
CUST018638,Central,Nagpur
CUST018639,East,Kolkata
CUST018640,Central,Nagpur
CUST018641,West,Mumbai
CUST018642,Central,Nagpur
CUST018643,West,Mumbai
CUST018644,East,Kolkata
CUST018645,West,Mumbai
CUST018646,South,Bengaluru
CUST018647,West,Mumbai
CUST018648,West,Mumbai
CUST018649,West,Mumbai
CUST018650,North,Delhi NCR
CUST018651,East,Kolkata
CUST018652,West,Mumbai
CUST018653,North,Delhi NCR
CUST018654,West,Mumbai
CUST018655,Central,Nagpur
CUST018656,East,Kolkata
CUST018657,Central,Nagpur
CUST018658,Central,Nagpur
CUST018659,East,Kolkata
CUST018660,Central,Nagpur
CUST018661,Central,Nagpur
CUST018662,North,Delhi NCR
CUST018663,Central,Nagpur
CUST018664,North,Delhi NCR
CUST018665,East,Kolkata
CUST018666,Central,Nagpur
CUST018667,West,Mumbai
CUST018668,South,Bengaluru
CUST018669,West,Mumbai
CUST018670,South,Bengaluru
CUST018671,South,Bengaluru
CUST018672,Central,Nagpur
CUST018673,North,Delhi NCR
CUST018674,Central,Nagpur
CUST018675,East,Kolkata
CUST018676,North,Delhi NCR
CUST018677,West,Mumbai
CUST018678,North,Delhi NCR
CUST018679,South,Bengaluru
CUST018680,South,Bengaluru
CUST018681,West,Mumbai
CUST018682,South,Bengaluru
CUST018683,West,Mumbai
CUST018684,North,Delhi NCR
CUST018685,West,Mumbai
CUST018686,West,Mumbai
CUST018687,South,Bengaluru
CUST018688,Central,Nagpur
CUST018689,East,Kolkata
CUST018690,West,Mumbai
CUST018691,North,Delhi NCR
CUST018692,Central,Nagpur
CUST018693,South,Bengaluru
CUST018694,West,Mumbai
CUST018695,North,Delhi NCR
CUST018696,North,Delhi NCR
CUST018697,North,Delhi NCR
CUST018698,Central,Nagpur
CUST018699,South,Bengaluru
CUST018700,Central,Nagpur
CUST018701,East,Kolkata
CUST018702,North,Delhi NCR
CUST018703,East,Kolkata
CUST018704,East,Kolkata
CUST018705,South,Bengaluru
CUST018706,West,Mumbai
CUST018707,Central,Nagpur
CUST018708,Central,Nagpur
CUST018709,East,Kolkata
CUST018710,Central,Nagpur
CUST018711,Central,Nagpur
CUST018712,North,Delhi NCR
CUST018713,West,Mumbai
CUST018714,West,Mumbai
CUST018715,North,Delhi NCR
CUST018716,West,Mumbai
CUST018717,Central,Nagpur
CUST018718,South,Bengaluru
CUST018719,Central,Nagpur
CUST018720,Central,Nagpur
CUST018721,West,Mumbai
CUST018722,West,Mumbai
CUST018723,East,Kolkata
CUST018724,East,Kolkata
CUST018725,East,Kolkata
CUST018726,East,Kolkata
CUST018727,East,Kolkata
CUST018728,Central,Nagpur
CUST018729,West,Mumbai
CUST018730,South,Bengaluru
CUST018731,East,Kolkata
CUST018732,South,Bengaluru
CUST018733,North,Delhi NCR
CUST018734,South,Bengaluru
CUST018735,North,Delhi NCR
CUST018736,Central,Nagpur
CUST018737,North,Delhi NCR
CUST018738,South,Bengaluru
CUST018739,South,Bengaluru
CUST018740,South,Bengaluru
CUST018741,South,Bengaluru
CUST018742,West,Mumbai
CUST018743,Central,Nagpur
CUST018744,North,Delhi NCR
CUST018745,South,Bengaluru
CUST018746,East,Kolkata
CUST018747,South,Bengaluru
CUST018748,West,Mumbai
CUST018749,South,Bengaluru
CUST018750,East,Kolkata
CUST018751,East,Kolkata
CUST018752,South,Bengaluru
CUST018753,West,Mumbai
CUST018754,West,Mumbai
CUST018755,East,Kolkata
CUST018756,East,Kolkata
CUST018757,Central,Nagpur
CUST018758,Central,Nagpur
CUST018759,Central,Nagpur
CUST018760,North,Delhi NCR
CUST018761,Central,Nagpur
CUST018762,Central,Nagpur
CUST018763,Central,Nagpur
CUST018764,West,Mumbai
CUST018765,South,Bengaluru
CUST018766,West,Mumbai
CUST018767,East,Kolkata
CUST018768,Central,Nagpur
CUST018769,South,Bengaluru
CUST018770,West,Mumbai
CUST018771,West,Mumbai
CUST018772,Central,Nagpur
CUST018773,North,Delhi NCR
CUST018774,Central,Nagpur
CUST018775,South,Bengaluru
CUST018776,Central,Nagpur
CUST018777,North,Delhi NCR
CUST018778,South,Bengaluru
CUST018779,West,Mumbai
CUST018780,East,Kolkata
CUST018781,West,Mumbai
CUST018782,East,Kolkata
CUST018783,North,Delhi NCR
CUST018784,West,Mumbai
CUST018785,East,Kolkata
CUST018786,East,Kolkata
CUST018787,South,Bengaluru
CUST018788,Central,Nagpur
CUST018789,West,Mumbai
CUST018790,North,Delhi NCR
CUST018791,North,Delhi NCR
CUST018792,North,Delhi NCR
CUST018793,North,Delhi NCR
CUST018794,West,Mumbai
CUST018795,West,Mumbai
CUST018796,East,Kolkata
CUST018797,East,Kolkata
CUST018798,Central,Nagpur
CUST018799,Central,Nagpur
CUST018800,East,Kolkata
CUST018801,East,Kolkata
CUST018802,East,Kolkata
CUST018803,Central,Nagpur
CUST018804,West,Mumbai
CUST018805,South,Bengaluru
CUST018806,Central,Nagpur
CUST018807,South,Bengaluru
CUST018808,West,Mumbai
CUST018809,Central,Nagpur
CUST018810,Central,Nagpur
CUST018811,North,Delhi NCR
CUST018812,South,Bengaluru
CUST018813,West,Mumbai
CUST018814,North,Delhi NCR
CUST018815,North,Delhi NCR
CUST018816,South,Bengaluru
CUST018817,East,Kolkata
CUST018818,North,Delhi NCR
CUST018819,North,Delhi NCR
CUST018820,South,Bengaluru
CUST018821,East,Kolkata
CUST018822,East,Kolkata
CUST018823,West,Mumbai
CUST018824,Central,Nagpur
CUST018825,North,Delhi NCR
CUST018826,West,Mumbai
CUST018827,North,Delhi NCR
CUST018828,South,Bengaluru
CUST018829,South,Bengaluru
CUST018830,West,Mumbai
CUST018831,South,Bengaluru
CUST018832,Central,Nagpur
CUST018833,South,Bengaluru
CUST018834,Central,Nagpur
CUST018835,Central,Nagpur
CUST018836,East,Kolkata
CUST018837,North,Delhi NCR
CUST018838,West,Mumbai
CUST018839,East,Kolkata
CUST018840,South,Bengaluru
CUST018841,East,Kolkata
CUST018842,South,Bengaluru
CUST018843,South,Bengaluru
CUST018844,Central,Nagpur
CUST018845,South,Bengaluru
CUST018846,East,Kolkata
CUST018847,West,Mumbai
CUST018848,South,Bengaluru
CUST018849,West,Mumbai
CUST018850,Central,Nagpur
CUST018851,Central,Nagpur
CUST018852,North,Delhi NCR
CUST018853,East,Kolkata
CUST018854,North,Delhi NCR
CUST018855,West,Mumbai
CUST018856,South,Bengaluru
CUST018857,Central,Nagpur
CUST018858,North,Delhi NCR
CUST018859,Central,Nagpur
CUST018860,South,Bengaluru
CUST018861,Central,Nagpur
CUST018862,North,Delhi NCR
CUST018863,South,Bengaluru
CUST018864,South,Bengaluru
CUST018865,Central,Nagpur
CUST018866,West,Mumbai
CUST018867,Central,Nagpur
CUST018868,East,Kolkata
CUST018869,West,Mumbai
CUST018870,West,Mumbai
CUST018871,West,Mumbai
CUST018872,Central,Nagpur
CUST018873,Central,Nagpur
CUST018874,East,Kolkata
CUST018875,East,Kolkata
CUST018876,West,Mumbai
CUST018877,West,Mumbai
CUST018878,Central,Nagpur
CUST018879,West,Mumbai
CUST018880,Central,Nagpur
CUST018881,West,Mumbai
CUST018882,Central,Nagpur
CUST018883,West,Mumbai
CUST018884,Central,Nagpur
CUST018885,North,Delhi NCR
CUST018886,Central,Nagpur
CUST018887,South,Bengaluru
CUST018888,West,Mumbai
CUST018889,South,Bengaluru
CUST018890,East,Kolkata
CUST018891,West,Mumbai
CUST018892,East,Kolkata
CUST018893,West,Mumbai
CUST018894,North,Delhi NCR
CUST018895,Central,Nagpur
CUST018896,East,Kolkata
CUST018897,West,Mumbai
CUST018898,South,Bengaluru
CUST018899,East,Kolkata
CUST018900,East,Kolkata
CUST018901,North,Delhi NCR
CUST018902,East,Kolkata
CUST018903,West,Mumbai
CUST018904,Central,Nagpur
CUST018905,Central,Nagpur
CUST018906,South,Bengaluru
CUST018907,West,Mumbai
CUST018908,North,Delhi NCR
CUST018909,Central,Nagpur
CUST018910,Central,Nagpur
CUST018911,Central,Nagpur
CUST018912,East,Kolkata
CUST018913,South,Bengaluru
CUST018914,West,Mumbai
CUST018915,West,Mumbai
CUST018916,South,Bengaluru
CUST018917,East,Kolkata
CUST018918,West,Mumbai
CUST018919,East,Kolkata
CUST018920,South,Bengaluru
CUST018921,South,Bengaluru
CUST018922,East,Kolkata
CUST018923,South,Bengaluru
CUST018924,South,Bengaluru
CUST018925,North,Delhi NCR
CUST018926,South,Bengaluru
CUST018927,West,Mumbai
CUST018928,South,Bengaluru
CUST018929,North,Delhi NCR
CUST018930,Central,Nagpur
CUST018931,East,Kolkata
CUST018932,East,Kolkata
CUST018933,East,Kolkata
CUST018934,East,Kolkata
CUST018935,East,Kolkata
CUST018936,West,Mumbai
CUST018937,Central,Nagpur
CUST018938,Central,Nagpur
CUST018939,East,Kolkata
CUST018940,South,Bengaluru
CUST018941,North,Delhi NCR
CUST018942,East,Kolkata
CUST018943,Central,Nagpur
CUST018944,South,Bengaluru
CUST018945,Central,Nagpur
CUST018946,West,Mumbai
CUST018947,West,Mumbai
CUST018948,East,Kolkata
CUST018949,West,Mumbai
CUST018950,North,Delhi NCR
CUST018951,North,Delhi NCR
CUST018952,North,Delhi NCR
CUST018953,West,Mumbai
CUST018954,East,Kolkata
CUST018955,South,Bengaluru
CUST018956,North,Delhi NCR
CUST018957,East,Kolkata
CUST018958,South,Bengaluru
CUST018959,North,Delhi NCR
CUST018960,North,Delhi NCR
CUST018961,West,Mumbai
CUST018962,West,Mumbai
CUST018963,South,Bengaluru
CUST018964,East,Kolkata
CUST018965,South,Bengaluru
CUST018966,East,Kolkata
CUST018967,North,Delhi NCR
CUST018968,Central,Nagpur
CUST018969,West,Mumbai
CUST018970,Central,Nagpur
CUST018971,South,Bengaluru
CUST018972,Central,Nagpur
CUST018973,East,Kolkata
CUST018974,North,Delhi NCR
CUST018975,South,Bengaluru
CUST018976,Central,Nagpur
CUST018977,West,Mumbai
CUST018978,West,Mumbai
CUST018979,South,Bengaluru
CUST018980,West,Mumbai
CUST018981,Central,Nagpur
CUST018982,North,Delhi NCR
CUST018983,South,Bengaluru
CUST018984,North,Delhi NCR
CUST018985,North,Delhi NCR
CUST018986,Central,Nagpur
CUST018987,South,Bengaluru
CUST018988,North,Delhi NCR
CUST018989,North,Delhi NCR
CUST018990,Central,Nagpur
CUST018991,East,Kolkata
CUST018992,West,Mumbai
CUST018993,South,Bengaluru
CUST018994,West,Mumbai
CUST018995,Central,Nagpur
CUST018996,West,Mumbai
CUST018997,East,Kolkata
CUST018998,South,Bengaluru
CUST018999,South,Bengaluru
CUST019000,East,Kolkata
CUST019001,East,Kolkata
CUST019002,North,Delhi NCR
CUST019003,North,Delhi NCR
CUST019004,East,Kolkata
CUST019005,North,Delhi NCR
CUST019006,East,Kolkata
CUST019007,South,Bengaluru
CUST019008,South,Bengaluru
CUST019009,North,Delhi NCR
CUST019010,East,Kolkata
CUST019011,North,Delhi NCR
CUST019012,West,Mumbai
CUST019013,Central,Nagpur
CUST019014,Central,Nagpur
CUST019015,West,Mumbai
CUST019016,Central,Nagpur
CUST019017,Central,Nagpur
CUST019018,West,Mumbai
CUST019019,South,Bengaluru
CUST019020,East,Kolkata
CUST019021,Central,Nagpur
CUST019022,West,Mumbai
CUST019023,South,Bengaluru
CUST019024,North,Delhi NCR
CUST019025,North,Delhi NCR
CUST019026,South,Bengaluru
CUST019027,Central,Nagpur
CUST019028,East,Kolkata
CUST019029,North,Delhi NCR
CUST019030,Central,Nagpur
CUST019031,East,Kolkata
CUST019032,South,Bengaluru
CUST019033,Central,Nagpur
CUST019034,South,Bengaluru
CUST019035,West,Mumbai
CUST019036,Central,Nagpur
CUST019037,East,Kolkata
CUST019038,West,Mumbai
CUST019039,South,Bengaluru
CUST019040,Central,Nagpur
CUST019041,North,Delhi NCR
CUST019042,South,Bengaluru
CUST019043,Central,Nagpur
CUST019044,East,Kolkata
CUST019045,North,Delhi NCR
CUST019046,East,Kolkata
CUST019047,South,Bengaluru
CUST019048,East,Kolkata
CUST019049,South,Bengaluru
CUST019050,South,Bengaluru
CUST019051,Central,Nagpur
CUST019052,North,Delhi NCR
CUST019053,West,Mumbai
CUST019054,North,Delhi NCR
CUST019055,East,Kolkata
CUST019056,West,Mumbai
CUST019057,Central,Nagpur
CUST019058,South,Bengaluru
CUST019059,North,Delhi NCR
CUST019060,West,Mumbai
CUST019061,Central,Nagpur
CUST019062,East,Kolkata
CUST019063,North,Delhi NCR
CUST019064,East,Kolkata
CUST019065,South,Bengaluru
CUST019066,East,Kolkata
CUST019067,North,Delhi NCR
CUST019068,South,Bengaluru
CUST019069,Central,Nagpur
CUST019070,North,Delhi NCR
CUST019071,Central,Nagpur
CUST019072,East,Kolkata
CUST019073,East,Kolkata
CUST019074,Central,Nagpur
CUST019075,South,Bengaluru
CUST019076,Central,Nagpur
CUST019077,South,Bengaluru
CUST019078,South,Bengaluru
CUST019079,East,Kolkata
CUST019080,West,Mumbai
CUST019081,South,Bengaluru
CUST019082,West,Mumbai
CUST019083,North,Delhi NCR
CUST019084,West,Mumbai
CUST019085,West,Mumbai
CUST019086,East,Kolkata
CUST019087,West,Mumbai
CUST019088,West,Mumbai
CUST019089,Central,Nagpur
CUST019090,South,Bengaluru
CUST019091,East,Kolkata
CUST019092,East,Kolkata
CUST019093,South,Bengaluru
CUST019094,Central,Nagpur
CUST019095,East,Kolkata
CUST019096,East,Kolkata
CUST019097,North,Delhi NCR
CUST019098,East,Kolkata
CUST019099,West,Mumbai
CUST019100,East,Kolkata
CUST019101,West,Mumbai
CUST019102,North,Delhi NCR
CUST019103,North,Delhi NCR
CUST019104,South,Bengaluru
CUST019105,South,Bengaluru
CUST019106,Central,Nagpur
CUST019107,Central,Nagpur
CUST019108,East,Kolkata
CUST019109,East,Kolkata
CUST019110,South,Bengaluru
CUST019111,East,Kolkata
CUST019112,West,Mumbai
CUST019113,West,Mumbai
CUST019114,Central,Nagpur
CUST019115,East,Kolkata
CUST019116,South,Bengaluru
CUST019117,North,Delhi NCR
CUST019118,West,Mumbai
CUST019119,Central,Nagpur
CUST019120,East,Kolkata
CUST019121,Central,Nagpur
CUST019122,South,Bengaluru
CUST019123,North,Delhi NCR
CUST019124,West,Mumbai
CUST019125,North,Delhi NCR
CUST019126,North,Delhi NCR
CUST019127,West,Mumbai
CUST019128,East,Kolkata
CUST019129,West,Mumbai
CUST019130,West,Mumbai
CUST019131,South,Bengaluru
CUST019132,West,Mumbai
CUST019133,East,Kolkata
CUST019134,East,Kolkata
CUST019135,West,Mumbai
CUST019136,South,Bengaluru
CUST019137,East,Kolkata
CUST019138,East,Kolkata
CUST019139,North,Delhi NCR
CUST019140,South,Bengaluru
CUST019141,North,Delhi NCR
CUST019142,North,Delhi NCR
CUST019143,East,Kolkata
CUST019144,Central,Nagpur
CUST019145,Central,Nagpur
CUST019146,West,Mumbai
CUST019147,East,Kolkata
CUST019148,South,Bengaluru
CUST019149,South,Bengaluru
CUST019150,West,Mumbai
CUST019151,Central,Nagpur
CUST019152,Central,Nagpur
CUST019153,South,Bengaluru
CUST019154,East,Kolkata
CUST019155,East,Kolkata
CUST019156,North,Delhi NCR
CUST019157,North,Delhi NCR
CUST019158,North,Delhi NCR
CUST019159,West,Mumbai
CUST019160,South,Bengaluru
CUST019161,West,Mumbai
CUST019162,South,Bengaluru
CUST019163,West,Mumbai
CUST019164,North,Delhi NCR
CUST019165,South,Bengaluru
CUST019166,South,Bengaluru
CUST019167,East,Kolkata
CUST019168,East,Kolkata
CUST019169,North,Delhi NCR
CUST019170,West,Mumbai
CUST019171,Central,Nagpur
CUST019172,North,Delhi NCR
CUST019173,North,Delhi NCR
CUST019174,Central,Nagpur
CUST019175,West,Mumbai
CUST019176,Central,Nagpur
CUST019177,West,Mumbai
CUST019178,West,Mumbai
CUST019179,North,Delhi NCR
CUST019180,East,Kolkata
CUST019181,South,Bengaluru
CUST019182,Central,Nagpur
CUST019183,North,Delhi NCR
CUST019184,North,Delhi NCR
CUST019185,East,Kolkata
CUST019186,Central,Nagpur
CUST019187,Central,Nagpur
CUST019188,East,Kolkata
CUST019189,East,Kolkata
CUST019190,South,Bengaluru
CUST019191,Central,Nagpur
CUST019192,North,Delhi NCR
CUST019193,North,Delhi NCR
CUST019194,East,Kolkata
CUST019195,South,Bengaluru
CUST019196,East,Kolkata
CUST019197,Central,Nagpur
CUST019198,South,Bengaluru
CUST019199,Central,Nagpur
CUST019200,South,Bengaluru
CUST019201,South,Bengaluru
CUST019202,North,Delhi NCR
CUST019203,West,Mumbai
CUST019204,Central,Nagpur
CUST019205,Central,Nagpur
CUST019206,North,Delhi NCR
CUST019207,West,Mumbai
CUST019208,North,Delhi NCR
CUST019209,West,Mumbai
CUST019210,West,Mumbai
CUST019211,North,Delhi NCR
CUST019212,North,Delhi NCR
CUST019213,North,Delhi NCR
CUST019214,West,Mumbai
CUST019215,West,Mumbai
CUST019216,North,Delhi NCR
CUST019217,East,Kolkata
CUST019218,West,Mumbai
CUST019219,South,Bengaluru
CUST019220,West,Mumbai
CUST019221,South,Bengaluru
CUST019222,South,Bengaluru
CUST019223,South,Bengaluru
CUST019224,South,Bengaluru
CUST019225,East,Kolkata
CUST019226,South,Bengaluru
CUST019227,South,Bengaluru
CUST019228,West,Mumbai
CUST019229,South,Bengaluru
CUST019230,West,Mumbai
CUST019231,North,Delhi NCR
CUST019232,North,Delhi NCR
CUST019233,Central,Nagpur
CUST019234,East,Kolkata
CUST019235,West,Mumbai
CUST019236,West,Mumbai
CUST019237,North,Delhi NCR
CUST019238,Central,Nagpur
CUST019239,East,Kolkata
CUST019240,Central,Nagpur
CUST019241,East,Kolkata
CUST019242,East,Kolkata
CUST019243,West,Mumbai
CUST019244,North,Delhi NCR
CUST019245,West,Mumbai
CUST019246,Central,Nagpur
CUST019247,West,Mumbai
CUST019248,North,Delhi NCR
CUST019249,West,Mumbai
CUST019250,North,Delhi NCR
CUST019251,North,Delhi NCR
CUST019252,South,Bengaluru
CUST019253,South,Bengaluru
CUST019254,North,Delhi NCR
CUST019255,North,Delhi NCR
CUST019256,West,Mumbai
CUST019257,East,Kolkata
CUST019258,North,Delhi NCR
CUST019259,East,Kolkata
CUST019260,West,Mumbai
CUST019261,West,Mumbai
CUST019262,South,Bengaluru
CUST019263,North,Delhi NCR
CUST019264,Central,Nagpur
CUST019265,West,Mumbai
CUST019266,Central,Nagpur
CUST019267,South,Bengaluru
CUST019268,North,Delhi NCR
CUST019269,South,Bengaluru
CUST019270,South,Bengaluru
CUST019271,West,Mumbai
CUST019272,West,Mumbai
CUST019273,North,Delhi NCR
CUST019274,East,Kolkata
CUST019275,South,Bengaluru
CUST019276,West,Mumbai
CUST019277,South,Bengaluru
CUST019278,East,Kolkata
CUST019279,West,Mumbai
CUST019280,South,Bengaluru
CUST019281,North,Delhi NCR
CUST019282,West,Mumbai
CUST019283,Central,Nagpur
CUST019284,East,Kolkata
CUST019285,Central,Nagpur
CUST019286,North,Delhi NCR
CUST019287,Central,Nagpur
CUST019288,Central,Nagpur
CUST019289,South,Bengaluru
CUST019290,North,Delhi NCR
CUST019291,West,Mumbai
CUST019292,Central,Nagpur
CUST019293,North,Delhi NCR
CUST019294,West,Mumbai
CUST019295,Central,Nagpur
CUST019296,North,Delhi NCR
CUST019297,East,Kolkata
CUST019298,North,Delhi NCR
CUST019299,North,Delhi NCR
CUST019300,East,Kolkata
CUST019301,South,Bengaluru
CUST019302,North,Delhi NCR
CUST019303,Central,Nagpur
CUST019304,South,Bengaluru
CUST019305,Central,Nagpur
CUST019306,North,Delhi NCR
CUST019307,East,Kolkata
CUST019308,West,Mumbai
CUST019309,East,Kolkata
CUST019310,East,Kolkata
CUST019311,West,Mumbai
CUST019312,North,Delhi NCR
CUST019313,Central,Nagpur
CUST019314,West,Mumbai
CUST019315,West,Mumbai
CUST019316,East,Kolkata
CUST019317,South,Bengaluru
CUST019318,East,Kolkata
CUST019319,West,Mumbai
CUST019320,Central,Nagpur
CUST019321,Central,Nagpur
CUST019322,North,Delhi NCR
CUST019323,North,Delhi NCR
CUST019324,Central,Nagpur
CUST019325,South,Bengaluru
CUST019326,East,Kolkata
CUST019327,North,Delhi NCR
CUST019328,North,Delhi NCR
CUST019329,East,Kolkata
CUST019330,West,Mumbai
CUST019331,West,Mumbai
CUST019332,Central,Nagpur
CUST019333,North,Delhi NCR
CUST019334,South,Bengaluru
CUST019335,East,Kolkata
CUST019336,East,Kolkata
CUST019337,North,Delhi NCR
CUST019338,East,Kolkata
CUST019339,Central,Nagpur
CUST019340,North,Delhi NCR
CUST019341,Central,Nagpur
CUST019342,East,Kolkata
CUST019343,East,Kolkata
CUST019344,West,Mumbai
CUST019345,West,Mumbai
CUST019346,West,Mumbai
CUST019347,North,Delhi NCR
CUST019348,South,Bengaluru
CUST019349,Central,Nagpur
CUST019350,North,Delhi NCR
CUST019351,West,Mumbai
CUST019352,East,Kolkata
CUST019353,North,Delhi NCR
CUST019354,North,Delhi NCR
CUST019355,Central,Nagpur
CUST019356,North,Delhi NCR
CUST019357,North,Delhi NCR
CUST019358,North,Delhi NCR
CUST019359,West,Mumbai
CUST019360,Central,Nagpur
CUST019361,North,Delhi NCR
CUST019362,West,Mumbai
CUST019363,West,Mumbai
CUST019364,South,Bengaluru
CUST019365,North,Delhi NCR
CUST019366,East,Kolkata
CUST019367,North,Delhi NCR
CUST019368,North,Delhi NCR
CUST019369,East,Kolkata
CUST019370,Central,Nagpur
CUST019371,Central,Nagpur
CUST019372,West,Mumbai
CUST019373,South,Bengaluru
CUST019374,South,Bengaluru
CUST019375,West,Mumbai
CUST019376,North,Delhi NCR
CUST019377,East,Kolkata
CUST019378,West,Mumbai
CUST019379,Central,Nagpur
CUST019380,North,Delhi NCR
CUST019381,South,Bengaluru
CUST019382,South,Bengaluru
CUST019383,East,Kolkata
CUST019384,North,Delhi NCR
CUST019385,Central,Nagpur
CUST019386,Central,Nagpur
CUST019387,South,Bengaluru
CUST019388,East,Kolkata
CUST019389,East,Kolkata
CUST019390,North,Delhi NCR
CUST019391,Central,Nagpur
CUST019392,West,Mumbai
CUST019393,South,Bengaluru
CUST019394,East,Kolkata
CUST019395,South,Bengaluru
CUST019396,South,Bengaluru
CUST019397,South,Bengaluru
CUST019398,North,Delhi NCR
CUST019399,Central,Nagpur
CUST019400,West,Mumbai
CUST019401,Central,Nagpur
CUST019402,North,Delhi NCR
CUST019403,West,Mumbai
CUST019404,East,Kolkata
CUST019405,West,Mumbai
CUST019406,Central,Nagpur
CUST019407,South,Bengaluru
CUST019408,North,Delhi NCR
CUST019409,North,Delhi NCR
CUST019410,East,Kolkata
CUST019411,North,Delhi NCR
CUST019412,North,Delhi NCR
CUST019413,North,Delhi NCR
CUST019414,South,Bengaluru
CUST019415,North,Delhi NCR
CUST019416,East,Kolkata
CUST019417,West,Mumbai
CUST019418,South,Bengaluru
CUST019419,North,Delhi NCR
CUST019420,East,Kolkata
CUST019421,North,Delhi NCR
CUST019422,West,Mumbai
CUST019423,South,Bengaluru
CUST019424,East,Kolkata
CUST019425,South,Bengaluru
CUST019426,South,Bengaluru
CUST019427,North,Delhi NCR
CUST019428,East,Kolkata
CUST019429,North,Delhi NCR
CUST019430,West,Mumbai
CUST019431,South,Bengaluru
CUST019432,East,Kolkata
CUST019433,East,Kolkata
CUST019434,West,Mumbai
CUST019435,West,Mumbai
CUST019436,East,Kolkata
CUST019437,Central,Nagpur
CUST019438,South,Bengaluru
CUST019439,West,Mumbai
CUST019440,South,Bengaluru
CUST019441,West,Mumbai
CUST019442,East,Kolkata
CUST019443,Central,Nagpur
CUST019444,South,Bengaluru
CUST019445,East,Kolkata
CUST019446,North,Delhi NCR
CUST019447,West,Mumbai
CUST019448,North,Delhi NCR
CUST019449,East,Kolkata
CUST019450,North,Delhi NCR
CUST019451,South,Bengaluru
CUST019452,East,Kolkata
CUST019453,South,Bengaluru
CUST019454,South,Bengaluru
CUST019455,North,Delhi NCR
CUST019456,West,Mumbai
CUST019457,West,Mumbai
CUST019458,East,Kolkata
CUST019459,North,Delhi NCR
CUST019460,North,Delhi NCR
CUST019461,West,Mumbai
CUST019462,Central,Nagpur
CUST019463,Central,Nagpur
CUST019464,East,Kolkata
CUST019465,East,Kolkata
CUST019466,North,Delhi NCR
CUST019467,North,Delhi NCR
CUST019468,West,Mumbai
CUST019469,East,Kolkata
CUST019470,East,Kolkata
CUST019471,South,Bengaluru
CUST019472,South,Bengaluru
CUST019473,Central,Nagpur
CUST019474,Central,Nagpur
CUST019475,West,Mumbai
CUST019476,South,Bengaluru
CUST019477,West,Mumbai
CUST019478,South,Bengaluru
CUST019479,East,Kolkata
CUST019480,North,Delhi NCR
CUST019481,West,Mumbai
CUST019482,North,Delhi NCR
CUST019483,West,Mumbai
CUST019484,West,Mumbai
CUST019485,North,Delhi NCR
CUST019486,East,Kolkata
CUST019487,South,Bengaluru
CUST019488,East,Kolkata
CUST019489,North,Delhi NCR
CUST019490,West,Mumbai
CUST019491,East,Kolkata
CUST019492,South,Bengaluru
CUST019493,Central,Nagpur
CUST019494,West,Mumbai
CUST019495,West,Mumbai
CUST019496,North,Delhi NCR
CUST019497,East,Kolkata
CUST019498,West,Mumbai
CUST019499,Central,Nagpur
CUST019500,West,Mumbai
CUST019501,North,Delhi NCR
CUST019502,West,Mumbai
CUST019503,North,Delhi NCR
CUST019504,South,Bengaluru
CUST019505,Central,Nagpur
CUST019506,Central,Nagpur
CUST019507,Central,Nagpur
CUST019508,South,Bengaluru
CUST019509,West,Mumbai
CUST019510,West,Mumbai
CUST019511,South,Bengaluru
CUST019512,Central,Nagpur
CUST019513,Central,Nagpur
CUST019514,North,Delhi NCR
CUST019515,West,Mumbai
CUST019516,East,Kolkata
CUST019517,West,Mumbai
CUST019518,East,Kolkata
CUST019519,South,Bengaluru
CUST019520,North,Delhi NCR
CUST019521,East,Kolkata
CUST019522,Central,Nagpur
CUST019523,Central,Nagpur
CUST019524,South,Bengaluru
CUST019525,Central,Nagpur
CUST019526,South,Bengaluru
CUST019527,East,Kolkata
CUST019528,South,Bengaluru
CUST019529,East,Kolkata
CUST019530,East,Kolkata
CUST019531,West,Mumbai
CUST019532,East,Kolkata
CUST019533,East,Kolkata
CUST019534,West,Mumbai
CUST019535,East,Kolkata
CUST019536,East,Kolkata
CUST019537,North,Delhi NCR
CUST019538,Central,Nagpur
CUST019539,North,Delhi NCR
CUST019540,Central,Nagpur
CUST019541,West,Mumbai
CUST019542,Central,Nagpur
CUST019543,North,Delhi NCR
CUST019544,South,Bengaluru
CUST019545,North,Delhi NCR
CUST019546,East,Kolkata
CUST019547,Central,Nagpur
CUST019548,West,Mumbai
CUST019549,West,Mumbai
CUST019550,Central,Nagpur
CUST019551,North,Delhi NCR
CUST019552,West,Mumbai
CUST019553,South,Bengaluru
CUST019554,West,Mumbai
CUST019555,West,Mumbai
CUST019556,West,Mumbai
CUST019557,East,Kolkata
CUST019558,West,Mumbai
CUST019559,East,Kolkata
CUST019560,West,Mumbai
CUST019561,East,Kolkata
CUST019562,South,Bengaluru
CUST019563,South,Bengaluru
CUST019564,South,Bengaluru
CUST019565,West,Mumbai
CUST019566,Central,Nagpur
CUST019567,North,Delhi NCR
CUST019568,North,Delhi NCR
CUST019569,East,Kolkata
CUST019570,West,Mumbai
CUST019571,North,Delhi NCR
CUST019572,South,Bengaluru
CUST019573,North,Delhi NCR
CUST019574,North,Delhi NCR
CUST019575,North,Delhi NCR
CUST019576,West,Mumbai
CUST019577,Central,Nagpur
CUST019578,East,Kolkata
CUST019579,North,Delhi NCR
CUST019580,Central,Nagpur
CUST019581,South,Bengaluru
CUST019582,North,Delhi NCR
CUST019583,North,Delhi NCR
CUST019584,South,Bengaluru
CUST019585,West,Mumbai
CUST019586,South,Bengaluru
CUST019587,East,Kolkata
CUST019588,South,Bengaluru
CUST019589,Central,Nagpur
CUST019590,West,Mumbai
CUST019591,West,Mumbai
CUST019592,East,Kolkata
CUST019593,East,Kolkata
CUST019594,Central,Nagpur
CUST019595,West,Mumbai
CUST019596,Central,Nagpur
CUST019597,North,Delhi NCR
CUST019598,Central,Nagpur
CUST019599,Central,Nagpur
CUST019600,West,Mumbai
CUST019601,Central,Nagpur
CUST019602,East,Kolkata
CUST019603,South,Bengaluru
CUST019604,West,Mumbai
CUST019605,West,Mumbai
CUST019606,North,Delhi NCR
CUST019607,South,Bengaluru
CUST019608,South,Bengaluru
CUST019609,East,Kolkata
CUST019610,North,Delhi NCR
CUST019611,West,Mumbai
CUST019612,North,Delhi NCR
CUST019613,Central,Nagpur
CUST019614,West,Mumbai
CUST019615,South,Bengaluru
CUST019616,South,Bengaluru
CUST019617,West,Mumbai
CUST019618,North,Delhi NCR
CUST019619,West,Mumbai
CUST019620,East,Kolkata
CUST019621,South,Bengaluru
CUST019622,Central,Nagpur
CUST019623,West,Mumbai
CUST019624,North,Delhi NCR
CUST019625,West,Mumbai
CUST019626,East,Kolkata
CUST019627,West,Mumbai
CUST019628,East,Kolkata
CUST019629,Central,Nagpur
CUST019630,Central,Nagpur
CUST019631,North,Delhi NCR
CUST019632,East,Kolkata
CUST019633,South,Bengaluru
CUST019634,East,Kolkata
CUST019635,North,Delhi NCR
CUST019636,East,Kolkata
CUST019637,North,Delhi NCR
CUST019638,West,Mumbai
CUST019639,East,Kolkata
CUST019640,Central,Nagpur
CUST019641,Central,Nagpur
CUST019642,West,Mumbai
CUST019643,East,Kolkata
CUST019644,West,Mumbai
CUST019645,West,Mumbai
CUST019646,North,Delhi NCR
CUST019647,South,Bengaluru
CUST019648,Central,Nagpur
CUST019649,South,Bengaluru
CUST019650,North,Delhi NCR
CUST019651,Central,Nagpur
CUST019652,Central,Nagpur
CUST019653,West,Mumbai
CUST019654,West,Mumbai
CUST019655,South,Bengaluru
CUST019656,South,Bengaluru
CUST019657,Central,Nagpur
CUST019658,Central,Nagpur
CUST019659,East,Kolkata
CUST019660,South,Bengaluru
CUST019661,North,Delhi NCR
CUST019662,North,Delhi NCR
CUST019663,East,Kolkata
CUST019664,East,Kolkata
CUST019665,West,Mumbai
CUST019666,Central,Nagpur
CUST019667,South,Bengaluru
CUST019668,North,Delhi NCR
CUST019669,Central,Nagpur
CUST019670,West,Mumbai
CUST019671,East,Kolkata
CUST019672,North,Delhi NCR
CUST019673,East,Kolkata
CUST019674,West,Mumbai
CUST019675,Central,Nagpur
CUST019676,East,Kolkata
CUST019677,East,Kolkata
CUST019678,South,Bengaluru
CUST019679,East,Kolkata
CUST019680,North,Delhi NCR
CUST019681,North,Delhi NCR
CUST019682,West,Mumbai
CUST019683,South,Bengaluru
CUST019684,Central,Nagpur
CUST019685,South,Bengaluru
CUST019686,Central,Nagpur
CUST019687,North,Delhi NCR
CUST019688,North,Delhi NCR
CUST019689,East,Kolkata
CUST019690,Central,Nagpur
CUST019691,North,Delhi NCR
CUST019692,East,Kolkata
CUST019693,South,Bengaluru
CUST019694,West,Mumbai
CUST019695,East,Kolkata
CUST019696,West,Mumbai
CUST019697,South,Bengaluru
CUST019698,South,Bengaluru
CUST019699,West,Mumbai
CUST019700,South,Bengaluru
CUST019701,West,Mumbai
CUST019702,North,Delhi NCR
CUST019703,South,Bengaluru
CUST019704,North,Delhi NCR
CUST019705,North,Delhi NCR
CUST019706,South,Bengaluru
CUST019707,East,Kolkata
CUST019708,North,Delhi NCR
CUST019709,North,Delhi NCR
CUST019710,Central,Nagpur
CUST019711,East,Kolkata
CUST019712,West,Mumbai
CUST019713,West,Mumbai
CUST019714,North,Delhi NCR
CUST019715,West,Mumbai
CUST019716,Central,Nagpur
CUST019717,East,Kolkata
CUST019718,Central,Nagpur
CUST019719,Central,Nagpur
CUST019720,East,Kolkata
CUST019721,North,Delhi NCR
CUST019722,West,Mumbai
CUST019723,Central,Nagpur
CUST019724,East,Kolkata
CUST019725,Central,Nagpur
CUST019726,East,Kolkata
CUST019727,East,Kolkata
CUST019728,Central,Nagpur
CUST019729,North,Delhi NCR
CUST019730,East,Kolkata
CUST019731,North,Delhi NCR
CUST019732,West,Mumbai
CUST019733,Central,Nagpur
CUST019734,Central,Nagpur
CUST019735,South,Bengaluru
CUST019736,West,Mumbai
CUST019737,Central,Nagpur
CUST019738,Central,Nagpur
CUST019739,East,Kolkata
CUST019740,North,Delhi NCR
CUST019741,East,Kolkata
CUST019742,West,Mumbai
CUST019743,West,Mumbai
CUST019744,South,Bengaluru
CUST019745,South,Bengaluru
CUST019746,West,Mumbai
CUST019747,East,Kolkata
CUST019748,East,Kolkata
CUST019749,Central,Nagpur
CUST019750,North,Delhi NCR
CUST019751,South,Bengaluru
CUST019752,Central,Nagpur
CUST019753,Central,Nagpur
CUST019754,South,Bengaluru
CUST019755,Central,Nagpur
CUST019756,South,Bengaluru
CUST019757,North,Delhi NCR
CUST019758,South,Bengaluru
CUST019759,East,Kolkata
CUST019760,North,Delhi NCR
CUST019761,North,Delhi NCR
CUST019762,West,Mumbai
CUST019763,West,Mumbai
CUST019764,West,Mumbai
CUST019765,Central,Nagpur
CUST019766,South,Bengaluru
CUST019767,Central,Nagpur
CUST019768,South,Bengaluru
CUST019769,Central,Nagpur
CUST019770,West,Mumbai
CUST019771,South,Bengaluru
CUST019772,South,Bengaluru
CUST019773,East,Kolkata
CUST019774,East,Kolkata
CUST019775,South,Bengaluru
CUST019776,South,Bengaluru
CUST019777,Central,Nagpur
CUST019778,West,Mumbai
CUST019779,North,Delhi NCR
CUST019780,West,Mumbai
CUST019781,North,Delhi NCR
CUST019782,East,Kolkata
CUST019783,North,Delhi NCR
CUST019784,West,Mumbai
CUST019785,North,Delhi NCR
CUST019786,South,Bengaluru
CUST019787,North,Delhi NCR
CUST019788,North,Delhi NCR
CUST019789,North,Delhi NCR
CUST019790,East,Kolkata
CUST019791,Central,Nagpur
CUST019792,South,Bengaluru
CUST019793,West,Mumbai
CUST019794,East,Kolkata
CUST019795,South,Bengaluru
CUST019796,North,Delhi NCR
CUST019797,West,Mumbai
CUST019798,North,Delhi NCR
CUST019799,East,Kolkata
CUST019800,North,Delhi NCR
CUST019801,West,Mumbai
CUST019802,Central,Nagpur
CUST019803,South,Bengaluru
CUST019804,South,Bengaluru
CUST019805,East,Kolkata
CUST019806,East,Kolkata
CUST019807,South,Bengaluru
CUST019808,South,Bengaluru
CUST019809,North,Delhi NCR
CUST019810,South,Bengaluru
CUST019811,East,Kolkata
CUST019812,West,Mumbai
CUST019813,West,Mumbai
CUST019814,East,Kolkata
CUST019815,West,Mumbai
CUST019816,East,Kolkata
CUST019817,South,Bengaluru
CUST019818,South,Bengaluru
CUST019819,East,Kolkata
CUST019820,South,Bengaluru
CUST019821,West,Mumbai
CUST019822,North,Delhi NCR
CUST019823,North,Delhi NCR
CUST019824,East,Kolkata
CUST019825,North,Delhi NCR
CUST019826,North,Delhi NCR
CUST019827,South,Bengaluru
CUST019828,North,Delhi NCR
CUST019829,South,Bengaluru
CUST019830,East,Kolkata
CUST019831,South,Bengaluru
CUST019832,Central,Nagpur
CUST019833,North,Delhi NCR
CUST019834,West,Mumbai
CUST019835,East,Kolkata
CUST019836,West,Mumbai
CUST019837,West,Mumbai
CUST019838,North,Delhi NCR
CUST019839,West,Mumbai
CUST019840,South,Bengaluru
CUST019841,West,Mumbai
CUST019842,South,Bengaluru
CUST019843,South,Bengaluru
CUST019844,West,Mumbai
CUST019845,Central,Nagpur
CUST019846,Central,Nagpur
CUST019847,West,Mumbai
CUST019848,East,Kolkata
CUST019849,East,Kolkata
CUST019850,Central,Nagpur
CUST019851,South,Bengaluru
CUST019852,Central,Nagpur
CUST019853,West,Mumbai
CUST019854,West,Mumbai
CUST019855,East,Kolkata
CUST019856,Central,Nagpur
CUST019857,West,Mumbai
CUST019858,North,Delhi NCR
CUST019859,West,Mumbai
CUST019860,West,Mumbai
CUST019861,Central,Nagpur
CUST019862,Central,Nagpur
CUST019863,Central,Nagpur
CUST019864,North,Delhi NCR
CUST019865,West,Mumbai
CUST019866,Central,Nagpur
CUST019867,Central,Nagpur
CUST019868,East,Kolkata
CUST019869,Central,Nagpur
CUST019870,Central,Nagpur
CUST019871,North,Delhi NCR
CUST019872,Central,Nagpur
CUST019873,West,Mumbai
CUST019874,East,Kolkata
CUST019875,North,Delhi NCR
CUST019876,Central,Nagpur
CUST019877,South,Bengaluru
CUST019878,East,Kolkata
CUST019879,South,Bengaluru
CUST019880,Central,Nagpur
CUST019881,East,Kolkata
CUST019882,North,Delhi NCR
CUST019883,North,Delhi NCR
CUST019884,Central,Nagpur
CUST019885,South,Bengaluru
CUST019886,West,Mumbai
CUST019887,North,Delhi NCR
CUST019888,Central,Nagpur
CUST019889,West,Mumbai
CUST019890,South,Bengaluru
CUST019891,Central,Nagpur
CUST019892,South,Bengaluru
CUST019893,Central,Nagpur
CUST019894,East,Kolkata
CUST019895,East,Kolkata
CUST019896,North,Delhi NCR
CUST019897,South,Bengaluru
CUST019898,North,Delhi NCR
CUST019899,Central,Nagpur
CUST019900,North,Delhi NCR
CUST019901,North,Delhi NCR
CUST019902,North,Delhi NCR
CUST019903,Central,Nagpur
CUST019904,Central,Nagpur
CUST019905,West,Mumbai
CUST019906,North,Delhi NCR
CUST019907,East,Kolkata
CUST019908,Central,Nagpur
CUST019909,North,Delhi NCR
CUST019910,West,Mumbai
CUST019911,North,Delhi NCR
CUST019912,Central,Nagpur
CUST019913,East,Kolkata
CUST019914,Central,Nagpur
CUST019915,East,Kolkata
CUST019916,West,Mumbai
CUST019917,Central,Nagpur
CUST019918,South,Bengaluru
CUST019919,West,Mumbai
CUST019920,East,Kolkata
CUST019921,East,Kolkata
CUST019922,West,Mumbai
CUST019923,South,Bengaluru
CUST019924,North,Delhi NCR
CUST019925,East,Kolkata
CUST019926,Central,Nagpur
CUST019927,North,Delhi NCR
CUST019928,South,Bengaluru
CUST019929,West,Mumbai
CUST019930,East,Kolkata
CUST019931,West,Mumbai
CUST019932,East,Kolkata
CUST019933,Central,Nagpur
CUST019934,Central,Nagpur
CUST019935,East,Kolkata
CUST019936,East,Kolkata
CUST019937,South,Bengaluru
CUST019938,East,Kolkata
CUST019939,Central,Nagpur
CUST019940,East,Kolkata
CUST019941,West,Mumbai
CUST019942,East,Kolkata
CUST019943,West,Mumbai
CUST019944,West,Mumbai
CUST019945,East,Kolkata
CUST019946,Central,Nagpur
CUST019947,Central,Nagpur
CUST019948,North,Delhi NCR
CUST019949,South,Bengaluru
CUST019950,Central,Nagpur
CUST019951,East,Kolkata
CUST019952,South,Bengaluru
CUST019953,West,Mumbai
CUST019954,West,Mumbai
CUST019955,North,Delhi NCR
CUST019956,North,Delhi NCR
CUST019957,Central,Nagpur
CUST019958,West,Mumbai
CUST019959,South,Bengaluru
CUST019960,Central,Nagpur
CUST019961,North,Delhi NCR
CUST019962,Central,Nagpur
CUST019963,North,Delhi NCR
CUST019964,West,Mumbai
CUST019965,Central,Nagpur
CUST019966,West,Mumbai
CUST019967,West,Mumbai
CUST019968,South,Bengaluru
CUST019969,South,Bengaluru
CUST019970,South,Bengaluru
CUST019971,North,Delhi NCR
CUST019972,South,Bengaluru
CUST019973,South,Bengaluru
CUST019974,West,Mumbai
CUST019975,South,Bengaluru
CUST019976,North,Delhi NCR
CUST019977,West,Mumbai
CUST019978,East,Kolkata
CUST019979,South,Bengaluru
CUST019980,West,Mumbai
CUST019981,South,Bengaluru
CUST019982,West,Mumbai
CUST019983,North,Delhi NCR
CUST019984,East,Kolkata
CUST019985,East,Kolkata
CUST019986,South,Bengaluru
CUST019987,West,Mumbai
CUST019988,South,Bengaluru
CUST019989,West,Mumbai
CUST019990,South,Bengaluru
CUST019991,East,Kolkata
CUST019992,West,Mumbai
CUST019993,Central,Nagpur
CUST019994,South,Bengaluru
CUST019995,East,Kolkata
CUST019996,East,Kolkata
CUST019997,Central,Nagpur
CUST019998,Central,Nagpur
CUST019999,West,Mumbai
CUST020000,Central,Nagpur
